x,y
-7.659058613341325099e+02,1.099688268721156874e+03
-9.286744754955265080e+02,-1.776287539775626101e+02
-1.167705858565274411e+03,1.419775863577999644e+03
1.942675362710730269e+02,7.224879032734037310e+02
-2.743427898920805319e+02,-1.273060687990122460e+03
1.306242071920255967e+03,1.900699988342660163e+03
1.093289214424595457e+03,1.006723729431538459e+03
-9.447191330919871461e+02,1.111035859615374193e+03
4.936724175903464129e+01,-1.203619769012416327e+03
-8.144506096494723124e+01,-1.318434139481882994e+02
8.160802403245594405e+02,-5.028108484397864686e+02
-9.598025591517798603e+02,1.638543598308767287e+03
4.157698087948560328e+02,5.353928659172040625e+02
-1.549651566649698680e+03,1.260927494242855119e+03
-8.784467586904725067e+02,-1.760580166762409249e+02
-6.910656578000487116e+02,-9.850391644119683860e+02
-4.316437728250704708e+02,2.567929415476115196e+02
-6.284723210962715712e+02,-1.275191977594755144e+03
1.801303688599737598e+03,1.302828822193069982e+03
4.199165061502543494e+02,4.826954509619477562e+02
-1.346229462522622271e+03,9.999347987266577320e+02
7.046030485422022593e+02,-5.615662726808843672e+02
6.311045455781993496e+01,1.810323110522822844e+03
1.284043099412622269e+02,1.499731034757792258e+03
1.144446721667763995e+03,1.068830551842497243e+03
-8.600389678263750284e+02,-1.043603300730827868e+03
1.693100730905590012e+02,-9.434055917881494224e+00
-3.063484673888800103e+02,-1.367091173410968622e+03
3.518228282430180798e+02,-1.134224178375498241e+03
-4.269379393747129825e+01,6.937908221725882640e+02
5.993551770458321926e+02,9.360648643887628850e+02
-1.446316950812120467e+03,1.885076060641495133e+03
-6.437336200170730081e+02,-6.151673905384436694e+02
6.520378209903549305e+02,-4.920124206863664540e+02
5.907242949187701697e+02,-3.245809061423585717e+00
-9.010545850981737885e+02,-1.089907459851927797e+03
-1.285179920283752608e+02,-1.181692736543488536e+03
-8.075308221674096103e+02,1.805134373054585240e+01
-9.811386501740312269e+02,-9.970251904027854835e+02
4.366639224069106717e+02,6.103790712721303180e+02
-6.857856258773508671e+02,-2.179763189487255204e+02
-1.597173207516200137e+03,1.290672019403253898e+03
4.813510597998003959e+01,7.142591514773698691e+02
6.049403252121015839e+02,-6.695830967717427029e+02
7.005823937334440643e+02,1.325781935314586917e+03
-1.437720267396611916e+03,1.273137986485332931e+03
-1.224543350011580856e+02,-4.505411945927616557e+02
-1.076879182060316225e+03,-7.371027728757859450e+02
-6.401942925587889022e+02,7.030273882415110620e+02
-1.261620616356114510e+02,-1.163447635763118797e+03
-7.356342916959877130e+02,-1.055625252383810221e+03
-3.882670830788666194e+02,-1.515360237725737079e+03
-1.056570667041885827e+03,1.130020782407171964e+03
-1.069564780138387050e+02,6.048721792917802986e+02
2.454975587202045517e+02,7.334549466600668666e+02
-1.380301649091472427e+03,1.101389176488313524e+03
6.409650079359971642e+02,-5.058474957527636207e+01
-6.976753422230469823e+02,3.130254118171083633e+02
-6.448905726805463701e+01,-1.152714593107201381e+03
-8.460497385790158660e+02,-1.218893876645420505e+03
4.679220510484904594e+02,5.905317077728153663e+02
-8.070232084492909053e+02,-4.667414652396075780e+00
-6.317372688172542894e+02,3.095812971504059874e+02
-9.971375742545815228e+02,1.057687334770013877e+03
-6.368482788973932429e+02,4.950177124715304444e+02
4.081118006671374587e+02,2.529916132719296229e+02
4.506351104225024073e+02,2.729754314767245660e+02
5.555881178096149142e+02,-6.794038400778902087e+02
-8.562650425520246245e+00,-1.406305007164362451e+03
-9.439394362510744259e+02,-1.984470749079048346e+02
5.543992550828801313e+02,-1.019416719838922972e+03
-8.883544838062341569e+02,-3.681720969966346502e+02
5.762124501557440226e+02,1.419429548959647036e+03
6.680188825423147136e+02,-9.496919236612777695e+02
-7.455617438794889722e+02,-1.311835927807764620e+03
7.033085903682541584e+02,-7.502656256403254247e+02
-1.063992723706926654e+03,-7.149785076795419627e+02
-2.961932785245394939e+02,6.252581361946874949e+02
-1.852240881065318945e+02,2.709670499758223627e+02
7.935319495995810257e+02,1.117192171758762242e+03
-6.383496173329956491e+02,5.968338740930784070e+02
-9.645302946767384356e+02,-3.795891623694515715e+02
-1.493012731785645883e+03,1.233904222837777525e+03
2.364912841947625566e+02,-1.112147625591814631e+03
3.590195710971838139e+02,-1.444051871355030016e+03
3.931847033511681389e+02,-1.281087613066022186e+03
2.153600148184781915e+02,8.053731079723121411e+02
1.773770592153471171e+02,-5.672544830405655603e+01
-2.262528437981700336e+01,-1.111395127116598815e+03
-2.229108987451951407e+01,1.212667144781491402e+02
-8.237575969127898361e+02,-1.129145361762253742e+03
5.046651020345873917e+02,7.093226854938478709e+02
-8.827002707028209443e+02,-1.349832244453270391e+02
-3.718202505531533575e+02,-4.440585369779182656e+02
8.324323692091041949e+02,-7.056276361437912783e+02
4.363923612031115340e+02,4.562908594454270883e+02
8.572818330956715727e+02,-5.337572111814182563e+02
5.802907283522404214e+02,-1.267826419385301961e+03
-4.220713090285022417e+02,-1.203617275020235411e+03
4.170775481731729428e+02,1.956858496550622704e+03
-1.880995601718907892e+03,1.596528198116534895e+03
-1.851805754306397489e+02,7.496224473987996362e+02
-7.553971185991374568e+02,-8.353534421978654336e+02
-1.028856456841593172e+03,1.826207777107106267e+03
-1.243421838542380101e+03,1.097810072743623095e+03
-1.064788488526070864e+02,7.928092287980990704e+02
6.244308682865840865e+02,-1.188509622316931313e+02
-6.730141087769976593e+02,-8.009611348195095388e+02
-5.787619033671453508e+02,-1.242449730464950562e+03
1.263566009548353122e+03,1.544790093590459492e+03
-8.655641094873125212e+02,-7.811275318423440694e+01
-7.991514846204906917e+02,-1.029695748361365986e+03
-9.747173351448598169e+02,-6.997777923853124094e+02
-5.180685095143758190e+02,3.273890273169553211e+02
-2.396941915981238935e+02,-1.088629993976369406e+03
1.808663242754412749e+03,1.418199077549749745e+03
-8.577026364350207359e+02,9.878954937368382616e+02
7.608937272326420498e+02,7.785591591379159127e+02
7.301473319360360392e+02,-2.355481436408035734e+02
-2.478267461936670202e+02,4.802959135151775172e+02
4.306111691079763659e+02,3.359590406452818456e+02
-8.943889699201122312e+01,5.346955727447351592e+02
1.363422642348012914e+01,-1.228789904515515900e+03
-9.294693247258762767e+02,-3.131336579135486886e+02
-3.194889123334394299e+02,-1.379796067922989323e+03
-7.196043133261750882e+02,9.265171615649080650e+01
3.676726570484277090e+02,-6.163510808235236027e+02
-6.663347339334586650e+02,-1.156366706616360716e+03
-1.924732392562202676e+02,-1.222053689392460910e+03
-5.722072296082728826e+01,3.795778300842707154e+02
-7.128983426308820981e+02,-1.075786566996721831e+03
1.240651601341140122e+03,1.662748421633210683e+03
-5.164960169592736747e+02,3.459562322076689611e+02
-1.023938464370143720e+03,-5.617679965471606920e+02
-5.201207051532126115e+02,3.785105965294965813e+02
4.065291253263191606e+02,-1.421614645072560506e+03
1.694293296481664129e+03,1.769523569815435167e+03
-6.807996742791948463e+02,5.865542976127983366e+01
8.794737370503793272e+02,1.094435047532157341e+03
-7.522769400175383225e+02,-1.263640352661290990e+03
6.638765803244598374e+02,9.184421545900960382e+01
-6.139754524601303274e+02,1.025195542411930205e+02
-1.094125976856955731e+03,1.754945469559136654e+03
-1.816480651540425129e+02,3.033420555646435446e+02
-7.958719571032257818e+02,3.753210890445814130e+01
6.400339108036746438e+02,-8.007953726407529302e+02
3.361099899407511771e+02,-6.196726027632331579e+02
-1.595399376713837114e+02,1.963707037879350992e+02
-5.316601197028450088e+02,-1.432683501174770299e+03
1.762039287715062983e+03,1.290343380682377301e+03
7.523275961337310491e+02,1.549094514667110616e+03
1.646861979293205991e+02,-1.153307118682655982e+03
-7.079132411531384150e+02,2.779835509953571204e+02
-8.064471373761052746e+02,-1.218138637431427469e+03
1.978610631209005533e+02,6.136700518091498679e+02
6.092136914668014924e+02,-7.789778025278849327e+02
-1.826800735612201265e+02,5.856559332673413110e+02
5.699876772151225168e+02,8.187016198289740032e+02
-8.863325055131025465e+02,1.043062653223146299e+03
3.954860819434938435e+02,-1.229387054612448992e+03
-1.249237148377904759e+03,1.617677527862014131e+03
6.169524097719056499e+02,-9.696642914672860343e+02
-7.152698351115060404e+02,-1.375168956042740547e+03
-2.791888828878211370e+02,2.437549757238974735e+02
-9.768133847204097719e+02,-5.143955736123316456e+02
6.965837486297670011e+02,1.306537231520530895e+03
7.990039920500993276e+02,1.216611088509003366e+03
-1.014255368018973513e+02,-6.113421787375968961e+02
-1.800777321917099925e+03,1.778887733827849615e+03
7.435597635233295932e+02,-7.424082487940183910e+02
-3.778655659412677892e+02,2.016366072196930759e+02
-9.270511537456800397e+02,-8.735924431342907610e+02
1.310872260188771179e+03,1.744151179171972217e+03
4.246286104364415337e+02,-1.111400181401736972e+03
3.774795752340330068e+02,-1.379175120002110361e+03
-7.782214369466397557e+02,-2.244943790903477066e+02
-1.639506144070987375e+03,1.972235457141466213e+03
-7.923166959865588979e+02,1.540194200691983042e+03
9.168091523612736182e+02,1.002048936899920477e+03
1.533881759568392226e+03,1.576995682935998502e+03
1.749460799709054299e+03,1.557841155551227985e+03
6.518507537921578887e+01,1.841966811757743017e+02
8.045301832768342365e+02,-6.496415089363136985e+02
-1.171588741451182386e+03,1.049222925010514018e+03
-6.375205783482940660e+02,5.772944847393881673e+02
1.432180220178710783e+02,-4.992325293542631925e+02
-1.694861087446082593e+02,-1.247067767174850360e+03
-9.299188888105079513e+02,9.426594231383285205e+02
6.346732734857556579e+02,-8.594382212395863689e+02
-8.071869835894301559e+02,1.735367914334075294e+03
-7.898424426410654178e+02,-9.487658105976520346e+02
-7.898737592342534981e+02,-1.183802540618452440e+03
7.130167334693589964e+02,1.297601055261343845e+03
-3.929225055424674906e+02,-1.150878893750825455e+03
-6.756359650005695130e+02,-1.076752644439317237e+03
-3.934222241215698546e+02,3.952167278901484337e+02
-1.696179006826486102e+03,1.475554008501614589e+03
2.148737706620022436e+02,-1.055003039451022005e+03
-9.757141538953444524e+02,-6.684737173451674153e+02
-1.276269985727592029e+03,1.072172275374895889e+03
-4.291571565295279811e+02,1.853190108665853131e+03
-4.919316515535209078e+02,1.305372280726120948e+02
6.758342692112768191e+02,-1.140518128999405235e+03
7.320148310012058346e+01,-1.474533693748888254e+03
-1.061510833622068617e+02,-9.630235784517046795e+02
-4.001163502984618958e+02,-1.180756008935414684e+03
1.296909017122843011e+02,6.403438427531824573e+02
7.693885708288235037e+01,-1.178551330377048998e+03
3.239240940468428676e+02,1.176504546293415387e+02
-1.903032984808464789e+02,7.108551610647316465e+02
-4.859726888537889522e+02,3.448474477818388095e+02
-8.352941289706457155e+02,-1.013055295088918911e+03
-9.808436083767343234e+02,1.174529885111991234e+03
-8.652308219733456554e+02,7.855728621839165271e+02
-1.036733472957479535e+03,9.110798224805495238e+02
-8.756205055531027028e+02,-1.137608293396965337e+03
-1.271487432581619714e+02,-1.203033208217988204e+03
-1.197608293468901820e+03,1.645021504903539153e+03
6.972667349643671741e+02,-4.130751502123121099e+02
-8.236573828300024616e+02,-7.227381667384340744e+02
-7.245265003917040758e+01,7.020098012924762543e+01
3.134536628387286328e+02,5.706312682742606057e+02
-1.159407689440360855e+03,1.816488469240088079e+03
5.194804742493079175e+02,-7.317276601099090385e+02
-1.889391586911327181e+02,1.723256762361235815e+03
-3.000522136780969618e+02,-1.424437489495853924e+03
3.199857484304666855e+02,2.959728300779815413e+02
-1.571898961631725911e+02,4.973442953118586729e+02
-3.699442531717295424e+02,-1.196684343283274757e+03
2.014169624515650980e+02,-1.142630689170825917e+03
-7.386936243792899859e+02,-2.954593445663223861e+02
-1.429800503704525454e+03,1.849120607189131078e+03
-9.816089168379761531e+01,4.073423282777591226e+02
8.800850195029568113e+01,1.705424770978054312e+03
7.943208967468694937e+02,1.179560759674416204e+03
-6.613926707391550508e+02,-1.901216891498194173e+01
-1.009286430057349889e+03,1.085786090967404107e+03
-1.448487695275409237e+02,-1.435288935820560255e+03
-4.229046430564102366e+02,-1.224557114294852454e+03
-1.063440565364503072e+03,1.323518796765860770e+03
-1.247235878252062776e+03,1.188697518782289535e+03
-9.172663566655503473e+02,-9.580845923692477299e+02
1.963604586635401006e+02,1.691972335843203723e+02
4.987272337583573290e+02,4.036901803442356140e+02
-1.639325287190952622e+03,1.474516391920548813e+03
-2.422901540569702661e+02,4.062235275450959193e+02
6.881577399893308211e+02,-3.496034213435535776e+02
7.940385000942643501e+02,-4.915482988047338608e+02
-7.667589341725454233e+02,-2.584084516675974896e+02
-6.367604353357563696e+02,5.280749515881410616e+02
1.862164670941899203e+03,1.468412952966449438e+03
-1.049411804656566005e+02,-6.229021133308918934e+01
-6.171185097376769590e+02,-9.246332311989190202e+02
-3.099880067596561162e+02,-9.705186185414811462e+02
8.053079431701530666e+02,8.894000174544743231e+02
-1.104773827644785342e+03,1.237403804269347347e+03
-7.981586604467214556e+02,-1.233818618352875092e+03
3.241090083352031570e+02,-1.297074381167527918e+03
3.719355697841854180e+02,3.617033502526939515e+02
2.948803426703511832e+02,-1.158604842388584530e+03
9.662017142388305047e+02,1.253161066620383508e+03
-8.865253680875046030e+02,-6.463321940055061532e+02
6.288008496051509155e+02,-1.157263010174196552e+03
1.542673361713648319e+03,1.681593875887856484e+03
-7.242597143569809077e+02,-1.111267437871097854e+03
-8.179225136388628243e+02,-7.550678365841037021e+02
-1.100354045273189740e+02,-1.114131202027237578e+03
-3.446714183079484428e+02,-1.192932172779323537e+03
1.200884659816068734e+02,-1.438052213614195807e+03
-1.320604502727329077e+02,-1.340680817634565756e+03
3.520080257040106630e+02,-1.090015578482892579e+03
-1.100066105079596923e+02,-1.331055085473867166e+03
-4.266378700314629668e+02,3.583043412137146788e+02
3.173215195501126118e+02,6.707189854722105338e+02
-7.630619552117041167e+02,-3.670979917621278332e+02
-9.675280087416697370e+02,-6.188545537804787955e+02
5.310045553963789189e+01,1.463003161094212601e+02
-1.162046513377157225e+03,1.459977294952049760e+03
1.838043705694759637e+03,1.388554825666003126e+03
-4.638367471720513890e+02,-1.346932640123506644e+03
5.026625973569591110e+02,-1.083775220616251772e+03
-7.475394800687922725e+01,-9.732203024611674209e+02
-4.776129708668096896e+02,-9.189865681914143352e+02
-4.328146623405379501e+02,3.308546995816683989e+02
6.065262758223053652e+02,-3.055738320437384914e+02
-9.547069986259344887e+01,-1.349181586946192965e+03
6.152071019296272425e+00,-5.015991736404311041e+02
-6.724215452581561294e+02,2.015290700342274022e+02
4.415547760849162273e+02,-1.241778266238126662e+03
6.840305361548473684e+02,1.319086233761439644e+03
3.056875879684872643e+02,-1.361646136730737453e+03
1.543063387934941488e+02,1.705217235846147332e+03
-8.140799531603342984e+02,-1.250998326604928479e+03
-1.701245532169375792e+03,1.386247070750811190e+03
1.652540973054621645e+03,1.516036660029983977e+03
-1.471587142096750767e+03,1.916278513339992742e+03
-1.345818045719606289e+03,1.194061261872006980e+03
1.155075528192269303e+03,1.082964340114358947e+03
-5.541337421697367063e+02,5.253238783195990891e+02
-9.280449925288245367e+02,1.085628613044295889e+03
-3.070832220328298945e+01,-1.152109886598339699e+03
3.268001543840057366e+01,2.163001972984517352e+02
4.772117696680837184e+02,1.227427775246161445e+02
5.134128672168151297e+02,1.433707548235634476e+03
-6.246056951800667321e+02,-6.266376175126424641e+01
7.415968518226696915e+02,-4.526122237598676179e+02
-1.902073426708741977e+02,5.095574814736085045e+02
-9.757249258653980633e+02,-8.388424096010371613e+02
-1.056555331559536626e+02,-1.164733440655405730e+03
1.432858814100629274e+02,4.114725528148738931e+01
-7.439525166392977553e+02,-3.274828894344327068e+02
-9.760048306395016198e+02,-9.704856528419624055e+02
4.024034701840710682e+02,-5.044934455394951556e+02
-1.072778632432609129e+03,-5.054502170562750507e+02
-8.860227978289908606e+02,-6.174195003797772188e+02
-8.003322954864033818e+02,-4.771550996483694007e+02
-2.713719058880695911e+02,6.752134870299261138e+02
-9.005357975285128305e+02,-7.128652559366429387e+02
1.108070248833107144e+03,1.681869116907572561e+03
-5.250544165215603698e+02,1.619215752190166313e+03
5.359025585460337879e+02,1.980600395317310358e+01
6.036930004992342447e+02,-6.127084580686499748e+02
-1.273868254503861408e+02,2.273874772729070060e+02
-1.514120521113312634e+03,1.369881144570418883e+03
-1.604324613322816617e+02,5.680863166555434418e+02
8.346199813375147869e+02,1.163423699217972853e+03
5.658381382431798556e-02,2.184764787322802704e+02
3.482149179520069993e+02,4.711350916391486976e+02
7.821376540796001109e+02,-7.423004876147590494e+02
6.204115227750634176e+02,8.889532669355747885e+02
-7.670569998301715486e+02,-1.036761445960147739e+03
2.029892573389000177e+02,6.814805249967071177e+02
5.461317644578969066e+02,1.450389957321777274e+03
-1.859103156027509840e+02,-1.182782018871513628e+03
-4.431103264740568193e+02,4.379978375257911694e+02
2.081561918360742425e+02,-1.256638649207111030e+03
-8.898465024621850716e+02,8.340740897616058191e+02
3.673557463064156536e+01,-1.279850271773118948e+03
8.614363265897742394e+02,1.697000086796846290e+03
1.322769244892302254e+02,-1.163173612253157444e+03
-1.403873372595508044e+03,1.816809044938888292e+03
-1.410109972654787498e+03,1.188763418507941196e+03
-3.255403863312048429e+02,3.959306327143252702e+02
5.667671341803639962e+02,1.151141496824415754e+03
4.807920893566748077e+02,1.142554718416288779e+03
-7.430947256201650362e+02,1.776210958322908027e+03
7.354826089398522981e+02,-9.083584118219378070e+02
4.659178344266464933e+02,3.360143614629760123e+02
1.737789956885319498e+02,-1.259845177751371011e+03
-4.634563565288519271e+02,4.536449732205824148e+02
-2.232253889705270922e+02,-1.099931177006452344e+03
5.958288769317488232e+02,2.949486368230751054e+02
-6.846118104751201372e+02,3.277616232090880999e+02
-8.458600602291189716e+02,-2.658255282227571570e+01
-7.755360545812578721e+01,1.780410167233844732e+02
-9.659210496285454610e+02,9.990844175774753921e+02
7.624088679665732116e+02,1.156459832477684813e+03
-1.716904215664717981e+02,1.025973300815587663e+02
-3.143834227844254769e+02,3.605013637917960523e+02
1.295610267123159247e+03,1.703111016779230340e+03
4.978746448514613121e+02,-1.214761431842639013e+03
5.493953159560621771e+02,-1.201238044785735610e+03
6.169595402276502227e+02,-1.281425241872788092e+03
-2.677601985478199254e+02,5.975105480102507727e+02
7.012452951865770956e+02,-3.127691720396381925e+02
1.027937132319271313e+03,1.050650734634641594e+03
4.155316425343079345e+02,6.275182439753604058e+02
4.026058204048050015e+02,-6.009344463704252348e+02
-1.297244465563101585e+03,1.544867627553741158e+03
1.341289463292759592e+03,1.041816401172536644e+03
9.034125353570851757e+02,-8.076999958163174824e+02
-2.176954915550277292e+02,-5.200144117218980000e+02
8.203860576250332315e+02,-6.637293798094350450e+02
-7.450092958026857559e+02,-1.139307172026554326e+03
-3.263000627759890904e+02,-1.168764148005942616e+03
1.619063902422042702e+03,1.734917575565801144e+03
-6.278125230840325912e+02,-1.963183919306095504e+02
-7.282240444738301903e+02,-4.420204948882761187e+02
-9.482054564328500419e+02,8.503231043617512341e+02
-3.188431404416849091e+02,2.778414240854272066e+02
1.717516223768320287e+03,1.664051000677024604e+03
8.076448576902942023e+02,1.092019475754241284e+03
-7.223832335131659192e+02,5.633247728501743268e+01
-6.916275843393648302e+02,-4.754258161775985059e+02
-1.018181232608393657e+03,1.923011522006112955e+03
-6.302023320901940906e+02,7.851292267762516985e+02
4.437795236937370191e+02,1.680178617783021309e+03
-2.075965292816638907e+02,-1.193877077881514651e+03
5.986089867603715220e+02,1.385413373425492864e+03
3.743559771453882945e+02,5.096678846565421850e+02
1.085049853828584787e+02,-1.206364404240294562e+03
4.828249174540908939e+02,3.611637186750036221e+02
8.880500850598309626e+00,6.946825818840250122e+02
-4.617163829945019415e+02,-1.482353898537464829e+03
-7.324711100012376619e+02,-7.673607426360206318e+01
-1.048810872057806364e+03,1.287404067906591536e+03
-9.031618885369159671e+02,-7.340148612975075366e+02
-1.565123090294912345e+02,-4.100044541898085981e+01
-7.077211853345820600e+02,-1.429844567339955574e+02
-1.017216652445539466e+03,-7.133639867110618979e+02
-7.196042763436539644e+02,1.564856643779900878e+03
4.880012335946241819e+02,1.068655765814784900e+03
2.175948370166534573e+02,-1.185723215576649181e+03
8.846109926990772010e+02,1.971605179733264322e+03
1.757508565667228595e+03,1.509477552804371044e+03
6.810301720905391676e+02,-7.590629183496046153e+02
6.566351990003215633e+02,1.337337499038639635e+03
-2.464446395615476604e+02,-1.220810015143803184e+03
-1.593107336264713467e+03,1.986535973503853256e+03
-6.334839013271113117e+02,6.118614270651738707e+02
1.249265748378883245e+02,5.502658783282055310e+02
6.231721246882477772e+02,-1.252183361672472756e+03
-1.218716941254921494e+03,1.527633682692348430e+03
-5.195410878534363519e+02,-1.381811108779200367e+03
-8.248839525320516941e+02,-9.532767649078448358e+02
1.370168389843396994e+02,-1.137849841174246194e+03
8.107847386266831791e+02,1.065444599941140496e+03
-1.805694487653371993e+02,-1.049432867177434218e+03
9.570917901310048137e+02,1.638652717961323333e+03
-4.722117573725793704e+02,6.063559155135135370e+02
-3.937078234672296162e+02,-1.389089249516574910e+03
1.961738350079676252e+02,-1.522671165204308636e+03
6.901055428141717130e+01,-1.343398441434067536e+03
4.670410066958191919e+02,4.279293189230074290e+02
8.544888888415681549e+02,1.132636906199050372e+03
4.852951219719315645e+02,-9.787803489347135155e+02
9.352894063183146045e+02,1.393702070879343864e+03
-1.413008092404132299e+02,-1.323019165359251929e+03
-1.312298020756714095e+03,1.179108811235729490e+03
-1.030014041429475924e+02,1.516215719412369936e+03
-1.142039079947639266e+03,1.058995946108093449e+03
-2.981193785694222242e+02,7.240835896478625955e+02
6.465305742180294146e+02,1.351415945846675868e+03
-1.113395997115438263e+02,-1.374674698136443112e+03
7.206933293661330708e+02,-1.077074481439974534e+03
-8.493567092250489168e+02,-1.198604876645723607e+03
1.098497156300296638e+03,9.321712545622574453e+02
-2.373187106313253025e+01,4.817382104461006520e+02
-7.005419847664247754e+02,-1.124679872959045724e+03
-9.066760315105370864e+02,9.149426922316592936e+02
-2.547775556712872458e+02,-1.066787560423546893e+03
-9.747607856091400436e+02,-8.175122756567230908e+02
-8.023917935808195807e+02,7.512102625837314918e+02
8.923569601313579369e+02,1.883254591654146680e+03
5.769303098627375448e+01,4.074129937492716635e+02
-6.736094584362197111e+02,-1.336592639185940925e+03
-3.938866992592642191e+02,4.185808226845963986e+02
-9.690078075588189677e+01,-1.363421418506417012e+03
-1.747148665777127462e+03,1.522745430642586371e+03
3.088420950932470532e+02,7.263567337875497287e+02
-5.800056573119582026e+02,-1.093833149545501556e+03
-2.617848089447383586e+02,-1.257201097106984435e+03
8.927773773101193910e+01,-1.089734642462914280e+03
-5.630372681099100873e+02,1.900889601585598029e+03
-6.476956865323728607e+01,-5.682536860347880747e+01
1.108322239768616555e+03,1.108031678944641953e+03
-3.634263690148404180e+02,5.058974681535175932e+02
-1.861773150203219984e+02,-1.139255817343546823e+03
-8.407786885470353582e+02,1.791918449530817725e+03
6.048004552160949743e+02,-6.977393264377624291e+02
-1.962038063124094833e+02,3.479195005718909783e+02
-1.545057380504366051e+02,7.087781426153236453e+02
-4.223220859442301389e+02,5.879034068161934101e+02
9.035662855218146206e+02,1.733790286155654030e+03
1.925418877147509988e+02,-1.102633414083780508e+03
-5.343363055406266540e+02,1.359347936864591588e+02
-2.500952737261894754e+02,-3.906261628793799900e+02
1.707059557532869576e+02,1.451250110668155457e+01
1.032573702905551727e+02,-1.226358798909476718e+03
-4.861628228183880651e+02,-1.166949405334663425e+03
-9.553586414789681385e+02,-7.820860507446167276e+02
-1.003968244524769034e+03,-6.723041629456622559e+02
-6.313850755547645122e+02,-2.697803822070324031e+02
-3.697054144930808661e+02,4.171323817198987172e+02
5.175573955550803475e+02,5.062611188804461904e+02
-9.546586653334508128e+02,-3.577010469734804587e+02
-3.848986449180350178e+02,-3.638291370552926196e+02
-6.600066851916424184e+02,-1.018685332710166563e+03
5.203742740834934466e+02,3.562816844585202603e+02
-6.996588858854966020e+02,-6.575930107678302647e+02
-4.879975188607787118e+02,-1.372330602005508808e+03
6.384025791258824256e+02,-3.362889796786561192e+02
1.266434825103303297e+02,-4.951651947224036121e+00
-5.919572943167241874e+02,-9.586847380176322986e+02
-6.700255354157923193e+02,3.421089355961649403e+02
-4.620379649992710824e+02,2.766630350242397185e+02
2.445008529757484439e+02,6.994770761306904205e+02
-3.143071579326453957e+02,5.264582874924269618e+02
-2.333930557799840244e+02,5.405984347628382238e+02
-1.044016243605260343e+03,-6.304424359938254838e+02
1.002358231996134919e+03,1.142581558900551045e+03
-5.749719384976615402e+02,2.662434280511277507e+02
-9.691973262940820177e+02,-2.334284782048996476e+02
-2.768794358612601059e+02,4.914963077906540434e+02
-8.118514073159600457e+02,-5.369488196343235131e+02
6.090573648017453934e+02,1.633036278110131434e+02
6.144243020581831161e+02,9.044481479273110835e+02
-8.590684835803133410e+02,1.509114709483829301e+03
1.878017430278708844e+03,1.624013964236040010e+03
-7.091796430315002908e+02,1.401916002527227079e+02
-4.837661254901050256e+02,1.691724788666971335e+02
-1.279984723641445271e+03,1.164517025004350899e+03
8.484775465202596934e+02,-6.655040401712856237e+02
-1.673010421938985019e+03,1.351954345676031608e+03
-6.574164880846154801e+02,1.269799296187903792e+02
-2.026567413608003676e+02,-1.208221580675338146e+03
1.973565602964720256e+02,-1.305572699242069575e+03
1.087993594532264979e+03,1.293414659796549131e+03
-2.197005702650955072e+01,-1.324221280593840220e+03
-9.624198588700591017e+02,-7.579021514753185329e+02
6.464230093347435968e+02,-5.749220422427094945e+02
-8.141774756225572673e+02,-1.088960058533405572e+03
3.803333041700068406e+02,-6.571739337308730455e+02
8.928728482037490721e+02,8.623317550323065461e+02
-1.059011381956071318e+02,-1.471213511766284682e+03
7.291680840357116722e+02,1.286323329591427409e+03
1.398646613265186716e+03,1.491108962755402445e+03
7.614807402257389413e+02,-4.976306073352188264e+02
-5.034790527703907514e+02,3.919960613909927361e+02
4.563638098958531941e+02,-1.209532121219620194e+03
-9.994039651123143813e+02,-5.343135656962861049e+02
1.270625239443474584e+03,1.803352512760125592e+03
-1.561783881927422499e+03,1.985939215103194783e+03
6.785841029520793199e+02,-6.676300178363121631e+02
1.247077575063789823e+02,6.869414784886595271e+02
5.186332941829499532e+02,7.418981637316494471e+02
6.889034595455757426e+02,-4.478666848271569734e+02
-4.085973190930641863e+02,5.416457900789553150e+02
-4.305323019201409807e+02,-1.471795990601148787e+03
1.774202867756363844e+02,-1.035111016663308192e+03
3.553650919785616225e+02,1.729228477182624601e+02
-1.562269093473705084e+02,-1.086697737084517030e+03
-4.922270747707187866e+02,-1.110757432344073322e+03
-1.457995532900317357e+03,1.325931637318256435e+03
1.675350201168276271e+03,1.935333922549866656e+03
-6.469682139091821682e+02,2.693154820848278064e+02
3.584178617020714341e+02,1.312135278784762249e+03
-1.574536807312643987e+03,1.959795719589410510e+03
-8.178264432372156989e+02,-1.150989969364314220e+03
-7.922837993133271084e+02,-7.688733814586072413e+01
2.187854717063220278e+02,-4.470833425020055074e+02
-6.209480287403044940e+02,-1.233177148274169440e+03
5.811055790159957724e+02,9.767780035537919048e+02
6.884477346898069072e+02,-2.202727432816658393e+02
1.943326830008138018e+02,-1.757389865275342800e+01
-2.501577419535377089e+02,-1.141689003172150706e+03
3.313155827031002332e+02,-1.087088385542081824e+03
9.636145449613934488e+02,1.572076799836241207e+03
1.478153996264546777e+02,-1.361177510351747515e+03
-7.390916125435693402e+02,-9.795107983505756692e+02
6.403262978520808701e+02,-7.349128829866069736e+02
6.328519321334925962e+02,8.974788854564167195e+01
6.143541771682629360e+02,3.332787136681579909e+02
-1.331620905696806290e+02,8.462756395422587730e+01
-1.070987762312930158e+02,-1.264702794565737577e+03
8.025210603871624926e+02,-9.680588026350881137e+02
-1.663607044247217345e+03,1.374252442550759952e+03
-4.585590720599770975e+02,5.029784748702812180e+02
-4.535398636678448270e+02,5.601849810871823365e+02
-1.704924675909231269e+02,6.170246318806505315e+02
-8.811639307321853494e+02,1.027127075094796282e+03
4.392518677597075794e+02,-1.337449103286182890e+03
-9.197141007949416007e+02,-5.336851824318111994e+02
1.097176611410591818e+02,2.200512200875749613e+02
-1.076476747168435168e+03,-5.893113319483406940e+02
9.447872808827025892e+02,1.369473761769892917e+03
6.967477734546605461e+01,7.266748197789752339e+01
-9.020793930426157203e+02,1.050690852957728112e+03
8.394936290630676012e+02,1.385335096376261845e+03
3.712707506457971363e+02,9.867570075973219446e+01
1.643918203720330666e+03,1.576891853470965998e+03
-4.582570345117392208e+02,3.643229747084205883e+02
-7.276730055352244335e+02,1.384268082207222051e+03
8.867611859976813093e+02,-5.802432679535172610e+02
-6.797638226533545094e+02,1.304108079305697743e+02
-7.005543437692554107e+02,2.142394974461487323e+02
5.846866562273010004e+02,-1.229090262487559585e+03
1.314002416151805619e+02,-4.096261044299220089e+02
-6.565016860382610275e+02,1.606085910322616428e+03
-4.491582095712416844e+02,4.731177527935085436e+02
2.749304636589951656e+02,-1.106497473956111662e+03
-7.996929114122567626e+02,-5.953461775524920085e+02
5.895943515321772566e+02,-1.068815730193790841e+03
-3.678211351334368828e+02,-1.408657163778766744e+03
-1.250806455664280065e+03,1.652470109983091334e+03
-8.689120923032273822e+02,-1.068520408274187616e+02
-8.691703751878538924e+02,-6.686332644705273651e+02
4.251822834839865095e+02,3.859194210240298162e+02
-4.239634599817352978e+02,-1.504811866682592836e+03
-9.734142853999362615e+02,-7.896141251665814025e+02
-5.305494507317206399e+01,7.326123898812579682e+02
-3.887306804210467703e+02,5.085666227728393096e+02
-1.620025844097294794e+03,1.929261525591393365e+03
1.093324604723073890e+02,4.387117397416611198e+02
7.923651522592223273e+01,3.110191226109265017e+01
-1.313862719131927633e+03,1.010341914053340702e+03
-1.198438236635651947e+03,1.564626379613647487e+03
-8.325686287796581837e+02,8.083071603686806839e+02
8.933756030300639850e+02,1.843264199184777681e+03
-1.367398025272580071e+03,1.136664474957602124e+03
2.714012686187601275e+02,1.442634927190817507e+03
3.909058897328279159e+02,-1.212723796635222016e+03
-9.672114393872911933e+02,8.743327832376525066e+02
6.173435219129322604e+02,-1.824196218088309251e+02
-2.439720373989587188e+02,2.443480271172518314e+02
-1.181075673911766444e+02,5.592093601118406241e+02
-1.974216467379672395e+03,1.845483066863030672e+03
-9.663298753373260297e+02,1.905392204632449193e+03
8.255301855790474974e+02,-7.688589873816221143e+02
-9.881843346672191046e+02,8.910588748177735852e+02
1.230389383294811523e+03,9.842551012705490621e+02
7.650595184618282474e+02,-5.432086384927760037e+02
-3.868032116905027351e+01,-1.201121257002170069e+03
-7.283821497091719266e+02,-1.366033767090630590e+03
-1.385113935052981560e+03,1.074887716744252657e+03
-5.277590572549246417e+02,9.639509004666052761e+01
-1.036493541808502869e+03,1.885100172948114050e+03
-6.337791671369154756e+02,-3.190634375692638969e+01
5.572644061293660798e+02,1.893269117798731259e+03
7.068503056646005689e+02,-3.624418116305287185e+02
-1.023535337969666216e+03,1.113415350135549033e+03
3.122282201565170112e+02,-1.271854930116522837e+03
4.891319235986637182e+02,2.624206126918537052e+02
-1.330190535343743932e+03,1.214147082596216933e+03
-1.116304230371921221e+03,1.631814430029698997e+03
1.640090537042145797e+03,1.266141249126497996e+03
4.277887309375128666e+02,-1.377608683939819457e+03
-9.336624151252993897e+02,-4.442511952199248526e+02
-2.453556360240517620e+02,-1.360884342230905986e+03
-3.558112033797812046e+02,-1.218779864136589822e+03
3.402577036491237550e+02,6.359908948116799365e+02
-5.138761649975009504e+01,7.698262306489698403e+02
-1.036453083663175221e+03,1.054019696346043702e+03
8.044731689372133587e+02,1.439309753777051810e+03
7.912806822191834044e+02,8.546559644047681559e+02
-1.432572286750197463e+03,1.222608597630738814e+03
-2.074086350623733210e+02,-1.355695884517577952e+03
-7.723681007924905089e+02,-9.686570904796259356e+02
-6.409885448075442582e+01,4.747652323233117500e+02
1.829700825036902188e+03,1.428141279487404518e+03
5.587717816500514800e+00,-1.548029460819421274e+03
-6.872501392488445617e+02,1.685141709609249006e+02
-2.995670155643779253e+01,6.393496732905123281e+02
-4.312153827597029476e+01,-1.412273321611501387e+03
2.595235877423269244e+02,-3.938193140155541982e+02
-9.516658520002714567e+02,1.561789767033533735e+03
-3.314552063641752966e+02,6.485370245644804754e+02
-9.406345865384436138e+02,-9.328734819054936906e+02
-1.569853492957029175e+03,1.399691496004615601e+03
4.727639695026059030e+02,-5.725715628905368249e+02
5.591479010825355545e+02,1.402388155916619780e+03
-8.705143328678279886e+02,-7.127750142618717746e+02
5.313552427418530897e+02,3.779370494333099373e+02
-8.172991143877608238e+02,-3.975703555273801726e+02
6.711357616793702618e+02,-7.891362417574225674e+02
2.575266130626317818e+02,1.485667156917820648e+03
-5.016658737051201911e+02,-1.077213171538565348e+03
4.366579498486544253e+02,-5.917387276997163781e+02
-7.636121102123059927e+02,7.491587691387832137e+02
1.237095127795294502e+03,1.257772779523040299e+03
-1.834045583962895876e+02,1.925033038007197774e+03
8.590380003842273027e+02,-7.284609580115611607e+02
7.745489671536290643e+01,-3.350599270132528318e+02
-2.936390095805154488e+02,-1.143636184221740450e+03
-2.173621428708833037e+02,3.361755026636680554e+02
-9.921617208802928189e+02,1.988087339630274528e+03
6.839231043048448555e+02,7.194490855530511908e+02
-5.591544930159568594e+02,3.753241150626047329e+02
-9.910226765721574793e+01,-4.222918136839018644e+02
7.163242149235827583e+02,1.597086803634698526e+03
-7.623020597709628419e+02,9.372487725776181833e+01
-2.727697305352231183e+02,-1.166177457287264815e+03
-7.327884668261312981e+02,-5.215855480459077853e+02
-5.268227789004890838e+02,-1.290625896604540230e+03
-9.722557136508891062e+02,-1.026588468382275551e+03
-3.584591943200737774e+02,-1.467340658819442069e+03
5.615961314783220359e+02,-7.837290906078038688e+01
4.953904902602965876e+02,4.905338757456598842e+02
-7.763217550815896857e+02,-5.732930267004320513e+02
6.370539151577816028e+02,-2.830566415687343351e+02
-1.063715433975594806e+03,1.833530160880573476e+03
9.459066765195092330e+02,9.482069694477780786e+02
-2.777936600923499100e+02,2.072402337594195387e+02
-9.365117998513871953e+02,-7.440786676166676443e+02
-1.230244840235794072e+03,1.553349044961232266e+03
4.570061571483924467e+02,-9.721036429479304388e+02
-8.497422876130725626e+02,-6.192519563018930739e+02
-1.188091072493463571e+03,1.594323019466008191e+03
-6.174320171904309973e+02,2.079764864441736449e+02
-7.886323108809333462e+02,9.129759713463118942e+02
-5.368990152825659834e+02,3.695190381361490495e+02
-6.367316653150834327e+02,5.552672957623101411e+02
-7.250616165807160769e+02,-6.986918975019165146e+02
4.550056123693971699e+02,-9.335119277737395578e+02
7.408646431494196349e+02,-6.178518723586942087e+02
-5.616661431705822451e+02,-1.138155596212499859e+03
1.823600864492231040e+03,1.506693714766777248e+03
-9.424794935109407561e+02,-7.641402803697741319e+02
-5.841763961357361268e+02,2.894997348946370153e+02
1.130327485743242050e+03,1.143920207356220999e+03
5.111353674592820084e+02,1.103043031174753423e+03
-7.521444336616985993e+02,-2.032690944385674925e+02
9.147488797971561780e+01,-8.731233083304914544e+00
-1.232294228287125861e+03,1.953073241337915533e+03
-1.728276030065833879e+02,6.493469027028413620e+02
7.026805025572156183e+02,1.228074177099392728e+03
1.227519054155977756e+03,1.614049572849802416e+03
1.138477838830183373e+03,1.109846630205382780e+03
-5.490696010324586496e+02,-1.078189123237544663e+03
-4.126683132309534585e+02,2.923934891407793657e+02
5.309510334540516396e+02,-1.258537657542349734e+03
6.708569981625856826e+01,5.326049473716736884e+02
-1.430665138619396203e+03,1.804660155259880412e+03
-9.752274833491486561e+02,-2.249340903417115101e+02
-6.264143113223900627e+02,-1.376539680095252606e+03
-1.974120455728831985e+03,1.806257471789521787e+03
-2.633876579882272040e+02,-1.221266914804888074e+03
-6.456429551821611312e+02,-1.360200682143619815e+03
-9.826090319885677218e+02,-9.273238719528490037e+02
-4.104643910660408324e+02,-1.305148695985129734e+03
-7.678660144297859915e+02,-3.054296751666100818e+01
6.574272214148840021e+02,2.009870266857521415e+02
7.235659877026228060e+02,-6.571337779600603426e+02
-3.225435075797312834e+02,-1.357640635293761079e+03
-8.786999838550930235e+02,-1.205198998543653033e+03
-6.474354151058739717e+02,-4.594566990158142517e+02
-4.990671543632134899e+02,-1.319635308250922662e+03
-2.338459742407238195e+02,7.240461313993091608e+02
6.686972121986991624e+02,-1.060262194033759215e+03
-8.644807809590713532e+02,-6.974540542036504576e+02
3.889850210809177611e+02,-4.256235246903500524e+02
-9.413124493148252441e+02,-3.263608503996005084e+02
-1.943441363446024184e+02,-1.551279857732959272e+03
-6.777159770102048242e+02,-1.215896667472449053e+03
1.843006489811387382e+03,1.457339660631906099e+03
-1.528611442113628982e+02,-1.559630277669870793e+03
-7.361709660650352589e+02,1.545947572488663013e+02
-6.515535639367831209e+02,7.226839650990115160e+01
-7.535936481210627562e+02,-6.304188353822255522e+02
-9.816891831902988770e+02,-2.400860758214105317e+02
1.167490141157677954e+03,1.074813915897300376e+03
-1.166460280137125892e+03,1.363987866308763842e+03
1.307749782503302072e+02,-8.734090186716957760e+02
7.237471982309097029e+02,-6.167816755076237314e+02
-7.530427671697799497e+02,-9.479451689904251452e+02
1.242245149240557112e+02,2.692741782044521415e+01
4.669956713402797277e+01,6.424285713282745292e+02
4.050305839312005673e+02,-9.798002872160936931e+02
-1.040601939133529186e+03,-5.937252862705258849e+02
-1.885079246536322216e+03,1.692247553906045596e+03
-2.826245638231810631e+02,-1.349612804895225963e+03
2.160023883868805683e+02,-3.742323395764600491e+01
-3.352860908060938527e+02,7.695658824870776016e+02
-4.097305432363521049e+02,-1.125240490686492421e+03
5.517331725388633004e+02,-1.359113191014750555e+03
4.355681789034690610e+02,-1.165556806630319898e+03
1.634224615077316685e+03,1.639569576521719227e+03
1.538719059382387400e+02,-1.519195894372862540e+03
-9.747374163056065299e+01,-1.066688243935863056e+03
-6.716040456686869220e+02,-1.384494766947318112e+03
2.313143459272166069e+02,-1.218070748504472249e+03
-1.695252871855404919e+02,4.183024506401108056e+02
5.336237416467304229e+02,-9.492506147387778128e+02
-5.322269902552804979e+02,3.014627141778143482e+02
4.860638782018941129e+02,3.851140144465995263e+02
1.083660220619599841e+03,1.360609676684898204e+03
-3.477046717073727677e+02,-1.499714429191117461e+03
5.210768187843382293e+02,4.452111074580466266e+02
-7.087962923886459521e+02,-1.108155828372961423e+03
1.068094261599890160e+03,1.068294992320300480e+03
1.872643061533326090e+03,1.410245958249808609e+03
-5.438311662708870244e+02,-8.729149992084824135e+02
1.278818266491607119e+03,1.628048931530476693e+03
-6.428405988410620466e+02,-9.723343512244071007e+01
2.019801447528351446e+01,3.873230682191399410e+02
-4.847780727289372749e+02,1.960860217818019464e+03
6.962546055870888040e+02,-5.273982159023969416e+02
-1.307801539300121021e+03,1.275506825923500401e+03
-7.234585617973510807e+02,-6.408818448712511326e+02
6.635282223543623559e+02,1.099257078786064312e+03
-6.053957322972286192e+02,3.868230633168744248e+02
4.304678926810552753e+02,-1.004823914379730809e+03
-3.418394493555064173e+02,-3.472589790350659200e+02
7.922548670733834797e+02,-6.489951639705977868e+02
-2.266296642348922319e+02,-1.271861997019618002e+03
2.974318338806057227e+02,-1.389588361424914183e+03
7.287502385821198914e+02,-5.654378615382065618e+02
9.882101493560270455e+01,-1.451631617738861678e+03
-7.397392522063541946e+02,-1.119299842676102344e+03
-6.666328289330436974e+01,1.190873038232740555e+03
2.123056148363733087e+02,7.609692388057351309e+02
1.075962791487585946e+03,8.981423405339353394e+02
2.367607279953557509e+02,-7.508919167238173031e+02
-1.359881282989206284e+03,1.519493597373946614e+03
-2.645947962312240520e+02,3.833579387087229406e+02
-1.922520157945854180e+01,-1.190562629035968030e+03
5.071352901489251508e+02,-1.161068892378075816e+03
-1.259967917199745102e+02,6.910051100032904969e+02
-8.556866760990715193e+02,-1.087066699116664722e+03
-1.702067314260960984e+02,1.483256619892043204e+02
-1.008920632420748689e+03,1.951036754063640728e+03
6.085685091292987181e+01,-1.532733516485610608e+03
3.032621791237460229e+02,-1.425908875142676607e+03
7.168556881675073100e+02,1.911478357010541458e+03
-6.211871225337481519e+02,3.551270304409280243e+02
-9.003225185004214381e+02,-1.179315824086899283e+03
-2.587249370308811081e+02,1.526584320477636084e+03
2.346326295858693811e+02,1.457851803857982986e+03
6.077280874583266268e+01,2.209403995487878092e+02
-2.558402482290193802e+02,4.548170633192276568e+02
-8.117498445275557515e+02,-8.436984763986260987e+02
-5.663974494317284325e+02,-1.357033336251183528e+03
4.582192752351318177e+02,3.686930134029137207e+02
6.600823346533235281e+02,-7.192366080591957598e+02
-1.356498432374786489e+02,5.917564512850589153e+02
-1.620942433215202982e+03,1.346398708637171239e+03
2.253666381655682471e+02,-1.469920188930778977e+03
-3.498887416272174278e+02,3.792934587706710658e+02
-4.034456208526722776e+02,-9.715534693942817057e+02
1.119131185261270502e+03,1.463487539075649693e+03
-1.014960779709023768e+03,-9.037273682541530206e+02
-4.491387403412014123e+02,4.150237951418804982e+02
3.802674425717648887e+02,2.784338222123346895e+02
6.119238530443033142e+02,-4.219974237420868235e+02
1.003018524264564348e+02,6.319737149892506523e+02
-8.623806361656926356e+02,8.223963455603785633e+02
-6.506440322273090260e+02,3.205059488556088354e+02
-9.879124646654968274e+02,9.637405999563713976e+02
-9.865940236265321346e+02,1.879824194247150899e+03
1.443211440442402704e+02,-3.208447455319435448e+02
-7.197368981925654907e+02,1.694621228018317538e+02
-4.044740191930210926e+02,-1.475227793421578326e+03
-7.861169180523356772e+02,1.166984947925628148e+03
-5.345799684148189499e+02,1.652768896196440096e+02
1.432782135416593405e+02,-3.635587872227333150e+02
-3.602902075303720153e+02,-1.244126979239130833e+03
1.675240175859855754e+03,1.470648814815796186e+03
-8.745851948532059623e+02,-4.191614285887925462e+02
-4.303045719722450713e+02,6.463873471217027600e+02
5.399406408672336966e+02,-1.158694351908342696e+03
-1.112414137700121955e+03,1.836419257003808070e+03
5.266058813982888296e+02,-1.071374447876192789e+03
-9.082026443388946291e+02,-1.056627750111980049e+03
3.647792607723602032e+02,1.419873437279268273e+03
-1.002249781303411851e+03,1.607902843635317822e+03
6.153324388348090679e+02,-1.018888801117069647e+03
-8.298838816772569089e+02,-2.362530761929804157e+00
6.304236014439948121e+02,8.725112760092332564e+02
-9.051209055187141530e+02,1.526465241961694801e+03
8.214283319027214247e+02,-4.706371739840028567e+02
-1.248730106906918991e+00,1.744507976545625638e+02
1.008047841974635048e+03,9.138380315320443970e+02
-9.384469888595119755e+02,8.859886495241272542e+02
1.137941580655111693e+03,1.096613215641953502e+03
-2.447149672081786775e+02,3.074083887199194010e+02
4.179162872536076634e+02,-1.228790915444885741e+03
1.807402692201546870e+03,1.611558624572689496e+03
9.313509748408239375e+02,1.445910488229167186e+03
4.668855412295116025e+02,1.185006871140579960e+03
-2.611206998867999118e+02,-1.232934311559397656e+03
7.689120818008359493e+02,-1.090593703190063252e+03
6.073951814551872985e+02,9.226897698441547391e+02
-5.535207045014144569e+02,-1.426539311584593179e+03
1.364763426561712549e+03,1.893691433500514904e+03
7.159706118865040025e+02,-4.842737307182468953e+02
5.493643712277387294e+02,7.736320250582127755e+02
-1.268628817822963128e+03,1.502216700052920714e+03
7.523211141293279525e+02,-4.136713808255734648e+02
7.778079615877493325e+02,-6.435848855847649475e+02
-4.157370960508760049e+02,4.029943694955932187e+02
-5.590644560274438390e+02,3.205720291484485074e+02
4.263651641976176165e+02,-3.844857679617808799e+02
1.011333010614578143e+02,4.021079249916016352e+02
-1.213866049155634755e+03,1.764003601603997595e+03
-1.139862725307295932e+02,4.988913756465080951e+00
6.764870217783368389e+02,-1.099082025554684833e+03
7.232940108612041286e+02,-4.709608793225601175e+02
3.239121974072691046e+02,-4.161100468118104345e+02
-8.575760078884947006e+02,-1.159320960139213412e+03
-6.233774201239034483e+02,-1.116356354519669367e+03
-9.948735373470384502e+01,6.734877263148280235e+02
3.045766037092874967e+02,-5.869892771320737666e+02
9.582952234468103825e+02,1.775006974140494094e+03
7.630747094520427254e+02,-9.810826813565142857e+02
6.384607157023043555e+02,-1.220025567431009677e+03
-1.104350700621133456e+03,9.431988411689906115e+02
-1.717973200684947642e+03,1.505464286990226128e+03
-9.477550016448639099e+02,-8.215428020949974552e+02
-9.262010126269996135e+02,-1.021038664323759235e+03
-2.214968768620872197e+02,-1.077393269969879384e+03
-5.828882804124689301e+02,1.886295899058524128e+02
6.886510361104910771e+02,2.852191241107675523e+00
4.093132303519323045e+02,-8.374267668296984084e+02
-7.171139329999041365e+02,-1.340884309948595273e+03
-6.036600316779711193e+02,4.624882240943492206e+01
-9.250630219468591804e+02,1.753975838660962381e+03
-1.845732950837569319e+02,5.587249634189532799e+02
-7.197292597228289424e+02,1.133574408129808830e+02
2.663736344798863342e+02,-1.176807288499645892e+03
8.255295123978737593e+02,-9.225969142072365230e+02
6.801319441077481542e+02,-7.058958550961295941e+02
-1.152841276613601167e+03,1.014475393248415571e+03
-1.001540195249535600e+03,1.500804346601235466e+03
1.854666460548779014e+03,1.563802542013620041e+03
-5.269207084430973964e+02,1.928863732698734566e+03
-1.395751274572436387e+03,1.777576787395324118e+03
8.557685203957163367e+01,-1.265483245704253704e+03
2.650211614449173680e+02,-1.144575598040827117e+03
8.646293191570913450e+02,-6.806516400007046741e+02
-3.435635464692154528e+02,2.489139252536924118e+02
-2.350848185363810217e+02,-1.234212347631591456e+03
8.694217392026035895e+02,1.333258644742429624e+03
-2.650806439550706273e+02,4.329974605666495791e+02
-5.741051003064760607e+02,2.345065319388621106e+02
-8.856207004133945020e+02,-1.115556741156468888e+03
5.312387909097972170e+02,-8.832218219985991254e+02
-5.376498538993132570e+02,-1.126474637481338959e+03
5.776552062674102217e+02,1.388946472606780389e+03
4.926888981965083758e+02,3.383028410356516247e+02
8.385747562161003543e+02,8.288569107677011516e+02
5.694281017286851920e+02,-7.165506188473793827e+02
-6.983989919453188122e+02,-5.135724367552884360e+02
-8.560457454535918487e+02,-3.838738213235043872e+02
1.086774763111660604e+03,9.899930645843119237e+02
-9.075890756134982666e+02,1.069035383837908284e+03
4.006940755049521385e+02,-1.011802310323468078e+03
2.557946087556959469e+02,1.728614068087395026e+03
-5.067013139289650780e+02,-1.200314580349845983e+03
2.900475426906197640e+02,1.517321470726113830e+03
-1.802258971895560080e+02,-1.227163550146007765e+03
8.568107246178453806e+02,-8.314537685988200337e+02
-1.089941770367512163e+03,1.375256536694955230e+03
-4.863862509261886657e+02,-1.088624075613985042e+03
-1.021672249679872266e+03,-3.352929914749390150e+02
5.622818965621917187e+02,-1.190798074258933070e+02
-7.368814841222069845e+02,-9.010530024483675788e+02
-1.523814177328870301e+02,7.863957693162285523e+02
-1.574499838068139525e+03,1.367147286442204859e+03
-1.670551681087630413e+03,1.454628897391130522e+03
2.704994357421759332e+02,-5.869687266332209674e+02
2.820758377060317912e+02,2.325208861765904089e+02
7.187178945912580730e+02,-9.388523037260391675e+02
7.839552936170912290e+02,-9.377595241283786436e+02
-5.547758215126634695e+01,-1.109448533360765850e+03
-1.276409583568226026e+03,1.740818286237650909e+03
1.500178885678423057e+01,1.496105016198682733e+03
-1.375312309206549344e+03,1.055290750036210284e+03
6.178179933504844712e+02,1.921168711071166513e+02
-7.350425301010773182e+02,7.706257646849991261e+01
-4.957945008488141525e+02,2.273391271680537784e+02
2.012215232244855656e+02,2.127827433153990455e+02
4.320341701228187503e+00,-1.440526902430593736e+02
-5.924853174599159047e+02,-1.188872298528011925e+03
-3.532660143604198311e+02,-1.167908041134919586e+03
-1.030493015987527997e+03,1.784601272866365207e+03
6.763348206872348101e+02,6.147951740274351096e+01
-1.225089635356884855e+03,1.848468631302855556e+03
-2.452054900087321698e+02,-1.116038632400346614e+03
-4.850654069977093741e+02,2.567296050204731728e+02
-7.836124017630056642e+02,-1.019040256044877651e+03
5.082860404735438919e+02,-9.067218150358380626e+02
-6.488750763006004263e+02,-1.403965918685636552e+03
-3.189033777131271563e+01,-1.234759428262691245e+03
-1.910785063041212425e+03,1.640968863139061796e+03
-8.267184272911360949e+02,-6.006821521919238194e+02
5.719396502893147272e+02,3.875411246369347396e+02
-6.112257713678928894e+02,-2.163243033075019639e+01
7.904904769665137110e+02,-4.122289845528322871e+02
-5.126836128719182852e+02,2.126294252679568331e+02
-7.783329616425727409e+02,-1.090419881995758033e+03
-1.073178235069477523e+03,1.929144785723169662e+03
9.034058353737378866e+02,1.278253186709516740e+03
8.424024995029236607e+02,8.759669437848538109e+02
-6.108907380479297444e+02,4.164130113135797728e+00
-5.916253066334911637e+02,-1.134107344363727179e+03
-4.260080090623111460e+02,1.644366246336453969e+03
-1.663169634089646820e+02,-5.872211091379853087e+02
-7.362045514894903135e+02,-1.335197202580829980e+03
7.925328273427021486e+02,-5.770662281896647983e+02
1.449057549418966573e+03,1.115184861673809564e+03
-6.475043165579384095e+02,4.655403291135777977e+02
8.230758943231086278e+02,9.792623327509761566e+02
-1.050424977129962826e+03,1.155577821783912214e+03
4.632509144753385044e+02,-1.026176755378220378e+03
-3.378682565583929431e+02,1.680632351311144248e+03
6.419372352057308717e+01,-1.851747359476155452e+02
-4.778674547238273362e+02,5.365213376749176177e+02
-2.076281869887188236e+02,-1.514471772846616204e+03
-1.847406193535496413e+03,1.969636688952514760e+03
-7.901447628407584034e+02,-7.943467558749081263e+02
-6.609830030582932068e+02,-1.308458429159950583e+03
-7.012113084439033628e+02,-7.012938319684735688e+01
-8.181346918148074110e+02,-1.181210471815866640e+03
-8.137294797336137435e+02,-1.133996823190782152e+03
-4.360940214694855399e+02,4.924523110164363970e+02
6.832923810396044928e+02,-4.242802961911999660e+02
8.697168276094402017e+02,1.603219765340574668e+03
7.930481845769378424e+02,-6.373569106282516259e+02
6.528769606910327639e+02,7.984919456267283522e+02
6.327557614567541577e+02,-3.393899113934850220e+01
1.321873679268381352e+02,5.765403937781280774e+02
-1.982865200898854141e+02,3.763040175992000513e+02
-6.651882893849943912e+01,4.483810664584581218e+01
8.994137759137089461e+02,1.803979403619598997e+03
8.771242338853085130e+02,-5.687523146873616042e+02
4.127086369449386893e+01,-1.090371256068506909e+03
-6.276204610758867375e+02,6.589245634798453466e+02
1.807571804330990517e+03,1.344369816883319800e+03
-9.194951990648291940e+01,-1.375285527086655293e+03
-6.109939633858189154e+02,-9.895136698579705126e+01
-1.659983471278224442e+03,1.525375774804375624e+03
5.849574711136591532e+02,9.600670577274559037e+02
-9.613159937571673481e+02,1.963505004837946217e+03
2.048061073104921093e+02,5.788942462867652239e+02
-6.798430492431177754e+02,-6.870935597309287459e+02
9.001929543915537124e+02,1.765339705268369244e+03
8.413419569905033768e+02,-5.185271601852178947e+02
1.040827857301721906e+03,9.013036073336184018e+02
7.717024094810881252e+02,-3.688086606411610546e+02
-5.161023731518491786e+02,2.869947987677727497e+02
-7.975275099031283617e+02,7.817625255601552681e+02
1.260593379457753827e+02,1.553224184906167693e+02
9.150827283085180852e+02,1.577322292655087040e+03
1.529414150733998667e+02,-2.981213375601217308e+02
1.140384620997869547e+02,5.292918388797943408e+02
7.531136211452604812e+02,-5.758687903038785407e+02
7.266801109323768060e+02,-3.810471321909204789e+02
2.159278238704004593e+02,-1.304512948531112215e+02
-3.054221661204593374e+02,-1.197823036949560901e+03
-1.661399541365184973e+02,5.948949368582526631e+02
-5.997751411341369021e+01,5.859252804147962479e+02
3.590777304962458061e+02,6.110278326342057653e+02
-3.092848433741653480e+02,-1.485362792741481826e+03
6.928407785979050004e+02,-6.185785226428782835e+02
-4.372989385657780304e+02,-1.039615035751560526e+03
1.028100282768962643e+03,1.073478999316821046e+03
4.800277594154346161e+02,1.435793431015205215e+03
-5.288170482070825074e+02,-9.327199697951060671e+02
9.102372589674189385e+01,6.055533823119185399e+02
-6.858924574262662190e+02,-1.178212591769694654e+03
-1.067302374117250110e+03,-7.751217488802055868e+02
-7.859442022464984348e+02,-1.161757911106614756e+03
-7.257725094296258703e+02,-7.684398825347494721e+02
-8.678657269081071490e+01,6.184970655579127197e+02
-1.045254325795330715e+03,1.576158772829121972e+03
-6.912792226775161453e+02,-1.048351658480712103e+03
5.615176333140635734e+02,2.306261815818780292e+02
-1.041927464671357484e+02,7.349584696808210538e+02
5.088358423051977297e+02,4.223772055943607029e+02
-8.670134284525466910e+02,-8.986414633691576910e+02
5.024232032448784935e+02,4.605976379039506696e+02
6.217520169092159676e+02,-6.369431290009805480e+02
-1.359815899937869290e+03,1.905946605469454880e+03
-3.975159546364798757e+02,-4.144125467722707867e+02
5.859283738297870059e+02,6.760323875715840813e+02
-5.010627582851773809e+02,-1.416854985010934570e+03
6.449929000603276563e+02,-4.139077380312673426e+02
-9.502420129635609101e+02,1.495229767305348787e+03
5.933128573256129812e+02,3.623237784284586382e+02
-9.081891000899064466e+02,-1.575076990735797722e+02
1.848158221164431325e+03,1.406578409483832957e+03
4.771170963280263777e+02,-6.169668515453588498e+02
-3.116526791606520419e+02,2.205067083944112483e+02
-8.348839231119399074e+01,9.184271896982465933e+01
-4.876702440071696287e+02,4.878982910650839244e+02
6.370093676784637182e+02,-6.067484624038056609e+02
-5.546209307880510551e+02,-9.471440637886956893e+02
-5.841754361361179235e+02,1.606570313023099743e+03
2.384708921285715633e+02,1.649139310331340312e+03
9.480906816506177393e+02,1.345259613561490369e+03
-1.994626175057667069e+03,1.912610238484111960e+03
9.259399968664519065e+02,9.022944243132604925e+02
-1.380197862991896045e+03,1.031083317681831204e+03
-1.364263945760820889e+03,1.016156223947309059e+03
-4.631046807711251745e+02,4.301917189075311398e+01
-8.586828207260946328e+02,-5.010903109568886293e+01
5.576090920469832781e+02,-9.498987093004543567e+02
-2.816791451559015513e+02,5.516443726009805459e+02
5.981211232242242204e+02,-7.231454374665045179e+02
8.622212711216991465e+02,-8.807938410717410989e+02
1.038927697889201340e+02,3.624530582070764240e+02
1.353251258406214674e+02,-3.407914618943797791e+02
7.370855574879055894e+02,-1.018461457141102528e+03
1.533688627940025981e+03,1.287446399328459393e+03
4.504503566289281480e+02,1.450522748202774437e+03
7.219801920970485298e+02,-1.121215371496457919e+03
-2.776470336981290643e+02,-1.530638221564820014e+03
7.699719583068713291e+02,-5.930677574721971723e+02
1.132185546465252173e+03,1.172711076666763574e+03
6.263150898971741753e+02,1.353453830850778104e+03
5.872897659392566538e+02,-1.134285934471618702e+03
-2.294208675277448606e+02,-1.208710023491711581e+03
-9.681684906439277256e+02,-4.409877524285531081e+02
-8.687798236986832308e+02,1.991031089603146029e+03
-5.710633971210384061e+02,-1.058238783353915096e+03
1.551321179493146474e+02,-1.117503434609383021e+03
-8.909455169982979896e+02,-2.859790256789327145e+02
-3.831373293435183314e+02,4.332999924213069676e+02
-1.112803170715019860e+03,1.715110475962322880e+03
-1.372049045011704493e+03,1.957961249527722885e+03
-6.200671311524729390e+01,-1.287561214346181259e+03
3.295449750740615968e+02,-1.168496121207225315e+03
1.077787948417864072e+03,1.115532117866757289e+03
-1.058836955362671688e+03,-8.068193181049737177e+02
-2.918397669726300592e+02,1.286282689440557760e+03
-2.244666193697290169e+02,5.840746207874173024e+02
-8.237172021409326135e+02,-1.222377649747753821e+03
1.539373057716289850e+03,1.377280083004709013e+03
-4.185592377563864375e+02,-1.076429475752974668e+03
7.469346566444778546e+02,-2.896553572585068537e+02
-7.263119798238947169e+02,2.488558202045209100e+02
-4.749752592605972268e+02,8.503858638015344695e+01
7.365508477948793598e+01,6.700699985727425201e+02
-1.357594938179698829e+02,5.382655263396191003e+02
1.429902164129075004e+02,1.955012123954755907e+03
-9.069803359662226967e+02,1.989823337781315786e+03
-5.851936464013201658e+02,1.665419049287382336e+02
2.822120550953786733e+02,-1.280653518564654405e+03
6.374926728848112134e+02,8.515650280866907451e+02
1.673958023279348595e+02,1.922353181706126179e+03
-8.215889221080482230e+02,-6.485732163383329407e+02
6.617058995578486247e+02,-4.047302643236236008e+01
9.583543014426453510e+01,-2.599796260486834854e+02
-7.129495594560466998e+01,-1.311188068592417494e+03
2.308978702649230286e+02,6.454561149670666964e+02
-7.638353794975737401e+02,-5.563277553071884540e+02
1.012666336023752365e+03,1.119398241311489073e+03
5.716751207698325743e+02,1.326083585484669129e+03
1.677140512488927016e+03,1.284448803675773433e+03
-9.102977142023732995e+02,-2.988483308019380047e+02
-7.916624049266035854e+02,-6.296880120695954020e+02
1.062652827036868530e+03,9.432225854818153721e+02
7.243574066132498501e+02,1.199164225391505624e+03
1.762323797449445806e+02,9.142265183014188779e+01
-5.551120110541523900e+02,1.431877270629488521e+03
1.208269935124620133e+03,1.474158217099562080e+03
-6.818545615344760336e+02,-1.238680194156178914e+03
-1.712416955118297324e+02,-1.116533651196657274e+03
2.653199373108603254e+02,2.181385310254876231e+02
-2.587317635163259411e+02,-1.309553409408333664e+03
-5.890574884478710374e+02,-1.331321291088316229e+03
-1.200798976818450114e+02,-1.563301788499717077e+03
-6.516426053188931746e+02,-2.239322909771453851e+02
-1.394468719423993662e+03,1.048440852686017479e+03
-3.046158365326135709e+02,-1.392760610542674158e+03
-3.056945168454157624e+02,5.871428944785481008e+02
-1.024568045281813284e+03,1.271562476985940975e+03
-8.495865126869794040e+02,-1.110628566596187056e+03
-7.668633911019464904e+02,-1.150778534944786543e+03
9.196741187074258050e+02,1.473575405132768310e+03
-7.898807892257224239e+01,2.283558815179731027e+02
-1.093406881672969348e+03,1.266515254030314736e+03
4.289111706331516416e+02,-1.266823117135249504e+03
6.459028507233415439e+02,-4.578534258093014842e+02
-1.009800232615291861e+03,9.167531229679514126e+02
-3.702807831680203776e+02,-7.865707825087465608e+02
-1.155905580977741465e+03,9.317502835568234332e+02
-2.515958448531162617e+02,1.412883203898445572e+02
-1.073933841329715960e+03,9.420428385928772741e+02
6.799444352799093849e+02,-2.889076824712304870e+01
-1.081010026781848865e+03,-4.737655507121726828e+02
-8.619676003937330506e+02,-1.011835268647127350e+03
-3.665703065420873941e+02,-1.003174070462603254e+03
-8.408690113563601471e+02,9.661156624290845230e+02
-5.531617854295575398e+01,-1.220971345448945158e+03
-3.281276672829429231e+02,-1.259309657774408379e+03
-4.436119808702619594e+02,-1.093290468013198733e+03
5.590521831795115304e+02,-1.091936652025597596e+03
-7.154462185002302022e+01,-4.218995108713176023e+02
-1.492370843091927782e+03,1.966256637786034389e+03
1.606770177684524015e+01,-1.155709256604578968e+03
-5.152514544250198014e+02,5.351310485048916235e+02
6.722025271497170706e+02,-1.316868323763233661e+02
-1.070096898019743321e+03,1.450610015085564555e+03
1.196518306490786927e+03,1.930608252019623023e+03
-1.308907723684625353e+03,1.360104890439337169e+03
-8.112851377903089087e+02,-1.066433918687182768e+03
6.938771362250776065e+02,-1.005535264386858330e+03
4.224482260350822571e+02,5.621501900889643366e+02
-7.349000247399926593e+02,-7.338938043113029153e+02
-7.383911844227907295e+02,8.584677804396704914e+02
2.632034050582973350e+01,3.151389760750478786e+02
-5.397395329545241793e+02,2.718444075056879683e+02
9.590935929338172627e+02,1.301619579704585021e+03
1.160795834945105298e+02,7.655106168749034623e+02
-7.849583421603398392e+01,-1.420339914780577601e+03
4.243826045121295465e+01,-1.338009216066911449e+03
-8.188757161520072714e+00,3.927255422348528668e+02
1.573818748065406226e+01,6.226823997523439402e+01
-8.661830694649813722e+02,-8.667988101393880243e+02
7.207023718823654690e+02,-3.216531523475890708e+02
1.282764147196696740e+03,1.007905955197699086e+03
-1.233047464304348523e+03,1.290525055975167106e+03
-7.169774042555084179e+02,2.880002112778015544e+02
-9.242833158521232235e+02,-4.045382401280983231e+02
-1.022039589587586761e+03,-8.048265666389806938e+02
-6.601072410547417348e+02,1.921026844900299579e+02
-9.492141229950088928e+02,-6.523408311300217974e+02
-3.791920460399884973e+02,2.796531201566276081e+02
3.634344817062711286e+02,6.435834814902665357e+02
1.290710156404202280e+00,-1.308528350222283052e+03
-3.977419009662554572e+01,-1.543963592786585423e+03
6.737046860884146326e+02,-1.025705098105313255e+03
2.148234144410324120e+02,1.542050392479821312e+03
-3.759816420370697188e+02,5.328409487667831854e+02
3.785963596980101897e+02,-1.110794894918416503e+03
-8.695016688783384780e+02,1.577402501018879093e+03
-6.824720426704780039e+02,-6.770550089813411887e+00
-5.723303832551522419e+02,2.105839750780148734e+01
-1.072412558444234264e+03,1.733251211755784880e+03
4.405068332529197050e+01,-1.313031944223025675e+03
-9.451938818294547673e+02,-1.015018198069416258e+03
-6.378180538829099078e+00,3.633643203772743391e+02
-3.690137100417655347e+02,-1.056002016824633756e+03
-6.216237719475655013e+02,6.849000413527636510e+02
1.504806529762322498e+02,-1.044983346447146232e+03
-7.547454252755162543e+02,-1.229598263371553003e+03
6.084994788787719244e+02,-1.047567438845394008e+03
-9.827896958085273127e+02,-2.879233142268031997e+02
-5.083106573438695364e+02,-1.094586478336240816e+03
3.455285029748836223e+01,-1.132361506658848157e+03
-8.888549239408398535e+02,1.330994425244502509e+03
4.253401248601434759e+02,-6.358558323124759681e+02
-6.998915715505319213e+02,-5.434791331731425998e+02
-2.980517080971978316e+02,-1.320022259929811298e+03
-3.685702129915281944e+02,-5.464378862859246055e+02
-9.560215060107318550e+02,-8.649858733795290391e+02
-5.290845059624990654e+02,4.179211223790369445e+02
-5.224977720126989880e+02,-1.029857415705208950e+03
1.538305574199794137e+03,1.489382822268876225e+03
-1.126907559056239734e+03,1.695782586639944611e+03
-3.346132093859915813e+02,-1.225519203480365832e+03
2.569004368579524566e+02,-1.226248345116128121e+03
-4.028150870585187704e+02,-1.207482360067720947e+03
-4.114747016332910334e+02,4.510366242299664918e+02
1.337221127221457095e+02,-1.196992662285028700e+03
1.825298544526551723e+03,1.402303802021779575e+03
1.010007381841069218e+03,9.458810791860742029e+02
1.132979481752848187e+03,1.290071288278201109e+03
-5.298300142753382715e+02,2.126027872326577040e+02
-9.995593602137710150e+02,1.975534719697808441e+03
-1.903974783522230041e+02,-1.405513416102325209e+03
1.364218923999433741e+02,-3.878592154774935352e+02
3.018115845967346900e+02,-6.367530075251570452e+02
2.387453939946448145e+02,1.765538741812497392e+03
4.397726119423674618e+02,3.047649094177722873e+02
8.166634510796444602e+02,1.191667646376341054e+03
-9.324891839448607698e+02,-1.100823822371705319e+03
-1.101429616313626184e+03,1.885929968524299511e+03
-7.318955591457711307e+02,1.194703346772115538e+02
5.052884981978596102e+02,7.341435053762722873e+01
1.098531131775570202e+03,1.826356263913467501e+03
-8.638863949765884627e+02,-4.657893172162340534e+02
6.809199251141080822e+02,-4.008673874613907628e+02
-5.719160533057305429e+02,3.529969482947464599e+02
1.765416841521130209e+00,-1.178704873714627411e+03
-9.988380103212518861e+02,-6.151203722209351099e+02
-1.926779606816953105e+02,-1.084312015935572390e+03
-2.147378189247865521e+02,-1.227215002960943821e+03
-1.756959527630703860e+03,1.437769627292568202e+03
-3.366141781514195941e+02,3.344744003251781805e+02
-1.079694746887756537e+03,-5.340454457648121434e+02
-7.240582112349771933e+02,-3.721905181870889123e+02
-8.101746485379970864e+02,-2.248279990185321253e+02
4.598329804595351789e+02,4.928650264032705763e+02
-9.090701930008322051e+02,1.670756406143842014e+03
-1.208431010151049577e+03,1.734991577485455991e+03
-1.027805715618814247e+03,-4.607768403194768325e+02
-9.052727998820994344e+02,-5.981298352801698002e+02
-8.947911635776364392e+01,-9.512559799461968169e+01
-2.605093566439623487e+02,2.909312470822544583e+02
-5.401244087413493844e+02,-4.204445220983870968e+01
2.918634097137851313e+02,6.046682869977234986e+02
-5.194301777815794594e+02,2.587172480658037443e+02
7.504153960711335003e+02,-6.614451279162869923e+02
3.883668957721980064e+02,-5.713343956668254577e+02
5.970724346458803211e+02,-5.156773237783434070e+02
-1.146960658330613114e+02,-1.248308228045850910e+03
-3.015447625017679911e+02,-1.095478528995382476e+03
5.814105280167325418e+00,8.150759307944838383e+02
-6.574640552785052705e+02,-4.187880771050910766e+02
5.397877844698925855e+02,-1.039920992541140777e+03
1.755973540046795733e+02,2.815455921455955490e+02
1.032077323865451490e+03,9.654486505613431291e+02
-6.432867806620517968e+02,-8.857124736272062364e+02
-8.013694728200856616e+02,1.227080463717816201e+03
-1.196853639749982449e+03,1.667766185578377645e+03
-4.832620135898250169e+02,3.829454078370969228e+02
-1.393763838483471318e+02,6.440801747704608715e+02
-6.484024078839208869e+02,-1.340770015227899421e+03
-1.687755900788372855e+03,1.742548412530097721e+03
1.253674604250039692e+02,-4.388479048752773792e+02
6.934063135263517097e+02,1.664188957472305901e+03
-6.473077835247502207e+02,3.457617109509692455e+02
1.053075468350215260e+02,-1.517078182321503391e+03
3.970904463538943219e+01,-1.412044348533833727e+03
1.095395717491413734e+02,6.576039209109984540e+02
1.143524598522921565e+02,2.908418853698199769e+02
-9.259145373271337576e+01,-1.407601244028966903e+03
-8.066769561216381135e+02,9.343392111313374926e+02
1.135873854057872904e+03,1.373532518940223781e+03
2.330815107855255519e+02,1.083027047853352087e+02
5.809336683358151276e+02,-4.105837268203316626e+01
-3.538064925684622608e+02,-1.525725129359721222e+03
1.292935902278151843e+03,1.107693366938799500e+03
-1.072110772938927994e+03,-6.262534529487834334e+02
4.058824209015023143e+02,1.467251367999694594e+03
-6.780033490836257215e+02,-4.934043575131926218e+02
-7.068159178066457571e+02,2.989924724935428912e+02
7.290625925665733575e+02,-8.133385612436006795e+02
-3.878045801690362282e+02,-1.116966830644664242e+03
-1.114291133688590890e+03,1.068093991715029915e+03
5.507792387717486235e+02,1.004366338155361404e+02
1.094908634976022199e+02,1.934668379433279028e+02
-1.004889654665531225e+03,1.850825357426912888e+03
-1.899055463785839265e+03,1.822360353400533768e+03
-1.618443758427202056e+03,1.408803572679519675e+03
-4.755133598866353850e+02,-1.070726659754105185e+03
1.488007858151223672e+02,3.607252571942115082e+02
-1.196781186128001309e+03,1.467465141621041312e+03
-9.621696892481197665e+02,-4.760940615032424716e+02
2.763770133854370670e+02,-1.237745000687719539e+03
-1.317090195094252067e+03,1.243839309808150801e+03
4.556332077835833161e+02,3.570109633381093772e+01
-2.769137607032385517e+02,2.719482905631321046e+02
-1.135889234646972454e+03,1.957222567085595529e+03
-2.219018594808068201e+02,4.217543719826110760e+02
-9.018767194004851717e+02,-2.536151142853660190e+02
-3.098850351196125530e+02,-5.284358175811104275e+02
7.452903562567809104e+02,-3.252624928642578084e+02
-2.556454913354792780e+02,-1.205452617444861517e+03
-1.043430693650201420e+03,1.183583359331496922e+03
-8.684610814904749532e+02,1.273106323669899211e+03
-9.995708839331285844e+02,-7.516575852787253780e+02
-6.528139656133735116e+02,-7.211915423672268162e+02
1.866761543402810730e+03,1.496282988378587788e+03
4.662057899173817077e+00,-1.444749412039967638e+03
-3.106922105461717365e+02,1.837543374327140100e+02
-6.890616171297597248e+02,-3.751087930042245944e+01
-6.686543971021785637e+02,7.168594075329849602e+02
-2.829689897835797296e+02,-1.115728036830717656e+03
3.956769943837323922e+02,6.134185773794320085e+02
3.248038923705394154e+00,-4.452264592585052583e+02
1.471242772346982974e+02,4.423149983427819620e+02
-1.354503706948500508e+02,-1.362669756775525002e+03
-5.846150355271703347e+02,-4.582146534218821898e+01
-4.560496483545634305e+02,1.876133755015422366e+02
3.712707436302579822e+02,-1.007869220262987369e+03
-1.838917640656651997e+02,-1.160910388369319207e+03
4.183940826428255377e+01,-1.051667447644456615e+03
5.303039230855330288e+02,-5.649664650545603308e+02
-2.710336336072083441e+02,-1.250287166126631519e+03
2.253235638623158366e+02,1.746779690919325276e+03
-3.292607911741353632e+02,-3.991156636410880765e+02
-1.001769946892833559e+03,1.224971405432759639e+03
1.289687605428924144e+03,1.851001666855153189e+03
-1.820710417551597970e+02,-1.270140781378837801e+03
1.934590221334167381e+02,5.299747781025532731e+02
-1.138413996415336442e+03,1.441858754150685400e+03
2.495816608306529361e+02,4.920216531057127440e+02
7.307578446810600781e+02,-2.573742236715358445e+02
-6.024124621922061351e+02,-2.284633259047248544e+02
-5.457671367419422950e+02,-1.380510285419188449e+03
-6.065972030584617869e+02,2.251232302378207351e+02
-1.549526839150373235e+03,1.959896931025179583e+03
-1.817983129459014435e+03,1.828181873037467994e+03
-9.094174079945105404e-01,-1.368230420144252093e+03
-7.178575869480639540e+02,7.483122910435429276e+02
8.991349422456642060e+02,-7.393499169113134712e+02
-1.773947717578279935e+03,1.591479017435102605e+03
-7.325607689741952981e+02,-1.355327927420703872e+03
2.559871445457289951e+02,1.684027160444001083e+03
-1.464792420305552923e+03,1.400645668058491083e+03
-7.991999173308471427e+02,-1.202952125911652047e+03
3.607995362787158911e+02,-1.309100360920203684e+03
6.709964357289777581e+02,1.326834243580779457e+03
-4.639886120084639742e+02,-1.126756691257817010e+03
-4.559945723843611631e+02,2.208123674502499512e+02
-1.804816992373616358e+03,1.629005121256559505e+03
-4.695216509530558824e+02,3.032144854853333982e+02
2.931754785348061887e-01,-3.778684971580278784e+02
-8.397489333045371040e+01,-1.841064413206217409e+02
2.089886774204001085e+02,-1.352503055273004065e+03
-1.498937616719042126e+03,1.818816612656690268e+03
-6.391392531013912048e+02,-6.751615329503433713e+02
-9.355235647860135941e+02,-1.075187268054340620e+03
-8.953664847773295605e+02,-7.582392943773594425e+02
2.098855282959709712e+02,1.842076926812344936e+03
-2.532492289190318502e+02,-1.245087691475235260e+03
1.245999219465533770e+03,1.451808503573623739e+03
4.672364688462920412e+01,7.513811725774809247e+02
9.560006526641279834e+02,1.322209228479303420e+03
-1.564199550659838678e+03,1.835312278524125986e+03
1.865221413534791282e+03,1.345570456131828223e+03
-1.218966070559019045e+03,1.801817838380762169e+03
-8.553534947614765542e+02,-1.181104456412001127e+03
-1.202513104773178611e+03,1.151287748145143723e+03
-5.930040927504117008e+02,2.506179386269070619e+02
3.779253145846288930e+02,2.259333354247578995e+02
7.017136928572864463e+02,1.530595507522562002e+03
-6.457195343492517168e+02,1.849905085834717511e+03
1.995074895673269566e+01,7.273491380629110381e+02
6.331199564018669435e+02,5.683774199806038041e+01
6.788961393793186971e+02,-6.801911781354021969e+01
7.528563832185312776e+02,-4.372550995443666011e+02
7.140678039922079279e+02,-5.410029988090720963e+02
-1.006207584109035906e+03,-4.213578461496476280e+02
1.815306013799551010e+02,-1.284806144622850297e+03
-7.420031317513964950e+02,-1.285168841854055700e+03
-1.145472514656556086e+03,1.128135216709758424e+03
6.910803662379089474e+02,-1.498601631382646815e+02
-1.206704605830978608e+03,1.709864934247846577e+03
5.721570193893870737e+02,4.200996504367154216e+02
-3.692217268786635032e+00,-1.387385984106942033e+03
-8.139266759345366609e+02,-1.112877396343720193e+03
-1.598845518486032802e+02,-1.022362123069371137e+03
1.682853464905847886e+03,1.891321082858127738e+03
6.266420475325048756e+02,-9.945691715154027861e+02
3.081403745193904342e+02,1.582643015899077454e+02
-1.940384287754528032e+03,1.696621961363710398e+03
-1.594364594290895866e+03,1.888016446451199045e+03
-6.848425641316367773e+02,-9.409194069059014964e+02
-1.633573646577804084e+02,-1.361393298494738247e+03
-1.476891118752814691e+02,-1.107703700662381152e+03
2.780841070799652925e+02,-1.323074993079936576e+03
-5.906927223686665229e+02,-1.074962548447592326e+03
5.387059129175219141e+02,2.763798525052641253e+02
-1.172963387258389957e+03,1.619530592679187066e+03
5.613004793265264425e+02,1.924371426152296749e+02
-3.086411106910603053e+02,4.693050153333817320e+02
7.970737136649773902e+02,-1.027771381536216268e+03
1.135312830722664785e+03,1.204997387096577313e+03
-5.363361369735171138e+02,4.531390858651190001e+02
1.167016331083480509e+03,1.433827918025240251e+03
9.917623537101212605e+02,1.706195407381979294e+03
4.151609872048373973e+02,-5.617998349627882817e+02
-8.312867142655248927e+02,-1.239169687099468774e+03
-1.537433952585436714e+02,-9.881118828929659230e+02
-7.325065823963149114e+02,-1.938197595657393890e+02
-1.270371061171073507e+03,1.777154665689740796e+03
-1.890832428990023573e+02,-4.933994753767623820e+02
-1.098183552612954372e+03,1.036033143075795806e+03
-5.567869691744874672e+02,2.257097934361999592e+02
-3.759560986039051045e+02,-1.087364990817103035e+03
8.003534504199160438e+02,-6.281819676012861464e+02
2.832541116951438198e+02,5.295153066322956192e+02
-6.320920741271964971e+02,6.366292540264367972e+02
7.187520504302545987e+02,-2.059878793798574748e+02
6.766819563966913620e+02,-9.778726333784368308e+02
-6.282355001116701487e+02,8.317635444650153431e+02
-2.119220432521586872e+02,-1.119228107781896369e+03
-1.103945497752461506e+03,1.733105947123292026e+03
-2.886214613224984760e+02,-1.077930729647164071e+03
1.798834536612980628e+02,-1.209151670146298784e+03
-1.383420292621357817e+02,1.315883775248929055e+02
5.275609541996493590e+02,1.450084184367054263e+02
-7.257613862777394615e+02,1.576732355823850185e+02
-9.560243528824416899e+02,-2.142378158170853908e+02
-1.056319313875282887e+03,1.971466860286998326e+03
1.068178641195370915e+02,8.452754010750595626e+01
3.234363865712134611e+02,3.266309939443260646e+01
6.603836571704118796e+02,-3.033265090894721538e+02
5.805991739139864194e+02,-1.315236038132192334e+03
-5.861596161968125216e+02,3.723506449948274621e+02
-9.116017703495316482e+01,-9.932524236622755325e+02
-4.237560352543559361e+02,5.166413232288377912e+02
-3.682308530513975597e+02,-1.365750959978995070e+03
8.823963948464364648e+02,1.925085242787015432e+03
3.402835425700345695e-01,-9.811297018982827467e+00
-1.699759940475874146e+03,1.585841970040036131e+03
6.120454764112366774e+02,2.791593661047272690e+01
-6.238628277341308603e+02,-1.319724591335685545e+03
7.450212382308086490e+02,1.271101308403592611e+03
-1.863635094751757038e+02,5.355181918591144949e+02
1.249595501557504349e+03,1.043104514048334750e+03
6.967348901402573347e+02,-2.650032427738710794e+02
-2.536910719985172591e+02,5.163179410326131347e+02
5.373278476637921131e+02,1.416572847037892871e+03
-3.410442558759368126e+02,4.807231361257447588e+02
-2.095830184292972831e+02,-5.626353199330062580e+02
3.369493185102271582e+01,6.020789999320095376e+02
-3.964299362923526360e+01,6.127847991402455818e+02
2.157184621827471460e+02,1.822479552697977397e+03
-9.944111008713989577e+02,-4.887416855914241864e+02
-8.470818892340448656e+02,-2.975168657511497372e+02
-1.255854123322656960e+03,1.245642003371820465e+03
-2.019392383574387395e+02,2.009247792388765674e+02
-7.323709093249767648e+02,9.130953231813714410e+02
2.387086309913328819e+02,-7.425600950449336324e+01
-7.165896513403854442e+02,-1.003228578058737867e+03
1.188812219353626915e+03,9.500993952969093925e+02
-8.377109360438835211e+02,-1.180117585641231472e+03
1.247039231520736280e+02,-1.047466524761058281e+03
5.472420770980259022e+02,4.523804465651289775e+02
8.865250044966086307e+02,9.135415647133709172e+02
9.104856868075569309e+02,1.539941166127691758e+03
7.863907922093750358e+02,-8.182313886891778338e+02
3.017109092628453482e+02,-1.203484524703233546e+03
9.754285303663357354e+02,1.825542467621299920e+03
4.097900470019746422e+02,-1.142053173649745531e+03
-5.410659672612666782e+02,-1.037563468026186456e+03
-9.577154460769479556e+02,-7.254910600492578396e+02
-6.679054880974204025e+02,2.253691373567127698e+02
-1.317218083954866188e+03,1.503498537438673566e+03
-1.010426172647788235e+03,1.003918793350797500e+03
2.527582853485887426e+02,7.771307086108663498e+02
4.795575962792139535e+02,-1.093836659696111383e+03
-2.693748130948395669e+02,-5.565988904522396297e+02
-7.876044244286709954e+02,5.963861363333819554e+01
-5.058858891592544182e+02,-1.137824005606399169e+03
5.286424883972341604e+02,-7.861488511055347317e+02
7.767588922436760868e+02,-6.687843086075465635e+02
-7.112231444013141299e+02,-1.217121397448553125e+03
4.363299215227991112e+02,2.155571464789028369e+02
8.821427764152218742e+01,7.354571916264376341e+02
8.044113518189135448e+01,-1.298319644254525429e+03
6.899711913963182042e+02,3.539525731793929708e+01
-1.046303689212954623e+03,1.078252132905216058e+03
-1.070033965144542663e+03,9.066994163349465907e+02
1.586191571645359090e+03,1.236175071560671313e+03
-8.295168308125971635e+02,-9.867582248876914264e+01
-1.057426631629759640e+03,1.247892641878890572e+03
-9.083301261296527400e+02,-9.216533195026154317e+02
-6.650067369821545071e+02,-5.221290378663474030e+02
-6.252711683457587242e+02,-1.259468413002480247e+01
-7.513929516010362022e+02,-4.313188536992564082e+02
-8.081396200496736810e+02,-9.184277876704388746e+02
5.990310881483713956e+02,9.678026693696619986e+02
3.300249634902030493e+02,-6.643693530343514340e+02
-1.003142923109861044e+03,-7.819786768981829255e+02
6.148848279613781642e+02,-1.187863741258147002e+03
6.543987564997240725e+02,-1.926279230502856876e+02
8.458194216410277022e+02,-6.903925749217976318e+02
8.371214151900227307e+02,-4.940959163935792731e+02
-8.582507457182828148e+02,-9.584974197973065202e+02
5.684024745769920628e+02,1.016233270818454457e+03
9.047673013149972121e+02,1.697335935741150934e+03
1.860815821447536678e+02,1.292328418274132673e+02
-2.908067168384806678e+02,5.157242449177701928e+02
1.190393320935941574e+03,1.453029968328551604e+03
1.392611902776802708e+03,1.956370075417885346e+03
1.931780514953385364e+02,4.079811722122465767e+02
1.887581280036696398e+03,1.528121294628712121e+03
-1.844209414637810369e+03,1.551962921284111417e+03
-9.557473738855755983e+02,1.134444355606968884e+03
4.999540427303523416e+02,-3.937867147317803074e+01
-9.173407842275111079e+01,-1.283151982665524429e+03
3.133037968833301079e+02,-1.465631887967195098e+03
-7.141121064407807353e+02,7.350507914397041986e+00
-5.711789481988714670e+02,9.794260361735894094e+01
-8.025648492510460983e+02,-3.329989575614521868e+02
-1.055380796395743914e+02,3.425462640925755409e+02
6.280466239005528450e+02,2.488465663126123673e+02
-8.389381474010203874e+02,1.380199025193046509e+03
-7.551591883898225888e+02,-1.203249340870951301e+03
-7.942405144407301805e+02,-9.885720690605071468e+02
9.930434185616718423e+02,1.175590429269640936e+03
3.012493053023308676e+02,1.402178413959904901e+03
-1.279393530008912194e+03,1.470923328104897337e+03
-1.768664704535007331e+03,1.550420501271788680e+03
8.069542994368129030e+02,-6.618946323395196032e+02
6.586480489410183736e+02,-3.909299043037199795e+02
7.587665714159521713e+02,-8.339607214625585812e+02
-5.928366744099971584e+02,4.205431496383292256e+02
-1.268062786138772935e+03,1.709243690142050127e+03
8.695790257713508709e+02,-5.491625075815352375e+02
-2.150653398550272755e+02,2.679066085722385537e+02
7.750622976237985995e+02,-7.099318796805658849e+02
5.152354969351222280e+02,-1.106851088860036953e+03
-5.541648713419664318e+02,-1.049722856003337711e+03
3.352569532392794827e+02,-1.328675441704528566e+03
-1.416981526333666125e+03,1.646936893357249119e+03
3.048241154448376733e+02,-3.865267076914147992e+02
-1.197468085467067340e+03,1.326704535061247725e+03
-2.540795916544468014e+02,6.409204103261021146e+02
-9.505934795512605433e+02,-1.052535306218288952e+03
6.278874883006983509e+02,-1.111374946464861296e+03
-1.350508350990903182e+03,1.264770511024447615e+03
-1.045186268214875327e+03,-8.370595643049805403e+02
-1.893493876255079385e+03,1.620565855772108080e+03
7.412300899438690749e+01,-1.123602934245080633e+03
1.756410371312574625e+02,6.520334987935325444e+02
-1.011718556113092745e+03,1.246668791898111976e+03
5.115264838865414276e+02,-9.536888300714888373e+02
7.508616517559676140e+02,-7.901243984940823566e+02
1.053810369019046220e+03,1.840951969758179985e+03
-1.072839145745756923e+03,-8.465504886277451533e+02
-8.013163122839796415e+02,-2.514403383184932750e+02
-7.014242246413272142e+02,-2.555073624399648224e+02
-7.133923978820077991e+02,-8.808905991892354450e+02
1.389023579187255109e+03,1.070665773377606456e+03
-1.321894935060217904e+03,1.053630654855051034e+03
-1.440331694371960225e+02,-5.342206111021184824e+02
-1.637381537243275034e+03,1.318651832309986276e+03
-7.168283852025249416e+02,-1.027219348737316750e+03
-2.392345834547222694e+02,-1.536521769464350200e+03
-4.530443929007398651e+02,3.185308010536709844e+02
1.101297589436299518e+02,1.984377574338823251e+03
1.807831181641111584e+02,-1.382953479580059820e+03
-5.178101379882732545e+02,-1.002277656463958010e+03
1.469917326357060006e+02,1.773138675493538585e+02
-1.049765596937844066e+03,1.220683156675963801e+03
-1.292633619893456398e+02,-1.270331057323763844e+03
-7.869287010388827639e+02,-4.294799849495177568e+02
-7.402768491543665732e+02,1.029296259154839845e+03
-2.999395950038311298e+02,-4.873401881060340202e+02
3.040570088529577220e+02,-1.059133280210272005e+03
-3.534137830403662406e+02,-1.030242696039719249e+03
3.068370662737061139e+02,-3.467868584397695031e+02
-6.489713629512234547e+02,4.346830520753286464e+01
-1.083972930297569974e+03,1.423750837848392621e+03
4.968077932373594763e+02,5.271130351576488238e+02
-1.627027487874710232e+02,6.797456140149614612e+02
-1.520418810116125314e+03,1.863476195221752505e+03
-9.472109156024066579e+02,-3.406902118373358235e+02
-1.014702073194360878e+03,-3.760098624666613887e+02
-1.799911274055251852e+03,1.730677575660435650e+03
7.272239846918455441e+02,-9.705930508305411877e+02
-9.153931799796497444e+02,8.575814829092513492e+02
-1.231649314655140188e+03,9.710597852739454083e+02
1.490233514651805535e+02,-1.241134338835066956e+03
6.044095407640190842e+02,-1.766804899120529626e+01
-2.051986136734845445e+02,-1.019990589777934701e+03
-4.589855242482028075e+02,-1.055721300088909402e+03
-6.446022775767272606e+02,-5.345187797933334650e+01
6.253024031579474240e+02,-7.546146601324633139e+02
1.450643320982280216e+02,1.146606909578990781e+03
-1.741546967785041488e+03,1.628927034881755390e+03
1.091149881217821076e+03,1.228962155925892148e+03
6.218607659770759710e+02,-8.361662493610788260e+02
-9.632708232797166374e+02,-8.014565664613307945e+02
-1.036355576432512407e+03,-8.937815687074386233e+02
1.517574819493881932e+02,-1.176099298927027576e+03
5.955724006866245190e+02,1.814239326540200636e+03
-1.066633917677641193e+03,-4.001563093287194306e+02
5.594102923576298281e+02,-9.957040864206085189e+02
3.215551505502023133e+02,1.349036599664022560e+03
-1.081123474738446930e+03,-4.305315713607024009e+02
-1.927367695982184159e+01,-1.378093501211495095e+03
4.527069456155288663e+02,-1.126648290534635407e+03
-3.407802708143103132e+02,5.616714818834725520e+02
1.125251592816943685e+03,1.084090185447437761e+03
-4.097626341541433703e+02,-1.028572930182103391e+03
-4.738463303005721627e+02,1.629955930517279512e+03
1.735166021589258207e+03,1.395082328574198527e+03
1.870488193661429250e+03,1.368216246665172093e+03
-1.924362666706619507e+02,-9.873391798298473532e+02
1.789396692601807899e+03,1.438350741628989454e+03
8.858267258730148797e+02,-6.751013492400414862e+02
2.630501655929981553e+02,4.272092003409426297e+02
1.080570923525965100e+03,9.712027215097094768e+02
1.193814253367733613e+02,-1.184546628202128204e+03
-1.301989615592185601e+03,1.100193372359836303e+03
-1.948230575996159359e+03,1.726097295132464069e+03
-8.486648079734799239e+02,8.508074013933577362e+02
-6.823036954582363478e+02,-1.634602139686543865e+02
-1.047707011759026045e+03,1.474106451177367944e+03
-6.933084187585063773e+02,1.966184090756638625e+02
7.082619885469171095e+02,9.758335181303459649e+02
-1.104565176029533177e+03,1.320076363522321117e+03
-8.212667654273971038e+02,9.552499985735420296e+02
5.963468651356868122e+02,-7.500526871814445258e+02
-6.457937040007624319e+02,-1.206135262244863725e+03
-4.947140032450008107e+02,-9.630041998086016974e+02
1.439464562115404078e+02,1.237783168184225246e+02
-7.364534277372569022e+02,1.379162866151978051e+02
-6.571404054785737117e+02,3.616138011660214602e+02
-8.506781979443348973e+02,-4.190677158194296226e+02
-1.092494263979913057e+03,1.096477066891108052e+03
1.946659972520729298e+03,1.621303295113090826e+03
-5.071271097534273053e+02,-9.161199222314041890e+02
-7.694991995549564763e+02,8.866729356649295823e+02
3.875098229941511363e+02,6.491216858573039872e+02
2.903812112237707765e+02,1.840561966305102715e+02
7.754023603022716316e+01,-1.018141582137708838e+03
7.739113873215387684e+02,1.133689697065473865e+03
2.278431925644471789e+02,1.807131161333431919e+03
-6.745925790581338788e+02,7.971503851015415876e+02
-1.925482374961595497e+03,1.668483282044129510e+03
-1.533719113290057976e+03,1.900033071848409918e+03
3.339549255343442269e+02,-5.164116792168842949e+02
1.957315479602215191e+01,5.090320975771223289e+02
-1.901668717707195810e+01,2.803089326141588344e+01
-1.026840283874340912e+03,1.906651928141322514e+03
-5.033321748269358409e+02,-1.258119714459819761e+03
3.726460462858332789e+02,-3.550363906427077154e+02
9.194051175433151002e+02,1.504306323431156898e+03
8.697031908295599578e+02,-7.688431629335246953e+02
-1.330085343453015867e+03,1.117024180623760685e+03
7.602521725452368173e+02,-4.630405668069141711e+02
-7.430519194588839582e+02,1.917279697057467729e+03
3.211498077345663660e+02,1.496243460482517094e+03
1.045818487807910060e+03,1.022526330611261756e+03
-8.161359576432882932e+02,-5.750343550655295530e+02
-5.604277570465632152e+02,4.069574433319490936e+02
7.226819941609193165e+01,5.728455184425251900e+02
-8.171769199205033374e+02,1.289777415314420068e+03
-5.839359127812745101e+02,-1.414340337764910146e+03
-1.331805009814149798e+02,-1.003540162610276070e+03
6.209681943006273741e+01,7.806668179629150472e+02
-6.014098961714696543e+02,3.013123822540694619e+02
-6.838193032240627645e+02,1.093909315567776730e+02
-3.501080810106472541e+02,-1.341205569290755193e+03
6.776231121237668731e+02,-5.719738493660508993e+02
1.718307019992681717e+02,1.456048262180775509e+03
1.450842533769380793e+02,-1.425492035880368348e+03
7.708586902173880162e+02,-3.942326494390809444e+02
1.327008806860175127e+03,1.792284356221718554e+03
-3.402093870845411061e+02,-1.372320147519927559e+03
8.126997867773889084e+02,9.217221200253959523e+02
6.735123049320020527e+02,-8.788014238403632135e+02
-1.013097183321408352e+03,1.448916632821930762e+03
8.504566554762959640e+02,9.214736110490952115e+02
-1.673088311517267357e+03,1.499961931049093664e+03
-3.272724129998567832e+02,-1.013441761835455736e+03
-7.262720135837855651e+02,2.241443443455190732e+02
8.983116189373271254e+02,1.050354836395526490e+03
6.320049854600074468e+02,-9.378741280509941589e+02
-8.838979710335231630e+02,-9.620948889742041956e+02
-6.687043221646374604e+02,-1.402709416880607932e+03
1.544974896950021048e+03,1.772139203276818762e+03
-6.859614534189495316e+02,7.417861173909886929e+02
-1.203098907249938065e+01,5.160455882198363042e+02
9.785363871324102547e+02,9.300593329396821218e+02
-6.274103007031726520e+02,2.281722450081048237e+02
-5.383299542239510629e+02,4.242467524298490389e+01
-6.790265993376954157e+02,-1.140716291773523494e+02
4.584852479793255497e+02,5.261797410108122222e+02
5.676148858494610749e+02,-1.051746158046430992e+03
2.545022619697712685e+02,1.535232715076420391e+03
1.535225553077040104e+03,1.208449906974320811e+03
-6.575228875007885563e+02,-5.487440233967172389e+02
5.543768693352203627e+02,3.121612215193812290e+02
3.752618357587627429e+02,-1.152109615394783532e+03
-1.530424603839834390e+03,1.781174099705505114e+03
-1.832985812169313476e+03,1.524698573084646796e+03
9.122697000492769348e+02,1.615790254149744669e+03
7.595843655158000729e+02,-6.322866159759206539e+02
4.060040505597726224e+00,-1.087219297702276435e+03
2.303240844992257053e+02,-1.027010457513028314e+03
3.473141450143845077e+02,-1.249604116899119845e+03
-8.244002072906459944e+02,-1.202469193561143129e+03
-2.420793376435401001e+02,-1.286968147094571123e+03
-9.208160029634946113e+02,1.948517500916757399e+03
-3.143460200388403791e+01,-1.280201336698997920e+03
1.093988695916024767e+02,-1.166516271103537520e+03
9.634424045260840330e+02,1.279394097595016319e+03
3.740349910292798086e+02,3.280766503671665646e+02
1.116200347677242462e+03,1.067455916689561946e+03
-4.017977589927929216e+02,4.756530740983026817e+02
1.252930722233088545e+03,1.494581063697407444e+03
3.157334018201410686e+02,5.030100765550875508e+02
-5.412792843261217968e+02,1.917228840960831349e+02
-8.340625955259122293e+02,7.698482483635899598e+02
5.861873399650096417e+02,-1.498520315828508842e+02
4.921323844584867402e+02,-5.305435771479443474e+02
-7.984938090531215948e+01,-1.544540181339243645e+01
4.488216749626133151e+02,-1.089978421744668822e+03
1.495520704546941488e+03,1.163612510968868037e+03
8.314129996848873816e+02,-8.569919063612941272e+02
-8.391316175011606902e+02,-9.159084840558267615e+02
1.140697537443376859e+03,1.335616754341486285e+03
5.655213400808543156e+02,-5.904464928768118170e+02
-3.992301261426689507e+00,6.615890922888166870e+02
9.316355815300954646e+02,1.419781035309874824e+03
-4.709362481392770405e+02,-1.298152510205730323e+03
-9.830580893617933498e+02,1.028801001802083192e+03
-7.626785317443808481e+02,-6.797397858230167458e+02
5.875720093018850321e+02,-1.013287759100701464e+03
-2.370703151414005561e+01,7.303767775117103156e+02
-1.864173569911184813e+03,1.573239998609861232e+03
-1.053127627969556897e+03,-6.919730451500734034e+02
-6.620901583632161191e+02,2.977213283077000483e+02
9.059168235865018914e+02,-7.709918983617321828e+02
-5.636918643322067055e+02,2.959980028370696914e+02
-1.172585759581102138e+02,4.522916212903615474e+02
-6.375044847665947145e+02,4.357041906275816245e+02
-2.888854666035456376e+00,4.455592592614573277e+02
1.827050729038890609e+02,-1.165032029657347948e+03
2.805385703067469194e+02,6.544596633231009264e+02
-6.596750051381604862e+01,6.396541161954780819e+02
-3.625017938024925002e+02,6.810510556290751083e+02
-9.423856036184474760e+00,-1.266491586626981416e+03
6.597779078212369086e+02,-1.535989218900516562e+02
2.500374897343706948e+02,-3.584985948846545512e+02
-8.479838083354593437e+01,-1.265128689095352456e+03
-5.772360618266674237e+01,-1.038282312593929191e+03
-8.940704298974769699e+02,-2.107385342760184699e+02
1.153365743687608756e+03,9.205357923168622847e+02
5.581806351931575136e+02,-9.734412437393114033e+02
6.406054685532046733e+02,1.299249290856462267e+03
-5.538025946498436269e+02,2.504385726077453000e+02
-1.121290988219190467e+03,9.777734508172676442e+02
-6.023265536114511178e+02,2.046622941947816798e+01
-2.089431481712756522e+02,1.233393060079839643e+02
-3.732960395724063574e+02,4.473535576257992830e+02
9.033021651244388295e+02,1.656208785347390631e+03
-6.985798064314681142e+02,8.413060954991237850e+01
3.218110766914261944e+02,2.100432729885389449e+02
3.668337066742424213e+02,4.211860260042374193e+02
-1.116691995734393686e+03,9.092726524910483477e+02
1.379026331388851645e+02,-1.328655959126144353e+03
2.544986744269752421e+02,1.763654690120552004e+02
4.967616731330991797e+01,5.293254973988808842e+01
-5.283775412566592422e+02,1.768164951632135853e+03
2.123061959905041363e+02,7.487733479613496002e+01
6.458565287314166881e+02,-1.284205479705974540e+01
1.607856016679864297e+03,1.852382990746724545e+03
6.654944355364926878e+02,-1.059058161627373806e+02
3.178680425040224122e+02,-1.079705668917499224e+03
6.423879471482541703e+02,-1.025405960819114398e+03
2.427616589043597628e+02,-1.285637723681359148e+03
-8.378059778023867921e+01,-1.565503520261661606e+03
6.438043075831683382e+02,-2.333573953749109364e+02
1.107850580643549165e+03,1.046774711914770705e+03
6.006479260283481381e+02,8.611103957815049625e+02
-9.101339696676348012e+01,-1.389161446227972647e+03
-2.308352007225096258e+02,3.189431425376173479e+02
3.088454019206110956e+02,-1.118508022960294511e+03
-1.305910954556528395e+03,1.774183549140422656e+03
4.917555706835543106e+02,-1.107690716240414531e+03
4.779203521974719138e+02,4.656116929308223007e+02
5.859924407604756880e+02,-6.491762608290326853e+02
-6.986139897470110327e+01,5.184901814365980499e+02
-2.048471640584588727e+02,-3.452820784709979307e+02
-8.568544801374430335e+02,1.005926057119992834e+03
-9.579622615415040627e+02,-9.893532879807509062e+02
-7.987808070656490145e+02,1.628963425000878260e+03
-7.454122695339015081e+02,1.277612555675307249e+02
-1.059075761939190215e+03,9.760617917785629061e+02
1.847599279911614303e+03,1.373885777912151980e+03
-3.023643998139175437e+02,-1.001330371495869144e+03
-1.073460264635961948e+03,-7.543249339972452390e+02
-9.467634292428729168e+02,-9.055886610800923791e+02
-9.125677755449975166e+02,-8.367990913488683873e+02
5.535376816986905624e+02,3.410036437688293631e+02
-1.823059209871533767e+03,1.902241075942544057e+03
2.688451022310601957e+02,1.952338917136290775e+02
-1.415913324829131852e+03,1.459413386421569612e+03
-1.092649288511305713e+03,1.678203874073549741e+03
1.793355052522656479e+02,-1.061836632732588896e+03
-3.854024887015981449e+01,2.172685834258294335e+02
-1.386066304461338859e+03,1.326492336441970565e+03
8.835632517137599962e+02,-7.076956299610671977e+02
-7.939410321046400441e+02,-2.012708591712825523e+02
-9.810248145638854567e+02,1.937633117597206819e+03
1.895762607460348590e+03,1.898005746089263084e+03
1.270796623630273643e+03,1.587330977786460835e+03
1.091755253607796476e+03,1.164595688200581662e+03
6.101375640017209889e+02,-8.156514302575784541e+02
8.766039238792012611e+02,-6.356271687251578442e+02
-6.982985128197032054e+02,2.394424901080827794e+02
6.106718108522244393e+01,2.855278975297483157e+02
-5.746138312952448359e+02,1.339750840279552335e+02
-1.558676323781401152e+02,5.256099785048616013e+02
-1.046579915439363504e+03,-3.515157972326147728e+02
-1.039408312733212369e+03,9.487851895227498744e+02
3.388848095214882505e+02,-5.862491508229589954e+02
8.918219532901275670e+02,-6.192723012914998435e+02
-7.470263141009111223e+02,-1.178256303240953457e+03
2.509941998701268062e+02,-1.060402627326395304e+03
-7.351659577179397047e+02,-1.172983937557910394e+02
-1.282575203958558063e+02,-9.823693303873367313e+02
-1.189940288397028326e+03,9.571297998722104694e+02
-7.206842124609484017e+02,2.674867732611687643e+02
-9.421101364446542448e+02,-6.320850773962106359e+02
-1.269661938644711086e+02,-1.089669746339432550e+03
2.465417916183139369e+02,5.574081781538143332e+02
7.737586197730723825e+02,-7.934251325838356479e+02
5.222441030122697612e+02,-1.324765913302388753e+03
-5.701917109066666853e+02,-1.289953270461466673e+03
-3.972419856657580794e+01,3.448448289599116379e+02
-4.635656079771106874e+02,-1.433909525706689692e+03
-1.129420474140789338e+03,1.418459815779838664e+03
-6.202265265699844576e+02,-1.134854119436445899e+03
-4.735993146940279530e+02,4.133936269905370864e+02
-8.591124409738390568e+02,-1.450852396744360817e+02
-7.516503486666430263e+02,-1.500088682121133843e+02
6.734603422162365405e+01,-1.274410052401570510e+03
1.131353325335898035e+03,1.244284988139304005e+03
-4.357451778320793778e+02,1.501081969436319923e+03
2.692820783207736213e+01,-1.493235882594360874e+03
6.171023663586061048e+02,-1.087429036844853499e+03
1.732342848158837114e+03,1.610851455540583174e+03
-3.825767527602815221e+02,2.431238084166929525e+02
-7.049053745218454878e+02,-1.141735717185036037e+03
-4.832423260111696095e+02,-1.042684585888875517e+03
1.545754769334374146e+02,5.915574196893948056e+02
-8.758685647459111578e+02,8.052662637115298594e+02
-3.419424063883576537e+02,4.265174177910373032e+02
-1.322880825381262639e+03,1.816193371410347027e+03
-7.071372519821477454e+02,1.089668684229852147e+02
8.608882383862794541e+02,-7.046471235181413704e+02
-6.773907932060126313e+02,2.052115022944207112e+01
1.605469813663518153e+02,-5.361537622907621881e+02
-5.432401774093477798e+01,-9.921981014996656540e+02
-3.066053895749604408e+02,-1.346857519283742477e+03
4.565431142816308352e+02,-5.142438530371007346e+02
-7.196323375932036015e+02,8.157591437304597548e+02
-5.110807717627776015e+02,-1.451656368390685657e+03
-7.153651020785042647e+02,-1.739621761254031185e+02
4.794161952795005277e+02,5.619964942382313211e+02
-5.832411264034644773e+02,4.539594372694691060e+02
5.343303674058063280e+02,1.069585534158600694e+03
1.382914966749611949e+03,1.310912041557428438e+03
-8.524122151720121110e+01,7.587218534478864740e+02
-3.842125602388267680e+02,-1.235060516050304614e+03
4.675786773462306201e+01,2.023188182598744334e+01
1.505153698570637744e+01,4.123977217453457911e+02
4.916320003621697765e+02,-9.248863583541440221e+02
5.378916679778996013e+01,-1.365786656405773556e+03
-6.146549709008309037e+02,-9.909082070955466861e+02
6.295096997670106020e+02,-8.248531379789113771e+01
-6.782360439115234385e+02,-3.724051716213023155e+02
-2.737528863663743550e+02,-1.090500692074049766e+03
6.583236598906103154e+02,1.281319747476839439e+03
-1.156889335986311835e+03,1.647537467387487595e+03
2.582843317410896589e+02,-1.037920832478551347e+03
-1.203191628685917976e+03,1.687770303606710513e+03
-1.258433330077249934e+02,-1.451548685821636354e+03
6.388324810311507918e+02,1.638580379690009067e+03
-1.278161832868049260e+03,1.822783947425091355e+03
1.615948386835918882e+02,-1.475087186447299018e+03
-8.704649662247396691e+02,1.015735181752963854e+03
-1.343066407006524514e+03,1.859095625716761333e+03
2.255198125067005321e+02,1.608316360035598791e+03
1.804926456892221154e+02,1.892282542552752602e+03
5.000787776131414830e+02,2.294435265177580163e+02
-1.980289782678724464e+02,-1.297231517227365202e+03
1.870734252320960422e+03,1.388204082590316375e+03
5.425973847319969536e+02,4.187161493526878075e+02
-2.928814138103982145e+02,3.880742468159371583e+02
4.846776350745196282e+02,-2.531591760941532243e+02
-1.218335016699086282e+01,3.206564893876935685e+02
-1.649473219705271276e+02,-1.141597441560771131e+03
1.118034129904766587e+03,8.988674855447510481e+02
-7.697800447070493419e+02,-1.288084808161258479e+03
-9.260101869879366632e+02,8.368646314528086805e+02
-7.796517401419280304e+02,1.385319500913331467e+03
-6.419722678843356789e+02,9.638955470672385673e+00
-6.017791766835443923e+02,1.381001138200991818e+02
3.942366407328947275e+02,-7.266840569723915451e+02
1.981095701926182073e+02,1.866461984061418207e+03
-9.576175075668418231e+02,9.106551059317075669e+02
7.105800469907069328e+02,-5.046327009308365064e+02
3.924679326711012095e+02,-1.092913370146937268e+03
-6.219903002166080341e+02,-1.027041044301583725e+03
-5.762556153453374463e+02,-1.569168126576670375e+01
2.246297242142512118e+02,1.716463067492935579e+03
-5.099410995730670493e+02,1.127041144352148876e+03
-8.975320069585209239e+02,-1.002247304431663792e+03
1.781464243310950906e+03,1.392724785173326836e+03
-3.531506837407042099e+02,-4.931135479864454396e+02
-6.919748576239692284e+02,1.445261341958663479e+03
6.041681136336944746e+02,-9.346741702045175089e+02
4.971794656360486897e+01,4.468860505277081074e+02
-1.167729746201767284e+03,1.701107310812109972e+03
-1.029210542286520194e+03,-8.731445161806352644e+02
-2.160894528343482079e+02,6.739410077145453215e+02
-1.545481162919601275e+03,1.928863436616446734e+03
-3.331195816910542362e+02,-1.145367548232393801e+03
-4.289054691112940532e+02,-1.250874836218320524e+03
4.923370793495115549e+02,6.441682512113544590e+02
3.670205748268077173e+02,-5.873595706814256800e+02
-2.841993821496083683e+02,-1.291295491440751221e+03
1.455008815950444045e+02,1.486886384025751795e+01
-8.359113931838943472e+02,9.845671391805831263e+02
5.753994016606287687e+02,-7.766199881584753939e+02
-7.666885216159923857e+02,-5.959532612033854093e+02
6.299288132572763743e+02,1.375214940907259233e+03
-6.365551791427031958e+02,1.585360060345468014e+02
-1.077114155799951277e+03,1.348559652421682131e+03
-6.566663774561880018e+02,-1.344759167955515977e+02
-1.448529337791382204e+03,1.706417816481201726e+03
-3.677766139211243512e+02,6.126778924249629199e+02
-1.798628738181375297e+02,-1.210311305637785836e+03
3.547124459842439137e+02,1.476988174192360475e+03
-7.727562919906783918e+02,7.710048740986167104e+01
-8.073145065238938969e+02,-1.150100795337966247e+03
-6.891341711255720384e+02,-1.138929760247496233e+03
8.995633412818932584e+01,6.895994684631313021e+02
6.487787566055607158e+02,-7.681506071304595480e+02
-1.176087603089717959e+02,-1.140827538378402096e+03
-7.734237776158113320e+02,-1.778076333727696579e+02
7.570663990982382074e+02,-3.430707837831542406e+02
-6.732506219864783361e+02,1.825707264634559124e+02
-7.350107599047350959e+02,-8.019997486900695094e+02
-2.719759064578360608e+02,-1.389888014988765690e+03
-4.233691619608532619e+02,4.357548153230260368e+02
4.372841963477827676e+02,-4.640933744971351871e+02
-1.704911302892355707e+01,5.628951535023924180e+02
-8.188957642605146248e+01,-1.488075025300249536e+03
5.273904871903482672e+02,-9.248857294861838909e+02
-8.459004813552683117e+02,-7.385136273653017724e+01
2.651139685531899204e+02,-4.227099239514669193e+02
7.792019599578173938e+02,1.234871601009097049e+03
-8.309330408760229147e+02,-4.958054285896344027e+02
1.385568884001671108e+02,2.104707701515528129e+02
-4.102384804782732886e+02,3.749763920978804776e+02
-3.642724883108081713e+02,-1.438693564923670465e+03
-3.757656371056557987e+02,1.560879312413467801e+02
-9.840207373989737789e+02,-5.773035071448060762e+02
-6.682293126931676852e+02,-3.170133510668139820e+02
-1.940552949527923943e+02,-1.240288430712894296e+03
1.020341690411167974e+03,1.097072336004424642e+03
-1.076140533590777522e+03,1.773939516935292431e+03
-1.594805261787257677e+01,-1.429300356923015215e+03
-2.280379284809382057e+02,3.946339113411997346e+02
-1.025947245063457785e+03,1.029783980454285938e+03
-6.890185999524595672e+02,-7.414074335666442721e+02
1.132907919642816069e+03,1.123961057864775057e+03
-3.745474253064810455e+02,4.782990482119475928e+02
1.287462051998410288e+03,1.664883730777767141e+03
-1.049456574454188967e+03,1.859091394748239054e+03
-5.947352066526576664e+02,-1.376230675000155657e+02
5.922873738778434927e+02,2.595497233637414070e+02
-8.228616181717648033e+02,-1.141930368726682900e+03
8.914176518271813165e+02,-5.967826250277551026e+02
-1.015446102615404129e+03,1.938711061257727124e+03
-1.494771854608549688e+02,-1.480607782298463917e+03
-2.858562621073440368e+02,-1.463911880788108988e+02
-1.126327608949053683e+03,1.358337676818789987e+03
2.324288302674764850e+02,-6.426132394352669053e+02
1.036867809983598931e+02,6.027234188893743294e+01
1.077808335624422853e+03,1.907931037185000605e+03
-5.455787192891540371e+02,3.179076965998888227e+00
6.598586238948735172e+02,-1.185526805630661556e+03
7.963713893875649319e+01,-1.360583631151569534e+03
-1.881664794603125074e+03,1.771601731483222466e+03
-8.649254518610175637e+02,-8.271833307151222243e+02
-4.228997345958472920e+02,1.487787193217499748e+02
-6.632670756124008449e+02,-1.275360967611575461e+03
-8.755890819579938125e+02,-3.267954588994646770e+02
1.242763067193595361e+03,1.713834358691487978e+03
-4.647841537626939612e+02,1.419335426433440261e+02
-1.861143451590834275e+03,1.858579472826683059e+03
-1.057122722784749840e+03,-8.728880319281338416e+02
1.071681133160385002e+02,1.336231799953225163e+02
1.705778379718952237e+03,1.432329683368433962e+03
-7.756649191602253950e+02,-1.313863070211627360e+02
-8.835965761962324905e+02,-7.896848694347398805e+02
1.851767612868218748e+03,1.437340604783881872e+03
8.056185996570150110e+02,-4.449602225838455638e+02
1.693430014273553752e+02,1.531884889343677969e+02
-6.069171437675513516e+02,1.875876641685845698e+03
3.528507175932668360e+02,-1.075460860247997061e+03
6.396846671050241184e+02,-6.830776659987170660e+02
4.575733676309135944e+02,-1.400174295221816010e+03
-8.268432669680079243e+02,-4.374772179785662729e+02
-5.210980437183386584e+02,-1.059763307854341747e+03
-5.388672879194416510e+01,6.639298946768934684e+02
4.158998307123627569e+02,-1.086584699165925485e+03
-6.232022226326705550e+00,6.242251559534088301e+02
7.390043122636336648e+02,-8.575936503207232136e+02
-8.590979080569591133e+02,-5.551756258461184643e+02
-1.075210838435751839e+03,-5.584345576784670584e+02
-2.781825975550873409e+02,1.012829227944182549e+03
-2.904443488999334022e+01,-8.576921865571591752e+00
2.692898067735407608e+02,-5.025845967432414341e+02
-1.730725069613854430e+03,1.411663808897035779e+03
3.242573874703319348e+02,3.388759087093174571e+02
-1.175159424192722213e+02,-1.032446336590459623e+03
2.183079187523378550e+02,1.573733172959042577e+03
8.448093539856347434e+02,-5.660021086990409458e+02
4.962565443661318909e+02,-1.377135319443359549e+03
-8.775633359954582602e+01,1.176852497475729820e+02
-1.063597036753293423e+01,-1.212161559167111818e+03
4.282521986539802583e+02,-9.570975992564444823e+02
5.908900832436233941e+02,9.476899886146202334e+02
3.753294094345264398e+02,-1.182119279506046951e+03
-9.929322051828260101e+02,1.201232955419466634e+03
-6.734263945745908586e+01,1.719290423877720968e+03
-4.912646088253956123e+02,4.081819312371266051e+02
3.400451904798273972e+00,7.610229185804263352e+02
1.604114859852455766e+02,7.661543904332455668e+02
-1.005042923357382847e+03,1.964637049445274897e+03
2.645937067560407741e+02,-5.473947599561163315e+02
-6.582317755186918475e+02,-1.103229934581541329e+03
2.271770343587192542e+02,1.678534042956403027e+02
1.700834884180770246e+02,2.086444142541722613e+02
3.773330144791853513e+02,-1.077720358969433391e+03
-2.801932397013834475e+02,4.148372226580883648e+02
2.814858086338833232e+02,-1.484766931185390831e+03
-1.140652079958118065e+03,1.673872500408438100e+03
-1.076987032364701008e+03,-8.246419363151205744e+02
-4.266107905654686760e+02,-1.403658210554922562e+03
5.582389654089644182e+02,-1.228416600034045814e+03
5.747945324649026588e+02,-9.407337329941160533e+02
-1.078340228025919487e+03,-7.986425888113465135e+02
-6.129178764566697737e+02,-1.405067129463838000e+03
-9.286105294072511924e+02,-7.892470490532289205e+02
-3.449536784143967338e+02,-1.060523474648399315e+03
6.795265001927191406e+02,-4.820950595025340135e+02
7.684441364814762210e+02,-4.435648422479880537e+02
-6.894858457884407699e+02,-6.064448138603700045e+02
-4.208050848998897209e+02,-6.130751514718781436e+02
1.438030167472297194e+02,-1.264988336855497437e+03
-6.433402125819156936e+01,-1.444170013935230372e+03
-9.051241737664684024e+02,-1.030517776786647573e+03
1.054905540704114173e+03,9.781044274379507897e+02
-9.333904625402346937e+02,1.955328014950282977e+03
-1.257560540946240963e+03,1.680599568179304697e+03
-2.149604298911751243e+02,1.643140294426058290e+02
-5.260136387132674827e+02,2.343017123534156099e+02
-1.051868196911352697e+03,-6.580522520561569308e+02
-8.460803427835451203e+02,1.101796793712221188e+03
-1.272412651322759302e+03,9.821359336633349812e+02
6.094827184869171788e+02,1.367962879562005583e+03
-1.223411856095390249e+03,1.496098128055063626e+03
-6.756177508502739784e+02,-2.774359755235616376e+02
1.100527175435931440e+03,1.027101042329581560e+03
1.258438883318315675e+03,1.182032897692926099e+03
8.275404024533230540e+02,-6.799104605403365440e+02
1.980311149148749791e+03,1.682782190056576610e+03
-2.418441463084374732e+02,-1.251218060670566274e+03
1.330062330035971627e+03,1.966143162260122608e+03
8.201215145476163570e+02,1.036950716454298799e+03
-6.644844142071976876e+02,-1.240304227975320828e+03
-5.175707858909888728e+02,5.854658661970029243e+02
-6.971643799152948304e+02,-1.379032716747401309e+03
7.455141757431647420e+02,1.175955855364393301e+03
-6.500603482409127309e+02,3.824161859616364723e+02
1.870397157457560297e+03,1.436621574062867239e+03
1.759666147255867941e+02,-1.236391518363132263e+03
-6.000384756837320310e+00,-7.949716117145128464e+02
2.831279159826323166e+01,-2.561208002300989506e+02
-2.188434425704656405e+01,-1.348274850404945937e+03
6.661213181907925218e+02,-8.224928009682424772e+02
5.954106616558283349e+02,-4.498149934803515748e+02
-8.092257766301631818e+02,-2.908767666989564304e+02
-1.810001867246947995e+03,1.494024387886541945e+03
-1.683875569077582668e+03,1.550291476424346911e+03
-7.292725253073078875e+02,-2.657522449672927678e+02
-7.345038344599867060e+02,-6.099276734021091215e+02
-3.250192513064831701e+02,1.042317465625970385e+02
-9.900486584922151678e+02,-3.185963870579928425e+02
-6.822823948810994352e+02,-8.479688695122796389e+02
-9.471311107235607096e+01,1.488415156422993846e+02
4.749816577407315776e+02,-1.147934474785570046e+03
-4.735466997363602104e+01,-5.599144369998435877e+02
-4.450089796599587544e+02,3.052749179274078983e+02
6.699484416135101128e+02,-3.503286724261178620e+02
1.720081665713714756e+03,1.275025957523367197e+03
8.177792131889293614e+02,-8.837922036644096124e+02
1.697379812419128029e+03,1.812496603285778292e+03
-1.059764562564044809e+03,1.106522750182439722e+03
-1.290847067813540207e+03,1.871767185354476624e+03
6.754884229017767439e+02,1.344628549526761390e+03
-5.254195030626902962e+02,-1.157535793388310594e+03
-2.421286517832649565e+02,2.110638831264589044e+02
5.324978839050595525e+02,-1.127298503665032513e+03
7.631950969416061525e+02,1.253321067438805130e+03
4.758840742419110370e+02,2.949534937173993399e+02
6.671286412957027778e+02,-8.587760812051436687e+02
-5.334249477115897662e+02,-1.216871876863685429e+03
-4.985205034932093326e+02,3.059144664380445988e+02
-5.197776833817727038e+01,8.062511272246626959e+02
-3.706316596133422081e+02,-1.328603396913032384e+03
-2.457661620145140091e+02,3.683889217359160284e+02
9.777170371168665497e+02,1.226162606211767070e+03
-2.289580011404689230e+02,-1.316312469441351368e+03
2.768629192048956611e+02,1.492418885202431511e+02
6.509025384715306473e+02,-8.761464172178522176e+02
3.852449405003517313e+02,5.803338597468962234e+02
-1.252542504176642524e+02,-1.231314757405766159e+03
2.297996708751827555e+02,1.685597966202076350e+03
1.226627530255404963e+03,1.515490416659766197e+03
-1.310966084759829187e+02,-1.064536434247989746e+03
-8.594380502269933686e+02,-6.405672083829290386e+02
5.804619031705271937e+01,8.389353892589127781e+02
6.988790133049798214e+02,-1.721873022326110458e+02
-7.254622672098122393e+01,-1.127597585050562202e+03
2.528107717504056495e+02,-1.246659454974553228e+03
-4.167379728018289597e+02,1.988751591210352217e+03
-5.964244098370566007e+02,-6.995997491061558549e+01
-1.785306151004217099e+03,1.464216956002559982e+03
-6.328902544530080831e+02,5.832433497130296018e+01
-1.773130295489763967e+03,1.671150471598065906e+03
-7.898489986128430473e+02,-1.269370606552345862e+03
3.632205352454940339e+02,-1.215451554105427022e+03
-1.144745190968144016e+03,1.772196784383313116e+03
8.542259475319997364e+02,1.778491013049801495e+03
-9.737897748352634153e+02,-6.464899823451406746e+02
-9.200121193901500192e+02,-5.637380839394126042e+02
-5.586745806237479428e+02,-9.299324858917088932e+01
-2.892978808993316875e+02,-3.323449002775055305e+02
-4.952898174763609518e+02,-1.060831381068665223e+03
-1.239563295802016455e+03,1.585678926013565160e+03
6.733875176460304601e+02,-8.978629421969219493e+02
2.800701972937437745e+02,6.990563466570097262e+02
2.463260216443512718e+02,-1.397053160510350153e+03
-2.344487055586625956e+02,5.642687237088983920e+02
-6.490702617919530439e+02,-5.922017284238177126e+02
-8.509430169682076439e+01,5.687857108401652795e+02
-3.710767208554059948e+02,-1.264429399917647515e+03
2.272567705991278331e+02,1.785732120183517509e+03
8.184380909515687108e+02,9.529826890948260143e+02
-1.602342556857174259e+03,1.468526268127535559e+03
-5.498695022482502281e+02,-1.173653788344622626e+03
-6.380241803698525018e+02,-6.429526735649610600e+02
-7.839056992394275767e+02,-5.159504576396782340e+02
5.245807343155905755e+02,1.959724961460995019e+02
-9.156478650556330194e+02,-7.137554793474640746e+02
-3.910410044473726998e+02,-1.318990195537506224e+03
5.028734927872773142e+02,-4.806365181006390230e+02
7.717025721543501504e+02,-8.939117542627069497e+02
-1.488605984266598625e+02,-4.759169694740009504e+02
-9.329844424313420177e+02,-1.045470246841276548e+03
-9.862785455154298688e+02,-8.691720528619898687e+02
-5.726099486820203310e+02,4.902612646485604841e+02
7.876437799879613522e+02,-4.447640127396871890e+02
-6.531535157095095201e+02,-5.727168892629072161e+02
2.992448420203416504e+02,2.563410148554740431e+02
-1.232481411266226814e+03,1.053841888338579338e+03
7.409234125322757336e+02,-4.720646953200721896e+02
-2.865759514867440316e+02,3.352871580628911374e+02
-1.475257392243305731e+03,1.761951872479800841e+03
-6.262184515336550703e+02,1.861771300814206143e+02
-1.031951553298863701e+03,1.142770140160491792e+03
-5.343209069542901943e+02,-1.336355743614582479e+03
-9.816812185834619413e+02,-2.586405760048245384e+02
-1.413814839736923545e+02,7.365449264195632395e+02
-9.487320381308380774e+02,1.931550955926911229e+03
-6.629078385388800143e+02,-7.711790399969771670e+01
4.688977505596588458e+02,-1.262075475385811615e+03
-4.793738826363542671e+02,2.842493279483414881e+02
2.190793117164710679e+02,-1.159317585788999622e+03
-7.754800220192291818e+02,9.639631458292649313e+02
2.499320564410081147e+02,1.388600196947319887e+02
5.034661078631347664e+02,8.229374201422410806e+02
-1.553376512251413942e+03,1.450321720746228038e+03
5.312073152976699930e+02,4.772616753897841591e+02
-5.521055882098503389e+02,4.320917863931509828e+02
-1.400601583540377533e+03,1.390485971881706064e+03
1.780762326213876349e+03,1.469342906746095423e+03
-2.917781044263696799e+02,-1.373685598240953368e+03
-6.145580305687150258e+02,2.767018178137260520e+02
2.592850636390306818e+02,-1.017953475535975258e+03
-8.471910744730585066e+02,1.434118594426877280e+03
-4.450783024475981620e+01,5.426036085289752009e+02
1.663862955324918858e+02,-2.669163369783268536e+02
-2.137375484579968088e+02,-1.054896180882016779e+03
7.270554891601091185e+02,7.494140943286851098e+02
7.043509569861350883e+02,-1.044873143536147381e+03
-5.479873314963092525e+02,-1.256021634522297063e+03
2.137950008389293544e+02,1.502750763801377616e+03
6.316250477460363300e+02,1.059227638551401014e+03
-7.999691501930454933e+02,-1.048255537385192838e+03
-1.040215093852171321e+03,-7.443873770370647662e+02
1.341481106297110728e+03,1.842174201120613361e+03
2.783515004236019763e+02,7.512461848927341634e+02
-5.100148892535835898e+02,4.715535248360700393e+02
-7.958002077097401070e+02,-6.947115575788004662e+02
-8.462018690532160008e+02,-7.084173295461894213e+02
-4.222962292186369382e+02,-1.351301470784599360e+03
-6.887277875908912392e+02,8.475232978564616815e+02
-7.092374616187697711e+02,-1.359532525626987081e+03
-3.075995877938396461e+02,-1.529750660739404793e+03
7.766393136088873916e+02,8.155368961699116426e+02
1.255768347682274452e+03,1.757841998055828753e+03
5.690682657067134187e+02,9.923272931047165457e+02
2.689720720647585495e+01,1.854933728203320698e+00
-5.956211700948125554e+02,7.375544077915492380e+01
-7.456482608881536862e+02,-2.335218625425227401e+02
7.829268397932122525e+02,-6.173495247335074509e+02
-7.095761339325727022e+02,1.909494754951234086e+02
3.711877156657473620e+02,-1.677490500870501933e+02
5.192212315405754453e+01,3.556438746718418997e+02
-1.716257642525266874e+03,1.553352770179783420e+03
-9.072494634375389069e+02,1.973116321071316179e+03
-5.125384422088956171e+01,-1.259115156631559330e+03
-8.842274060504166755e+01,-4.744841624122844337e+02
2.841322001353969995e+02,-1.073857269206527917e+03
4.373287733680928113e+02,-5.431375628679336387e+02
-8.548924921241093671e+02,-7.366372553717711753e+02
3.027219452857400483e+02,-1.085509526023978196e+03
-8.083527077516394002e+02,1.035183226030866990e+03
9.152302906121406068e+01,1.139826527243644705e+02
-1.376326222764837894e+03,1.591548236214071039e+03
-6.912800102224338161e+02,-1.393531542815001103e+03
-7.253138406023879270e+02,-1.307759723074904741e+03
-1.059073575485635956e+03,-3.766287892731062925e+02
-4.527061043004627550e+02,-1.273555592779077870e+03
-1.045234441505830091e+03,-8.584522518220945813e+02
1.545192936125785764e+03,1.869146496895416021e+03
1.404590501686536186e+02,-1.077090797439485868e+03
-2.767749392583883150e+02,-1.028103528825551621e+03
4.050199181846767260e+02,3.130477126241774499e+02
2.816171507217563885e+02,9.450508971829265192e+01
5.102157813631475847e+02,3.138342118340310094e+02
-8.163821633195142340e+02,-1.165173573591965578e+03
-8.311329706680810432e+02,-2.610535970925121774e+02
3.331342875091993960e+02,7.010597513137076930e+02
-9.112351815230119882e+02,1.412638988588277698e+03
-8.989471702495670797e+02,-4.956282322941234497e+02
-3.632892387691862268e+02,3.083015997873161496e+02
-4.302877181880808166e+02,-1.303119035512036135e+03
-9.298313670320511619e+02,-1.125327310759495958e+03
6.469667599408853675e+02,8.267431459466132537e+02
7.189237147889019752e+02,-7.071066965211684874e+02
-8.975444253874242122e+02,8.077231038975043020e+02
2.395279511813433260e+02,-1.330321911287035164e+03
1.211451472497595887e+03,1.402936886336239013e+03
-8.171049882910335782e+02,1.333279380145880850e+03
-2.139933052534223634e+02,-1.257836689174041567e+03
-1.644283730174205971e+02,-1.416057740173600450e+03
3.879281453845945293e+02,-1.334181820044909273e+03
1.146560760708822500e+03,1.406971659854820018e+03
-6.387799117967017537e+02,-9.725123152879650661e+02
-1.601475065660110886e+02,2.357821831251234812e+02
1.812756734616596077e+02,-2.332771014246861796e+02
1.151969928100238576e+03,1.148476726645832969e+03
5.769677851552944503e+02,6.349970421853413427e+01
-6.365844022899091215e+02,1.246498618861861019e+02
1.586726502277719646e+03,1.956115862282451872e+03
-6.862519714731868135e+02,-1.158546969932552429e+03
-1.041067962980684797e+03,1.309864421723713122e+03
8.488544440601373253e+01,-1.339628036580009166e+03
1.039281083952599261e+02,3.301619195435392839e+01
-1.146198555940561846e+03,1.528067271225709192e+03
1.587364623447140843e+02,6.187314043438516364e+02
3.592042351100141673e+02,6.743507172082053103e+02
5.962444109859370656e+02,-8.532609685584939143e+02
6.828810403590051692e+02,-3.099776001211841958e+02
-9.439927518791749890e+02,-5.068027832484222017e+02
4.667055505733756604e+02,1.771742285967533803e+02
6.141896986925070223e+02,-5.467761386539422119e+01
8.578648123991774810e+02,-5.970981824913809533e+02
8.040875561454055287e+02,-6.837523234874013269e+02
-7.728254233343199076e+02,-9.031545443473988826e+02
-9.593000886034013774e+02,-5.473461323931942388e+02
-7.354453740684682543e+02,-1.158239569473771780e+03
1.151848244391750313e+03,1.459278990410185770e+03
4.359193324083454968e+02,4.068387943474556323e+02
-7.112747358516005534e+02,-1.170911448894563136e+03
6.366777172881063507e+02,6.964844421559075727e+02
-1.114948345098152686e+03,1.395713194579524952e+03
-9.797776327543397201e+02,-9.497515172861454857e+02
-3.126319068109296495e+02,-1.123601500076431648e+03
2.481118015713440172e+02,-1.510324139614755268e+03
3.595388580038783743e+02,-1.349427098295351470e+03
8.249418120024711243e+02,1.009065917966582333e+03
-1.873025392210434802e+03,1.920429954585419637e+03
3.395816382137655864e+02,-1.403029534507844573e+03
-9.736964019167103288e+02,9.361169451812492071e+02
1.432894909319890075e+02,-1.294485700652380729e+03
3.375005182126434988e+02,3.829080376422103882e+02
-1.080065935671842908e+03,9.990529527214408745e+02
-4.385342449081542782e+02,-5.099665362072397556e+02
-2.129195696896456980e+02,-1.429547163533197818e+03
-5.742538988842892422e+02,3.855730758757167109e+02
1.666980258457631862e+03,1.976226870801899622e+03
7.088566826021792622e+02,-8.962275429880015736e+02
-8.710669159303338347e+02,-1.066652412317297149e+03
3.431329667646801340e+02,2.579610080698384422e+02
3.837631462550783112e+02,3.977614086416755868e+02
-1.386706548993376146e+03,1.162294588647932414e+03
9.905212504284315855e+02,9.712427204810376224e+02
-1.633232651969734889e+03,1.502816807084045649e+03
-1.366050538785946173e+03,1.231669647364398770e+03
-9.911740432483425138e+02,-9.048547358831682459e+02
-6.791635169080541345e+02,2.800701442162844046e+02
-7.857558813177715820e+02,-7.519912505097324811e+02
1.672721125895859018e+02,-6.132315929347419114e+02
-8.550411174935650251e+02,1.706921334836648612e+03
1.624312159134782974e+02,6.838545627663120285e+02
-1.986082254364440359e+03,1.880642820802613187e+03
-7.106576501651323952e+02,-2.980905492456813022e+02
-6.641526049992146454e+02,2.493086088029500047e+02
-6.720982508117199359e+02,7.612366826422913846e+01
1.600219859651593879e+02,-1.218877755696288204e+03
-1.930063830720411033e+02,-7.691955024404251162e+02
-6.577477420056817436e+02,2.056929073860129620e+02
-3.478942130908308172e+02,-1.291875928497832319e+03
-1.850272040021305884e+03,1.721918409057229837e+03
-6.886355377575426928e+01,-1.203691402969455794e+03
-3.829097079083712174e+02,-1.025375985577269830e+03
5.501677389469114132e+02,1.041807542609236634e+03
-2.472432336933451325e+02,-1.234129194635262365e+03
1.218298786191887302e+03,1.563324032498697306e+03
-9.098121507541206938e+02,8.264386543356755510e+02
4.604858030895081811e+02,-1.299006078548234200e+03
-7.440709439040062989e+01,6.992413724287041532e+02
3.958284805621559599e+02,4.410235371006885430e+02
-9.494028004284375584e+02,9.724269303042439105e+02
-7.475494191411717111e+02,1.317472479908422429e+03
6.551586930084096139e+02,7.632323249309450830e+02
4.266177792163367144e+02,3.578067332482356733e+02
6.762882236614586873e+02,-6.287665787450462176e+02
1.454421909961374126e+02,7.223786264958857828e+02
-6.861517442357683194e+02,1.818218044874570296e+03
-2.708742375917142908e+02,3.533057941148487657e+02
-5.842161362026345159e+02,5.811116453846534569e+02
-7.131962621723147322e+02,-2.312768825852543841e+02
-1.006232815529032905e+03,9.842089530474140702e+02
-9.483707245737759877e+02,1.985311243970370469e+03
-5.160237176283072813e+02,-1.112672780734402295e+03
8.446107634609631987e+01,2.229224734409154962e+02
-6.866555205500100101e+02,3.901953230144982854e+01
-2.983197939901711493e+02,3.073685540541251271e+02
-1.708803854890157936e+02,-1.346504602022384915e+03
6.271878479531596895e+02,-3.964202740248862256e+02
-5.047281911772304852e+02,3.633236606232642885e+02
-4.075485613586818090e+02,3.457229705602412650e+02
2.591919306849004556e+02,6.194372734447813400e+02
1.731817184684589961e+02,8.227457580998236608e+02
-1.089410507951384943e+02,4.906101558813077190e+02
-9.720649752783488111e+02,1.151866140353557739e+03
-2.225727881576460732e+02,4.534842037817733740e+02
-5.765331477449706199e+02,2.103542937666060197e+02
-6.412443565437445159e+02,4.065722444349034959e+02
3.086512020653375998e+02,-1.236559944867412923e+03
-8.313696383332422783e+02,-8.022392290188308834e+02
-7.195320465783311192e+02,2.068883923116104029e+02
-1.237715795310034764e+03,1.464071825509842711e+03
1.497723034474446990e+02,6.553776704148725685e+02
6.057628744290326495e+02,-1.241243689367105162e+03
4.151805014327433696e+02,3.700986018317004778e+02
-5.893123334879910544e+02,-1.003543433773876814e+03
-8.807958009164979103e+02,8.822681773023231244e+02
1.207249446296269070e+03,1.313849970534560043e+03
-4.334809612810565227e+02,3.813313801694599192e+02
-3.753290723326236389e+02,3.657659430974192105e+02
-9.552624293267231224e+02,-5.859300120362320285e+02
-7.930120996885202658e+02,-1.582825570301210405e+02
1.091615296944639340e+03,1.422884906714401723e+03
1.187377561228177569e+02,8.133593190463011524e+02
-7.187286285870726488e+02,1.821402818719238326e+02
-8.706913947422696083e+02,-5.009039513728330917e+02
-6.118583519772522550e+02,-1.347286251964168287e+03
-2.813497314188012410e+02,-1.055903014036488003e+03
-2.562929241819415438e+02,-4.938568318971809390e+02
-1.954576063049620416e+03,1.761012977058799152e+03
6.544589361706954378e+02,1.342481074615531611e+02
-5.609463443790834845e+02,-9.756756979628253248e+02
-4.769659199997849441e+02,-1.234888821787400730e+03
8.241356685989006792e+02,-5.865997496663720767e+02
6.771099310335381460e+02,1.255604602085306396e+03
-7.091809675906097254e+02,-4.590303702162549371e+02
3.463497204229352633e+02,1.009922881620273074e+03
9.737831340960968873e+02,1.199603623474861251e+03
3.350391204949974622e+02,-1.224225300653757586e+03
-4.738170191172307000e+02,4.323980898793283245e+02
-1.196525147587949277e+03,1.888153848469331024e+03
-9.686667459374438067e+02,-4.071636912304734324e+02
-3.348235476179277725e+02,-1.348132650099783405e+03
-1.825350775957194855e+03,1.668500636297605979e+03
7.773989781181904846e+02,1.493308542037577354e+03
-5.205182274736316685e+02,1.906187933139011648e+02
-6.937082192408973924e+02,2.611537104064348114e+02
2.040508589449780175e+02,-1.030795543671847781e+03
4.263779848949832285e+02,1.222361169092314867e+03
-7.545203392938433353e+02,1.122525566327178126e+02
8.289067071285899146e+01,-1.393496476801879908e+03
5.382685694996354187e+02,6.679032163202981565e+02
-1.384157320768772479e+03,1.742918886124507480e+03
6.103890788801356848e+02,1.312106242292760498e+03
-6.399593632019673350e+02,-7.690356694906286066e+02
7.349931761441354183e+01,-1.325442572995555338e+03
6.365922429868521704e+02,1.744413469191440072e+03
1.712820649942804039e+03,1.719812212884729661e+03
2.329969467214559131e+02,2.158693120994689707e+02
1.867832549960070310e+01,5.556674923330845104e+02
-7.298087278918317224e+02,-3.111638924803486361e+01
-9.304691065834048231e+02,-2.788423512316040842e+02
-6.849538344943107404e+02,-1.196461074593256853e+03
-1.533497825065788334e+02,-1.261703621039353720e+03
5.851153040442545716e+02,-9.655291291016750392e+02
1.844560292737878626e+03,1.316106633458568922e+03
-7.211386997391925888e+02,-1.142008531777057897e+03
-1.122037488772519964e+02,-9.917611191604389660e+02
-2.175670942809134090e+02,2.388262560674886004e+02
4.881424921477403700e+02,-1.006752322665477209e+03
3.365829664400209253e+02,-1.113654156927448639e+03
9.705730981254220069e+01,3.268812877553230578e+02
7.975600025289185169e+02,-5.334891059971073446e+02
-1.634454757074308873e+02,4.658674655278119303e+02
-1.194437694253741029e+03,1.619252914235926710e+03
-9.155101773999783745e+02,-1.150267059827649291e+03
-1.138495519736177130e+03,1.580292735630414427e+03
1.912783419344509184e+03,1.568266322315498655e+03
3.924720883684642558e+02,1.269671462269904623e+03
-3.403737412489027747e+02,5.233601005257557972e+02
-3.307288842123412564e+02,4.477851368604672189e+02
4.344295737829045834e+02,5.141609330993028379e+02
-6.372162947961273858e+02,7.443213405565700214e+02
-3.838850276652721050e+01,-1.482368540003180442e+03
-1.061810581353018279e+03,1.802756732882571669e+03
-5.543072277690566807e+02,3.541863708829583857e+02
-9.188001136634345585e+02,1.104358176680476618e+03
1.485104929192274881e+02,-4.660622500641466104e+02
-4.895583771101382808e+02,-1.468574892677650269e+03
5.926841944931345552e+02,1.173705186285144464e+02
-2.509588253363270383e+02,1.757755205316934166e+02
1.654791080962976935e+02,-1.749919796154233609e+02
-6.921735799255120583e+02,-5.758670288260602774e+02
3.841921961790774276e+02,-9.164951075866423480e+02
4.038668952964209780e+02,1.552444497491060815e+02
-7.607761933093250946e+02,-4.887309393652475364e+02
1.688223580340611079e+03,1.853172395885598007e+03
