x,y
9.241135856840537599e+02,-6.029480288844865754e+01
-1.400665631971546645e+03,-7.133655946129333643e+02
-1.354646096146802620e+03,2.295622380337349568e+02
-1.190919211317707322e+03,-2.341348036172209959e+02
-7.204138045068332303e+02,-1.254781256748059377e+03
-6.771068564545928439e+02,1.176945010438310419e+03
-5.785721684491636552e+02,-9.873816093060054300e+01
1.962787873835263781e+02,-1.994562897169475946e+01
-2.112545038726379971e+02,-1.207545981448653038e+03
1.041048652114083325e+03,-6.826650438770652727e+02
3.700603330505668964e+02,-7.796185425382843732e+02
4.250720711384392416e+02,4.505432848949335494e+02
-6.969837447430900284e+02,-4.141146507898115487e+02
-1.363374960011069561e+03,1.074286973907765059e+02
4.768529492183038201e+02,-7.010351887944088958e+02
-1.909479562075352987e+02,-1.038406869788967015e+03
4.417075180907645517e+02,-5.602207214989982731e+02
4.588436895963986899e+02,-1.338426582937697731e+03
-1.023021345086513406e+03,1.105045183060583440e+02
-8.782250904566838017e+02,-4.499798430489593102e+02
-1.080494685927207684e+03,-9.626926949194853478e+01
-1.461321905406840870e+03,-8.244126698639079223e+02
8.083104112027044721e+02,1.151038981420407708e+03
-1.087920139183356696e+03,3.239846816414792556e+02
-6.834504087194450221e+02,-4.321399809936406200e+01
9.811913175450099516e+02,-1.087817981229442921e+03
-6.831785256267885416e+02,-6.606810752665980999e+02
-1.088210710149878651e+03,-1.397483198156472099e+03
-1.200478383795737500e+03,-1.144797977572579384e+03
7.176771240182033580e+02,-2.925893579535052140e+02
7.080633170959281415e+02,-1.460878005001925430e+02
-6.738864621443906344e+02,1.031462772645093537e+03
-5.595193352177830093e+01,-8.697940198749752199e+02
2.216292184506332887e+02,-7.994426623964170631e+02
5.577661141371258964e+02,-6.773231305639228594e+02
3.365443743184687264e+02,-1.101137638065847568e+03
8.921144221057788855e+02,-1.207181527047981490e+03
5.307233997535054186e+02,-6.456989962484585703e+02
-4.616663453979788301e+02,-1.041473520495123921e+03
-4.680788348078847321e+02,-3.242730813956684415e+02
3.242938766564543585e+02,-7.047921505981469181e+02
1.131557561648382489e+03,1.209618569884132739e+02
-1.359942337083688471e+03,-2.361448517133119367e+02
-7.962318172664136000e+02,-8.904786196071229369e+02
7.923927771320427382e+02,1.556270697345007648e+02
1.059535456086934119e+03,5.105420472469950255e+01
8.632816834179616308e+02,-7.697690410156001235e+02
6.516291101070996774e+02,-9.276222070787371194e+02
-9.988111300075437384e+02,-2.937905531446328951e+02
-3.630230810327580002e+02,-1.189272109435742095e+03
-1.071514757434775674e+03,-1.057938658498773293e+03
-4.306553696790983849e+02,-1.689592175044841269e+03
1.032063054835565254e+03,-2.148201105156954327e+01
9.654917783245768987e+02,-3.651771305259298970e+02
1.024855417994803702e+03,-2.383729702528823964e+02
-1.044565132605197959e+03,-4.946302372316972651e+01
-1.013779084890469107e+03,-6.753898719760045424e+02
-1.294002491343047041e+03,-5.068607168721994185e+02
-2.980977436158350429e+02,-1.185812925903538826e+03
-1.161347102279897399e+03,-1.219429479117706933e+03
-1.553973403017913824e+03,-3.529416466650891380e+02
1.114452705728313958e+03,-6.642588211788686294e+02
-1.801484317352833386e+02,-5.522947265265022452e+02
9.218945561727209679e+02,-8.913937320089871719e+01
-1.500141456975046367e+03,-4.330724131335657603e+02
1.167891778730859187e+01,-5.401663170626200099e+02
-1.067442400169434222e+02,-5.289657845979345439e+02
1.212379438133211806e+02,-9.189083506676245179e+02
-9.302598294248969069e+02,-1.434749691214535687e+03
7.816009458632152018e+01,-7.176521736861691352e+02
-8.269789368137394376e+02,-1.106953729705451678e+03
5.177477905825521702e+02,-7.424878827846716831e+02
-1.116304035020830042e+03,1.972752263855009005e+02
-8.093939657162557069e+02,-9.914335977846003516e+02
-7.934667065585640557e+02,-1.345373268528551307e+03
-3.023474435486252787e+02,-9.037134316369574663e+02
4.471828289742561537e+02,-9.035987213131425051e+02
8.225787098376340509e+02,-3.783056754515894227e+02
-9.650525407236848423e+02,-5.410679244598263722e+02
8.112323026080489399e+02,-2.389185825210142866e+01
7.319387980002052245e+02,-3.656992794702975971e+02
-7.208106328846301949e+02,-7.573729452982665862e+02
-1.204793721395564489e+03,6.106309719554701587e+01
8.390772290740824246e+02,-1.130097505348583127e+03
5.269133862681351275e+02,-1.487326583315655625e+03
-8.055054148256469944e+02,-1.283099250217464942e+03
7.540431610632422235e+02,-1.912802632110008290e+02
1.280747172970068277e+02,-6.815469495265544992e+02
2.679260074227800033e+02,-1.137524131433641060e+03
-7.570255617468105811e+02,-6.339258987843013529e+02
-1.750329699209423779e+02,-1.154954153090242471e+03
1.099345126209527280e+03,-2.694683722628913074e+02
-1.022819675893684916e+03,-6.852157299726202382e+02
1.354792787381979906e+02,-7.850864096656989659e+02
-8.313892752006408955e+02,-9.217252219422716735e+02
1.053817942570370178e+03,-4.397454861917547078e+02
-1.076078334459874213e+03,-8.206339948214122160e+02
9.774481701803051692e+01,-1.260177087727370690e+03
-1.223372914208269776e+03,-1.218101768960691516e+03
-7.883709649535023800e+02,9.041987703918007355e+02
-1.023452364962164438e+03,4.228730310777214072e+02
1.132111911089644309e+03,-2.719526181025062215e+02
-2.864993096814330329e+02,-9.465826240090368628e+02
-7.611021891288330607e+02,1.031435248055560351e+03
7.293080713225763247e+02,-5.773368823767918911e+01
9.958323325937462869e+02,-2.131980963096755204e+02
2.996994583859741397e+02,-6.822068035440195217e+02
-2.472579347182158926e+01,-9.463304803077478482e+02
4.206122403310373556e+02,-1.281899436145502023e+03
7.655952761800185726e+02,3.747927244353631977e+02
3.531966529302812887e+02,-6.736199722957458107e+02
7.757810752314358069e+02,-1.048701701088582695e+03
1.163737838747133083e+03,-8.986938268153760418e+02
7.914376946027541635e+02,-5.269344934039183954e+02
8.340600572100242971e+02,-1.115543607755771745e+03
-1.052115050440973164e+03,2.099248884422686388e+02
-2.062069397637146722e+02,-1.339364951853674484e+02
8.682675263832538803e+02,-1.968527891866879145e+02
7.452968051824509530e+02,-7.237137166062736924e+02
-7.309319458066956940e+02,-4.296452804473924516e+02
1.209373230033716027e+02,-5.152706669273038642e+02
-5.755783324896435715e+02,-3.727615520649057999e+02
2.930739344500866537e+02,-1.291667788713031086e+03
-1.463794754632165905e+03,-7.138808003436249692e+02
-1.018494711007666751e+03,-1.401605538253159466e+03
-1.490390154120620991e+03,-6.402929038968386521e+02
-9.113089660623056716e+02,-8.548277925143395350e+02
2.238503869411224514e+02,-1.165390371873044387e+03
-7.214063932012004443e+01,-1.271194462276696640e+03
-8.431465772249252950e+02,-5.178962435947819358e+02
2.848224695842154688e+02,-1.117801350079008444e+03
8.935824494284061075e+02,4.988205330483688158e+02
-1.018200936018628568e+03,-5.222782463306925820e+02
-2.342674421626704770e+02,-8.148665451483857396e+02
5.560193492240800879e+02,-5.114381407208920791e+02
6.719291019233965017e+02,-1.491933630273934341e+03
1.077963971625235899e+02,8.269255111257175486e+02
1.142894585941738114e+03,-6.311287063971590214e+02
-1.372008512202475231e+03,-2.562894225707077567e+01
-9.612784483203233776e+02,-1.284091150487999130e+03
4.456419773679158425e+01,-6.313636309258261008e+02
-6.804280959275265559e+02,-6.292230892027532718e+02
-2.068942635609960234e+02,6.226286537771652547e+02
9.145410574028028350e+01,-5.286110703395650035e+02
-6.347428575881847337e+02,-6.507386576488665924e+02
2.389134454228283175e+02,-9.389101803845869654e+02
1.664774899515587094e+02,-8.634505717211520732e+02
7.423518294741506907e+01,-5.839902805843591977e+02
-8.022315876559407570e+02,-1.499882680251155307e+03
1.113959264885092580e+03,1.003618646476738832e+02
8.253296125912206662e+02,3.563059032049541202e+02
6.500443746504106457e+01,-1.181387638476624716e+03
1.468055341827030134e+02,-5.577828573570113804e+02
-1.115301943788728977e+03,-1.216287321708440686e+03
-9.173341205240594718e+02,-3.122558402141169154e+02
-3.359705445219526609e+02,-9.225437186377712351e+02
7.770164899004967083e+02,-3.710940029708340262e+02
9.690926637559987284e+02,-2.022726044172081856e+02
-1.456472681471883334e+03,-4.788046335105877915e+01
6.464621513634974690e+02,-1.255340537523784405e+03
6.980088172409373328e+02,4.547159379257709588e+02
-8.047108197841002948e+02,-1.013281904962948261e+03
-1.001618452632670596e+03,-1.450090104887103280e+03
6.292955051256885781e+02,-5.765629376642220905e+02
4.562955225968512423e+02,-8.039445914589659878e+02
-6.170367144515462314e+02,1.121539941081141478e+02
-1.218906064348427208e+03,4.266584835142589327e+01
-1.325161977289294100e+03,-8.689485353930799647e+02
4.013610809043684640e+02,7.215591611399768226e+02
-6.389747550092715755e+02,-9.342755221514760251e+02
3.882751781774181836e+02,-5.945771988066933318e+02
-3.704828578017654763e+02,-9.671417684471962275e+02
7.281926812903702739e+01,6.024924084823787780e+02
-4.635560819564145731e+02,-1.135992955627898482e+03
-2.014353088769680653e+02,-1.396639004172557634e+03
-6.673758968857953278e+02,-7.049203540727360178e+02
-1.199031779922758005e+03,1.710265378273421902e+03
-9.434668201789734212e+02,3.248602603305380399e+02
-1.533086675883270800e+03,-1.225485159004406341e+02
-1.235047152417575944e+03,3.408673766130705189e+02
-1.010634517981151362e+03,3.497195498385322026e+02
-7.231991459201306043e+02,-5.821523512732014751e+02
7.062789971146112293e+02,-8.785349612944221462e+02
-1.399309872464559930e+03,-6.813373299714453424e+01
6.949642709683380417e+02,-3.818893519956836826e+02
-1.034072123116040075e+03,-7.904950453695503256e+02
-6.189520596657985152e+02,-1.260927081094715959e+03
-1.191976700842413493e+03,-1.357605333082935886e+02
4.556274745135870035e+02,-9.562082790419360663e+02
-6.922964143215235708e+02,4.923910488812275617e+02
7.742772107266205239e+02,-9.912612950059113928e+02
-8.280764078249808335e+02,-1.220078232691644644e+03
-1.419867546284393939e+03,1.276176536775883505e+02
7.524086312749136596e+02,-1.153133567140791911e+03
-5.350726895213788339e+02,-1.113872717437266374e+03
-9.375666198343767519e+02,-4.900802621793595790e+02
-1.298552750763507902e+03,2.765841184116848126e+02
-7.660655593157825933e+02,-1.062333884069025316e+03
7.540505944327260295e+02,-9.023143928166307433e+02
-1.533275144415337763e+03,-3.842859390076318959e+01
8.704690690022530362e+02,1.151980456953723660e+03
-8.883529945715151825e+02,-6.119614656598616875e+02
-2.803028554541901940e+02,-1.169530294452855287e+03
-8.261057415726097588e+02,-1.577546069862212335e+03
-9.624321668818140552e+02,-1.022062832195666829e+03
-5.504841934416247113e+02,-1.198948613484807538e+03
6.823568769813714425e+02,-2.909290183487332797e+02
-1.211028404912422729e+03,-1.204975750976794188e+03
-8.701149689743049294e+02,-6.045972292004082647e+02
-1.210553589986754560e+03,-2.910357312428936893e+02
-1.026710285026443671e+03,-5.604388207814258749e+02
-1.107602872251154849e+03,-1.083480904965524587e+03
7.678259273224589379e+02,-1.212152596648365943e+00
-1.042986626663471270e+03,-1.933145764524103924e+02
1.159883652424844058e+03,-1.636341582290694987e+02
-9.560464529116613903e+02,-1.191168912527393104e+03
-1.931620355452200783e+02,-1.225503040653895596e+03
-9.306741389866253940e+02,4.990506918789624251e+02
1.799772676586994749e+02,-7.528441474097658102e+02
-1.084626786189927543e+03,-8.932100746945218361e+02
-1.426073072596041129e+03,-6.348920579961618387e+02
-1.466685653896813619e+03,-3.397646208451626535e+02
2.248704640779883448e+02,8.142881595552071303e+02
-3.266927308694714611e+02,-8.941039623096919513e+02
7.022942192994860306e+02,4.897041603704033150e+02
-5.359747031795604926e+02,-1.451292477519985141e+03
7.953250415583615904e+02,-5.510738945269208671e+02
7.841519257724635281e+02,-4.441157714238836434e+02
-6.752919049674956113e+02,-1.236860723223093373e+03
8.944883833220137603e+01,-1.132455689950907527e+03
-2.324463092334033263e+02,-7.253120734196584181e+02
-1.435462768823072111e+00,1.000432888163081316e+03
-2.290647245631205351e+02,-4.885320515605376386e+02
-9.093422393696018844e+02,5.631233012123343542e+02
9.055813834488653811e+02,4.264961226850891762e+01
-4.935594961119686559e+02,-6.703450018601181455e+02
-1.544064667764690284e+03,7.550697735494395602e+00
-9.728596400546684890e+02,-1.481139354935259689e+03
-6.497594513930846460e+02,-1.250513431167915542e+03
-1.169189937065581489e+03,1.387810419100974286e+02
7.310253576364848414e+02,1.584152146301903485e+00
9.410336793682772623e+02,-1.008064695562712700e+03
-8.828544288077896454e+02,-5.856249146896632283e+02
-5.325393340844921113e+02,-4.803660083726508674e+02
8.739326224310993894e+02,2.569724691963738223e+02
9.430329721672173946e+02,-4.843714362478360727e+02
-4.757986721088454942e+02,-7.352264918316548119e+02
-6.960074071634039683e+02,-7.731326357061466297e+02
6.386734861866052597e+02,-7.218030895277458967e+02
1.033198322101204667e+03,-3.969976042950054307e+02
-9.437806367622749804e+02,2.645601989618398875e+02
-3.993103872843166755e+02,-6.880850195823752529e+02
-2.125239790981306669e+02,-9.736360331920013778e+02
7.942702660075678978e+02,-1.009283470857094926e+03
-1.554364954507844232e+03,-1.433000591806710418e+02
-1.216987893807006913e+03,8.585438283228040746e+01
-9.989402263669718423e+02,-1.245054521834017805e+03
-2.360722747305430858e+02,-1.338457554049942246e+03
-7.365451714057073787e+02,-4.994890444510174348e+02
-1.146360262609098299e+03,-1.155535797005277118e+03
-1.392314911590647625e+03,1.146516973668612991e+02
-9.740172942945350769e+02,4.825780556273912225e+02
4.651741257756884806e+01,-1.153770125772546635e+03
-1.307570125235651858e+03,-9.458354611031929835e+02
8.863804993555704641e+02,-1.162481857764504184e+03
-7.056520731392106427e+02,-1.220964154357245661e+03
4.681999801713086526e+02,-1.511679573520822032e+03
-6.293255619608275993e+02,-1.370909701365571436e+03
-4.869491401526277059e+02,-1.107537580205837912e+03
3.092588002155525828e+01,-1.301632321475632807e+03
6.561403784279837055e+02,-5.005293756691496583e+02
1.022250539428279353e+03,-3.152567351625896208e+02
1.049692179650092385e+03,-7.591130583504925653e+02
-9.847935148105595999e+02,-8.660865704079301395e+02
1.080165326462074972e+03,-6.079452644267028063e+02
-1.129160171632394622e+03,2.877458883306030657e+02
8.989285893109122298e+02,1.979706029443477746e+02
7.064258058092800638e+02,-1.389547479007220772e+03
8.394529979943599756e+02,-1.095974428173362185e+03
8.862272252123871112e+02,-1.022265531309197286e+03
1.028525123066890046e+03,-9.854061891684282273e+02
-1.009805959575137422e+02,-4.823322345578769728e+02
-1.253435361280104189e+03,-7.287341262404070221e+02
-1.021524495118716231e+03,-1.374670674788422730e+03
-1.436182254627074144e+03,-5.880922690295110442e+02
-8.030717146129375124e+02,-1.255284718283417988e+03
-1.302478921942393526e+03,1.301343183943986332e+02
-9.983629175717337603e+02,-1.362524279338501628e+03
7.276865551289761243e+02,5.254692789417745189e+02
-1.557658309951816591e+02,-1.265583969210238592e+03
-9.547695126329642790e+02,1.771524792055424768e+02
7.919100444639343550e+02,3.750773688500994467e+02
-7.124638356791708702e+02,1.324281248153873094e+03
8.959092774379546427e+02,1.493523216849780511e+01
9.960727108592441255e+02,-3.712040518201001760e+01
1.040414858275861206e+03,-4.182456474488578806e+02
8.100294264396529798e+02,-4.936892903429702528e+01
-1.224857356485520540e+03,-1.184249202271404101e+03
-1.350807762002657228e+03,-5.569433094566268210e+02
7.600913472882393762e+01,-6.112841696549207882e+02
9.112837247365910116e+02,2.093754181667841294e+02
4.163751640217824388e+02,-6.759525218643982498e+02
-5.891659119094988455e+02,-7.943482642249944092e+02
-8.876309372824753154e+02,-4.149942409112875339e+02
4.520131421363407753e+01,-9.276984724271098912e+02
-3.192147074420170156e+02,-1.183424418178795349e+03
-1.079322162748991332e+03,-6.542570521140225992e+02
-9.881092214415659782e+02,-7.208572758929572046e+02
9.257573919381661653e+02,-1.018060494004747170e+03
-1.340194422127404323e+03,-8.083795998028954273e+02
8.395230829224510671e+02,-8.115136775661480897e+02
7.324384265419298572e+02,-8.683968888992130815e+02
-7.331071583547204682e+02,-7.886009497875081706e+02
4.889534769770807543e+02,-2.859415995233566719e+02
-3.613030122950096938e+02,-9.057307204293369978e+02
6.252672754352047377e+02,6.982823422604915322e+02
8.029282867707170226e+02,4.441388767750722764e+02
1.455042150335893893e+02,-6.471020853291647654e+02
-1.448786312495922175e+03,-8.739436693849577296e+02
1.013887735639583298e+03,-5.558179852222217505e+02
8.989001686124488515e+02,1.799545685955208683e+02
-1.273628334072594498e+03,-3.827075838234472940e+02
-2.316690694368298864e+02,-5.615082371560815773e+02
-2.040150310660969808e+02,-4.402944696771910458e+02
3.955253627285828770e+02,-9.335526621279805113e+02
9.651624875626343965e+02,-1.746643715433949637e+02
7.831144283217317934e+02,-1.072315086601776329e+03
-9.906235089192060741e+02,-2.526592641365666623e+02
-1.430708989212259894e+03,2.189521781947755699e+02
-3.945307662723655540e+02,-1.211590201981501195e+03
-1.140910423493968210e+03,-4.760210867734977001e+02
-1.968824406308565358e+02,-1.287707453215358782e+03
-9.810136074774663939e+02,-2.220932135010241382e+02
3.337814863749927099e+02,-1.288674537736580987e+03
-4.571697329424569034e+01,5.617101246132037886e+02
6.993238480673730919e+02,-1.194581396393191199e+03
-7.958453286347009907e+02,8.507196391971019693e+02
-1.271804279433324155e+03,5.495864369444370823e+01
-9.206551129054007561e+02,-4.969032973038072214e+02
-1.395012809640726118e+03,-1.471918766340081675e+01
1.097363924391032469e+03,-1.695752660310313331e+01
6.982216018277244984e+02,6.624792494432876993e+02
6.647723276534702563e+02,-9.894925371491876831e+02
5.762840832893016341e+01,-5.078980896821583428e+02
-2.752245070236886022e+02,-1.280479730950475187e+03
-3.470117274968472429e+02,-4.687270566743095515e+02
6.566657390428945291e+02,-1.139710940303194548e+03
-3.408523075524067281e+02,-5.425797817319953538e+02
3.883833624046906152e+02,-5.280622030966621878e+02
-9.008720103978921543e+02,-6.684081244456658624e+02
7.494644847635104270e+02,-5.692153503466527127e+02
-6.316390723431893548e+02,-7.419763375404158978e+01
-1.784850767286643531e+02,1.828148026156527521e+02
-1.890215578239667593e+01,-6.271978509698776634e+02
-8.778604045273245902e+02,-4.845036041501828095e+02
6.859578514124686990e+02,5.831965763184248317e+02
-2.715054410176808233e+02,-1.222863138825295664e+03
2.739340519189008774e+02,-1.188023814354449541e+03
1.746313323617464448e+02,-1.315773559266184293e+03
-1.501981467538054630e+03,-3.555161455695472341e+02
-4.336647092369162237e+02,-7.282259338347646462e+02
-1.605036178711603952e+03,-7.616898821908239370e+01
-1.506422034604291412e+03,-3.234035217003859088e+02
-1.426317392354713775e+03,-8.566963926769128648e+02
-9.355151488707206227e+02,3.668454770575440307e+02
9.765383714702852558e+02,-7.548229009197211781e+01
-9.676133249215770320e+02,-9.346649854784670879e+02
-1.347863270969157838e+02,-8.070073320357835200e+02
5.276362087103248086e+02,-8.760844697196132529e+02
8.323701225199906730e+02,-1.153895146766031758e+03
-3.797409852381854307e+02,-1.160498027528566126e+03
1.158764218607461771e+02,5.707703476460756065e+02
7.033077157822835943e+02,-7.034265121453622669e+02
-1.450920955740808722e+03,-7.742355829934554095e+02
-7.597656954536021203e+02,-1.967249841419247787e+02
-6.269500267069474830e+01,-5.170414163063328488e+02
-1.345203958826363305e+03,-5.666532527981485146e+01
-4.603699503520415419e+02,-6.414554058097207871e+02
4.968473448965464740e+02,-7.917709607986321316e+02
-7.446094953644030738e+02,1.463468215563990725e+03
-1.398425120163717565e+03,-1.852035718822364743e+02
6.277029345629248382e+02,7.159608527390937525e+02
-1.023949830491773696e+03,-1.207617965271487265e+03
-1.097963186596399282e+03,1.610964074315052130e+02
-1.565118546343539947e+02,-4.109391946555256254e+02
-1.194485157927360888e+03,-1.211072149417669607e+03
-5.731721915462435391e+02,-5.184898555964798561e+02
7.262728821514801893e+02,-2.714419687769579923e+02
3.195539090490260605e+02,-1.582244895587679821e+03
-2.986241495877784473e+02,-7.119224879817536475e+02
-1.123546631579316909e+03,8.688407418991391751e+01
-1.296782267865419954e+03,-8.981167778471904057e+02
-1.115941557179717620e+03,-6.727175747279140978e+02
-2.423499642856227183e+02,-6.994044925213495389e+02
-7.079588069618926056e+02,-8.853995855203336305e+02
6.894576745313720494e+02,4.768868260565336641e+02
7.658691118020942667e+02,-5.117845531839793694e+01
2.098077576341265740e+02,-1.215748350214701532e+03
-1.543132472772527990e+03,1.838308910517137519e+03
-1.113978145275131283e+03,3.041759277484261474e+02
9.805010633136166689e+02,-9.347525693518573462e+02
9.157266103707788716e+02,1.382990419387369911e+02
-3.767638923544832323e+02,-1.244026692349653331e+03
-1.638333942681877943e+03,1.951590813926276951e+03
-1.464147931172898097e+03,-3.192372302776363995e+02
-3.751805123029307651e+02,-3.756645850864829299e+02
-6.715625173131536485e+02,-1.304774820464758250e+03
-1.217004858866710947e+03,3.591536945787752302e+02
7.760000000000000000e+02,-1.456000000000000000e+03
7.225722031542686636e+02,-9.824445026763761462e+02
-6.252689695712158482e+02,-1.173155060874908486e+03
9.532960098807184295e+02,-3.577644581914023547e+01
4.458013016879667703e+02,-1.077146396032713255e+03
-9.369326192277928840e+02,4.089347152556420042e+02
-4.293658103401060089e+02,-3.462864352910808066e+02
2.587785803856859275e+02,-1.430148068999959378e+03
1.075361991662030050e+02,-1.657264918870821020e+03
-1.129938876472554057e+03,-1.343257921305202672e+03
-5.863969925889466595e+02,-4.702755656806807565e+02
-7.017144436388248323e+02,4.923351681233361887e+01
-4.606777839611677337e+02,-9.954001485038443207e+02
1.081488543632847723e+03,1.696602586374538078e+02
6.256694109071518142e+02,-1.370789252731776514e+03
-1.258165700225149976e+03,2.344202660002065386e+01
1.831389738326902261e+02,5.158936227193194100e+02
-1.304789391979559468e+03,-6.700049408414315621e+01
3.484656560952935251e+02,-2.641418070002814602e+02
-1.435463991639119740e+03,1.581969977927556101e+02
-9.170171448062046693e+01,-1.487277742444308615e+03
1.419216628893714187e+02,-1.072846629986880089e+03
7.219660812836314108e+02,-1.219634374162605582e+03
9.073830696300424279e+02,-1.440763024601264988e+02
9.676215011197168678e+02,-4.045928774301005433e+02
-8.842030950896953527e+02,-1.157336573131259229e+03
9.017373807117596698e+02,-1.663141742343527767e+02
-9.654473798260255535e+01,-1.126001538019142117e+03
-8.947591301322827348e+02,-9.244940320890736984e+02
-6.974352581018663386e+02,-1.821257625860785083e+02
-1.429071139311713523e+02,1.348653526085775411e+03
-3.788879616240938049e+02,-4.509738614658374445e+02
8.118754580341810652e+02,-1.377083284713347439e+03
-3.091184303029276634e+02,-4.475377967403287585e+02
-2.155719521621156218e+02,-1.440943503494775996e+03
9.397468117284042819e+02,2.890381221393990927e+02
-1.048607946508892837e+03,-2.282412229278759241e+02
-1.094713317696670856e+03,-1.113669152411805726e+03
1.535255073363719021e+02,-1.271376641054692527e+03
-7.820398774557856996e+02,-1.106713432065684628e+03
-3.507934538945989971e+02,1.599265286399403976e+03
8.255926779791461740e+02,-2.684241515602047912e+01
-5.558106330133316533e+02,-4.077080141377773543e+02
3.599001624165443900e+02,-5.346548204359376086e+02
7.211893549220208115e+02,-1.164437346199338663e+03
-9.166039613154237031e+02,-8.977511644239509678e+02
1.672222892550753386e+02,-5.269419521400684516e+02
1.175041859136837957e+03,-2.983081885527212762e+02
-1.427969005266283602e+03,-3.760735246214005656e+02
6.485694953828483449e+02,6.133859929852160349e+02
3.841121401063287522e+01,-1.196340324158707745e+03
-2.755845095748304630e+01,-6.108047032704105277e+02
1.065959252807614121e+03,-7.328084400492507484e+02
-3.524440861862701695e+02,-6.458298220167382624e+02
-5.287922118636929554e+02,-1.214463763328467167e+03
8.679071291662694421e+02,-1.190934143542794345e+03
5.629803208802027257e+02,-9.320232490697885623e+02
5.014191069274520487e+02,-8.882399791510260911e+02
-1.114910908749618102e+03,-7.217230327690879221e+02
-5.183641274964165859e+02,-4.588553190075442672e+02
-1.541838396454914800e+03,-4.178947521717143445e+02
-7.336572562016931442e+02,-7.392133226045859828e+02
6.655350406830766588e+02,-7.412505589040274572e+02
5.747325660431361030e+02,-1.035652549417636237e+03
-5.531216960483993716e+02,-5.109076170574346634e+02
-1.357423026480601493e+03,-8.975895434378926439e+02
2.086408021646852831e+02,-1.398200291702235745e+03
-5.500492435029111675e+02,-6.976471500849304448e+02
-3.939261034751418720e+02,-6.396274220717773460e+02
-8.699882708314830779e+02,-1.025334850497632942e+03
4.013659262543924342e+02,-5.635588120481465921e+02
5.421731964656419223e+01,-5.331482773616965005e+02
7.326746222755323288e+02,-2.440108154316314995e+02
7.264091178571138698e+02,-4.228284361254968644e+02
-1.389992962229588102e+03,-3.853781046581386818e+02
8.134547702494064652e+02,-8.791310010632005287e+02
-1.498526645045321402e+03,-2.033077067879730748e+01
9.781127386772295722e+02,-5.546557197331687803e+02
3.920315870555491529e+02,-7.212440539987815100e+02
-1.523253084703362674e+03,-4.548225867187277345e+02
-1.468479923967736113e+03,-7.873939234964807383e+02
-5.945082059678047699e+02,-6.012679563911369769e+02
-1.104034564697191399e+03,-1.793228884968536931e+02
1.039876044543398166e+03,3.111672525419749036e+02
-9.375436487110710004e+02,4.618870191865162269e+02
2.128831140194292857e+02,-6.021937578896911418e+02
-4.470675384663763907e+01,-5.915101301412048542e+02
9.855354014861350151e+02,2.615484578102064006e+01
1.126947210267764603e+03,1.445904250215758111e+02
-1.312661753985686573e+03,-6.234740827755024384e+02
-5.029274230613782493e+02,-1.228838943958879327e+03
-1.153448600123973392e+03,-1.315427916652047770e+03
1.099471730128639138e+03,1.461718020012726811e+02
-5.265180205188885338e+02,-1.357564501942010565e+03
-7.781427622746164161e+02,-9.246450830973271877e+02
-1.136165147978294044e+03,-8.676691398317898347e+02
-1.120105145301123002e+03,-1.105363651849103007e+03
1.106191585506062438e+02,-8.920199926844093170e+02
-1.572060523176433890e+03,-1.625611858403719907e+02
5.498279951463782709e+02,-1.540848299547802071e+03
-1.280561092024417121e+03,9.615698599105007816e+01
-1.083298484613415894e+03,1.995631333350283967e+02
1.091551946256151041e+03,-8.289620272407280481e+02
-5.495190937985880737e+02,-4.925059945724713089e+02
-3.440690612810835773e+02,-1.225572299921109561e+03
1.958230580083341010e+02,-8.077571555533061201e+02
-8.369659330788294938e+01,8.432319516727143309e+02
-1.265400586890649038e+03,1.922583577655194404e+03
1.148860282989520329e+03,-8.898405480339292808e+02
-1.371111016012090886e+03,-2.748923818923024101e+02
1.137580162174585894e+03,-2.321541796141004852e+02
1.004811708655274742e+03,-7.569235745702867462e+02
-4.231268612735916577e+02,-4.151654010727527293e+02
4.401477558118349407e+02,-1.619364426228424691e+03
-1.102626838530891973e+03,-1.049708422345406234e+03
-8.052012897703195904e+02,-5.884607089047042336e+02
-1.059956199378102610e+03,-1.125015231150994168e+03
2.952259605471399482e+02,-1.130165521697260829e+03
-1.006686740807012029e+03,1.357587098604303719e+02
-9.453182777185165833e+02,1.560473284432617675e+03
1.132118413535011769e+03,-5.530255354316427656e+02
8.507202713043579934e+02,1.387096799284749977e+02
4.095403117422765717e+02,1.845825830965731257e+03
-1.282662446807448305e+03,-1.142405992048386452e+03
-2.466126741568709804e+02,-6.837468451667039062e+02
7.094372178839189473e+02,-7.860534104028417914e+02
-3.919389612515967656e+02,-1.300172547920449688e+03
-5.038595845800564348e+02,-1.172713782693297162e+02
-1.144052173703850031e+03,-7.183898191968937681e+02
3.974905851778594297e+02,-6.728240663964500072e+02
-1.078098709854741173e+03,-1.151690092956409899e+03
5.805170839368420275e+02,-1.109764233964612231e+03
-1.051903169542626074e+03,4.054981378118782231e+02
-4.246459177868036932e+02,-1.453092896134673538e+03
1.004105820678063083e+03,-1.029527812798685545e+03
-1.490067989479186963e+02,-9.034767046936001407e+02
-8.829892484978765879e+02,-6.432418914272773236e+02
-1.325241282477024242e+03,-5.231886564946262297e+02
6.841416875816994434e+02,-6.375168532828192838e+02
1.446944548588789985e+02,-1.295500807472190445e+03
-1.630729634757512940e+02,-9.826419956574151229e+02
-5.525605752434425995e+02,3.254620228636008505e+02
6.995518196828561486e+02,-4.472399434106234821e+02
-1.476953260083005716e+03,-3.840619267614110868e+02
7.101739192560467018e+02,-3.348209570991214150e+02
-1.535142605725335216e+03,-8.137591963191084687e+01
-8.491643494057921089e+02,-1.336959122122023473e+03
9.634592679277975549e+02,-8.087951475537279293e+02
-2.340194643593690671e+01,-5.511598501491646402e+02
7.770048505072704756e+02,-8.610640390491118978e+02
1.120498952491172076e+03,1.696079013662179023e+02
-1.461580637743174520e+03,-6.488666597769852160e+02
-1.486331678302335149e+03,-5.863212977600983322e+01
1.011232882664056433e+03,1.907489752627907365e+02
-1.492563461161414125e+03,-5.979600887089923162e+02
8.935160808414880194e+02,4.211030894001651177e+02
-1.014212882141727277e+03,-4.930488146778554892e+02
-1.220620711927499997e+03,1.920185244433300795e+02
-9.384996432181028467e+02,-8.185510314267080503e+02
9.888026942015467284e+02,-6.281617568634640065e+02
-7.015740627411134938e+02,-5.628806529136329573e+02
-1.113828763865063138e+03,-1.241060312765962408e+03
8.038843208904986568e+02,-7.318494566517222211e+02
7.204247336730086317e+02,4.574470597503500358e+02
-1.393306812641322267e+03,-4.385726416715699543e+02
1.004788422573031312e+03,-1.111715953906600589e+03
9.481956256718840450e+02,-8.485752234121630408e+02
-1.066661037535134483e+03,-1.080430472258400187e+03
-6.359740810020607569e+02,-1.526979054205114608e+03
-9.671216224197673910e+02,5.108311746964513986e+02
-3.162407875882668122e+02,-7.381679089216850116e+02
-5.823971812843758471e+02,-8.844064403390009375e+02
-1.336414861413826202e+03,-4.805447749658760586e+02
-5.812171797595237877e+02,-1.640699252936582070e+03
4.845221174757298286e+02,-9.465231726065185285e+02
-1.485101799731045958e+03,-2.512035487392863615e+02
6.256797057322760338e+02,-4.275857036181525928e+02
-7.086170388250159249e+02,1.384735097294050320e+03
-2.530475738706998072e+02,-4.425525579153627405e+02
-1.180010226074862658e+03,-6.608291912428937849e+02
1.831088859633450738e+02,-1.045591893272128345e+02
-1.064852102185038348e+03,3.928148160199225458e+02
-1.423376443663079044e+03,-1.602168759443825365e+02
2.522834733162681005e+02,1.283674857516840802e+03
1.063345047271273870e+03,-5.099936834417053433e+01
-1.174504375694609280e+03,2.550414131540705966e+02
8.010730536969485911e+02,-1.237042269395762787e+03
-1.142200225050755762e+03,-1.878680748109024989e+02
-1.023466795150313715e+03,-6.998369111811691710e+02
-3.209052471601376055e+01,-5.030613908241814443e+02
7.429082691364883431e+02,-3.874975196809884892e+02
8.042641550863640987e+02,1.095631784353056901e+03
1.587833091640277416e+03,1.423646472341440131e+03
4.218591639451824449e+02,-9.168693915405201551e+02
2.852373780672778594e+02,-1.867978973299061636e+02
4.156654945481200230e+02,-1.171821291756727987e+02
-3.859980327359257899e+02,-8.216486163617785223e+02
-1.834807244704143159e+01,-1.216070972114353253e+03
6.052390456477501175e+02,-1.395321603014785751e+03
-1.560615049254923406e+03,-7.280686188434242467e+01
-1.069856149862267557e+03,-6.185397989687251084e+02
1.689272850624938201e+03,1.432852520998488671e+03
-1.253418738229621340e+03,-6.810849938931742145e+02
1.175305053063510059e+03,1.304242358152663201e+03
-8.207343664351797088e+02,-7.108527397774084875e+02
-1.004045377847251416e+03,-9.688685972224448051e+00
6.486926551949318309e+02,-1.302947732911878347e+03
8.918835319885993158e+02,-5.513780660351590086e+02
9.195963261560386854e+02,1.943843963648237150e+01
6.916307092453694167e+02,5.072761361629859493e+02
-1.428499097074748533e+03,9.477752506742353944e+01
7.348881513878468468e+02,-1.419950348172462100e+03
-1.391610799207780474e+03,-7.748251242780863777e+02
6.796124274938019880e+02,-1.350914687574166692e+03
-5.697528570523350027e+02,-1.260343743672804521e+03
6.981541069512381910e+02,-3.269819844385922352e+02
7.835751201226016747e+02,-2.145183422588215763e+02
8.303212666786826048e+02,-5.745996711729503659e+01
-1.081756905265039904e+03,2.343670782693102410e+02
-1.465698983327116139e+03,-1.454306713532730555e+02
8.573307209670078919e+02,-1.387892844158297521e+03
-4.451814915732727513e+02,-1.001375994570559556e+03
1.169846906022503845e+03,-4.777900733270721503e+02
1.103719839558701551e+03,2.074738582100781059e+02
-6.777387398485143422e+01,-1.733177478707573528e+03
2.416060769594482736e+02,-6.288091170416350906e+02
-9.893769925580673998e+02,-3.124865379874058817e+02
-2.850366507860308047e+02,-1.595274167366714209e+03
-5.945885564076183982e+02,-7.486338149184357462e+02
-1.032758629529310383e+03,3.846969783891818224e+02
-1.319644348834160610e+03,-3.300115886859002785e+02
-1.205070804805028729e+03,-1.001835601132892634e+03
-1.406360699701941940e+03,2.018982572250470184e+02
4.109502127732548615e+02,-8.453333625962468432e+02
-1.144749853218167573e+03,2.158185933025997656e+02
2.839229505537682599e+02,-8.948271189726954162e+02
1.896850002117676013e+02,-5.062436491710589053e+02
-2.151159899277163277e+02,-7.767912233766614918e+02
-1.162824275429199361e+03,-9.449413792882435246e+02
-1.286496935059503357e+03,3.512783418220483327e+02
-9.399409238998987348e+02,-1.090375705680276496e+03
-9.510549340126090101e+00,-8.589568856920623148e+02
-1.527118532828101706e+03,-2.089793700834788979e+02
1.092833209790552701e+03,2.152031176518607936e+01
-1.653687226379604681e+03,1.924237347670280087e+03
-7.296768143308117942e+02,-9.221654528412861964e+02
1.033412799532525241e+02,-7.556381429146426854e+02
2.009327051944551386e+02,-1.188896788384431829e+03
-1.114700907210194146e+03,-5.235360685597245265e+02
-1.639096815702940376e+03,1.898219290584004284e+03
-1.071098261534347785e+03,-2.520579673580962208e+02
-5.037601495038004487e+02,-5.012020163180714007e+02
5.441395862932495220e+02,-7.861666979023777913e+02
1.018343817385258262e+03,4.266000100880082755e+02
-3.086269326151200403e+02,-6.463013931070897797e+02
-1.252120713422687686e+03,-1.184819663036616021e+03
3.849724942396278493e+02,-8.086607264361321086e+02
1.209171930789029830e+02,-1.374876767453888760e+03
3.791895478933624872e+02,-1.013945298463941299e+03
6.347205118911383579e+02,-1.512899518613160126e+03
-6.682731024681213512e+02,-6.773193858725994687e+02
1.163735705068007519e+03,-4.094847925091924026e+02
6.401639985407255153e+02,-8.571734823585888989e+02
6.501108108047160385e+02,-7.329229359799826398e+02
-2.258915169544980017e+02,8.574195009347881751e+02
-1.061961846770439934e+03,-1.203029429785781304e+02
5.755674328741142745e+02,-5.576082109352089446e+02
-1.429980848268460704e+03,-9.174949625890567404e+02
1.022557751358296173e+03,3.541254061935987920e+02
-2.417120746711925676e+02,-1.013730731605091478e+03
-3.063287915826149401e+02,-8.733075548758529294e+02
7.179437360568954318e+02,4.182585637116399084e+02
-1.475836455834761409e+03,-5.768162248857674967e+02
1.100165856180488845e+03,-1.196548415929585190e+02
2.508599974286630641e+02,-4.996047189687890295e+02
-1.017166622661368365e+02,-3.885430567278594935e+02
6.407093954864367333e+02,-8.952184526964879296e+02
1.064328262731469295e+03,-9.933244669924876007e+02
1.173389955180714423e+03,-8.633123026343075708e+02
-4.888413873009578765e+02,-1.133495297761797246e+03
1.054682387637438751e+03,2.661446872869992148e+02
5.356629110517305890e+02,-9.288127957115343634e+02
8.742553734054431516e+02,-5.212092648904338148e+02
9.212466322467012105e+02,-7.246421023803804928e+00
7.382851833352860922e+02,-2.778305688189038847e+01
1.024065587419910116e+03,-7.149846887749520192e+02
9.480439765475539389e+02,-6.635311135549532082e+02
-1.461854821978475684e+03,1.808884058142471986e+03
-1.167056675403789313e+03,-3.144159507481256242e+02
7.975606760923365073e+02,6.806134103331623919e+01
-1.415528675118026740e+03,-3.296470062112348387e+01
2.441220371906274522e+02,-1.098235369079246084e+03
-1.466279089896920141e+03,-5.269343082315510856e+02
-7.753001698247499007e+02,-1.255216382473348858e+03
-8.650021376705681178e+02,-3.868399570246492658e+02
-7.977993053889642852e+02,8.200845967920413386e+02
-1.485177302357843018e+03,-7.126983508786263428e+02
2.727729443384123442e+01,-1.440220221461935580e+03
-8.197435661766514841e+02,8.745760323959639209e+02
-2.924728438816514426e+02,-1.247247792711265902e+03
7.016682285170545583e+02,-1.411014826184774392e+03
-1.375342195420334065e+03,-9.854737285031529836e+02
-8.210052890041154114e+02,-1.337022445349783538e+03
1.181692697500161557e+02,-6.997845770987569267e+02
5.974365590902116310e+02,-6.039960653276141329e+02
-7.392615489360996435e+02,-8.659538932120060508e+02
3.814814636049454748e+02,-1.372248053117774361e+03
-1.145520551971429086e+03,-1.238060035464865450e+03
-9.355245068692022414e+02,-7.706425429657047061e+02
5.913791825396292552e+02,-1.355172950159530728e+03
4.030899935713227933e+02,-2.567808810294952764e+02
4.557747728169256334e+02,-1.056914719157803120e+03
-6.782905987656445177e+02,-9.100559970306433115e+02
-1.448916855666806441e+03,-7.561065584856928581e+02
-1.106678182711045565e+03,-7.565608091070616865e+02
8.034596947018235369e+02,-1.979409133193621756e+03
-1.004649963440325678e+03,-1.227941293579505327e+03
-1.448000000000000000e+03,2.320000000000000000e+02
8.432615718937504425e+02,-1.991561407793374428e+03
-6.473240618444970096e+01,-6.061371829948996037e+02
-1.111707753835044514e+03,-6.360700399050622309e+02
9.153685551833127647e+02,-8.472687375748801060e+02
2.937619661578542036e+02,-7.192843398711086138e+02
-1.153149062452983117e+03,-1.177017740254291311e+01
-1.006179256274419458e+03,1.648980393451124655e+02
-4.025801127474910572e+02,-9.693719136878466998e+02
-7.092340194105481714e+02,-9.910123404413560593e+02
-2.416547379614573856e+02,-6.484799168238498623e+02
9.055484105255604845e+02,-2.997572693887298101e+02
7.421036900817275637e+02,-1.030664841437801897e+03
-2.998920785631050876e+02,-8.424551826047845680e+02
8.364330802941958609e+02,5.360567243206464809e+02
6.511394763730904742e+02,-1.422299685637303355e+03
-3.214279628500078161e+02,-6.916741174155597491e+02
-1.462203166688418150e+03,-1.969749831686181096e+02
-1.118350248328109046e+03,-1.157672179512719140e+03
-2.385944199190098516e+02,-1.402129828142918996e+03
-1.202122825367477844e+03,-1.175375960072147109e+03
8.069780375756672584e+02,4.640229012687614158e+02
-4.722649761055763520e+02,-1.589986861440576604e+03
-5.357691007298615204e+02,-1.089464263773037601e+03
-3.415505674764985997e+02,-1.514278232272861715e+03
2.506597873574264668e+02,-1.214710566356176514e+03
-3.505545979609057667e+02,-4.291936965796944605e+02
-1.361002769244745195e+03,-1.010826017547987590e+03
-1.085526173639359058e+03,-5.165711844263928469e+02
7.116938638772217018e+01,-5.154458843173958940e+02
1.113993915672302137e+03,1.821141954622426056e+02
1.243970294237560665e+02,-1.692981660803178556e+03
-9.839836369545588468e+02,-4.637494501461660548e+02
9.418458242319024976e+02,-1.151495603676418796e+03
-5.503185361161770288e+02,-6.253296383589395191e+01
1.127521211458506059e+03,1.941988432110724716e+02
-1.117064353040684637e+03,-9.584231837312447624e+02
7.874175207118387334e+02,4.635518469734220162e+02
-2.289503645491245152e+02,-6.783229282006543599e+02
1.133952370187982979e+03,-4.805139887935849856e+02
1.637445047515081114e+03,1.442658395885384380e+03
-1.148562575385965829e+03,-8.044934220262200597e+02
1.126519450994566341e+03,6.780097840128610187e+01
-8.903614879187248334e+02,-8.728628061131769300e+02
-3.442666520280433815e+02,-2.274343865609193927e+01
-5.836194059478286817e+02,-4.934923270917499849e+02
-6.167741834626826858e+01,-1.015899752218478170e+03
3.261278028018100485e+02,-7.706909312149871312e+02
-1.081853300758969908e+03,-8.548873163803636999e+02
2.783248167414053569e+02,-1.316493024928091018e+03
9.077640713883238277e+01,-1.463829037827559432e+03
-9.532975848007722561e+02,-1.499748021600697257e+03
-1.348225872015768800e+01,-1.125466473060493627e+03
-1.167396788557769469e+03,-2.017359699807989273e+02
1.173277250003631252e+03,-2.304603898359609957e+02
1.114175518249571724e+03,-1.578276896950919763e+02
8.840765520986046795e+02,3.369375329369859173e+02
-8.947793312935873473e+02,-4.972681499220223031e+02
-1.195768536903055747e+03,-1.196427012401699358e+03
-3.145390871990805408e+02,-1.154563911058915437e+03
1.048498553992808411e+03,-2.706558957251615993e+02
-1.207182242045274506e+03,-1.117162524245563873e+03
-5.443155337886739744e+02,-6.052998476685011155e+02
-1.162144862666040808e+03,1.692208642201291696e+03
-2.506303866043715516e+02,-1.729507013639402658e+03
6.046994583733553554e+02,-1.525331674143296823e+03
-1.274953574178403414e+03,1.734506263045294418e+03
4.716490112207779930e+02,-5.126896493852316326e+02
-7.994033827935086265e+02,-1.188900358474203131e+03
-1.187867439812001066e+03,3.616744020308983636e+02
9.854206517500774680e+02,3.136744792222229989e+02
-1.304947137719082775e+03,-5.683116995515008512e+02
1.052556671249968531e+03,-4.605767175182718347e+02
4.549409066778130182e+02,-9.407747567112598972e+02
3.078541853433102915e+01,-1.343024745009892285e+03
-7.107023219778961902e+02,-4.861516709945260573e+02
1.056909246233763952e+03,-9.161614756592855429e+02
-8.962920960301833020e+02,-3.493028148747819159e+02
-1.063272402174199215e+03,1.343127451696086609e+02
-4.988547688514336187e+02,-1.499237383783646692e+03
-3.515695184181381592e+02,-4.972334876214333690e+02
-1.056307208201724279e+02,-1.010138376257991240e+03
9.207529312542314983e+02,2.710518891353858635e+02
1.020410865282339273e+03,-9.736584197155273159e+02
-5.456759577959389844e+02,-4.615254244582617957e+02
-5.515258633267903861e+02,-7.774315571247275329e+02
6.394511268098381152e+02,-3.535544266941667502e+02
-9.149491961933849780e+02,-1.627160602879180260e+02
5.244833584772754875e+02,-5.425910107475083350e+02
-5.247945274359747145e+02,-7.985724100207858100e+01
1.488891595497940671e+03,1.413523956808196999e+03
-1.592680516959649140e+02,-7.458518256299250879e+02
-7.534068300772212297e+02,-1.579705624326965108e+03
-1.239635086935737263e+03,3.307600006503889745e+00
-6.441198864633634003e+01,-5.865693785514247338e+02
1.446979254524544558e+02,-7.439936729026237572e+02
-7.318428718880161341e+02,-1.278568707782169895e+03
8.189357862487049715e+02,3.361013477907176821e+02
-1.091793286969382279e+03,-7.862617923281766252e+02
-9.366767372691497258e+02,-2.764805046042702088e+02
7.481935466931395240e+02,-1.166848543699749143e+03
-7.092360828233354368e+02,9.781719145971264879e+02
-1.022484167321683572e+03,-1.106263719891657274e+03
-1.144677594640563257e+03,-1.065741047246788867e+03
-1.215390177930246637e+03,2.165778623506880649e+02
1.088681750841592475e+02,3.653997174343408005e+02
4.957201111458625746e+02,-1.054434106341172992e+03
7.153930941793032616e+02,-6.724542622470066817e+02
5.545597637789114742e+01,-1.742115281373830840e+02
9.847237023817237969e+02,2.845814582556563437e+02
-9.737954365501816483e+02,-7.783660164270277164e+02
1.181971983922345771e+03,-6.387447023048482606e+02
9.561670880041274359e+02,-1.518460487038980773e+02
1.143883502011829933e+03,-1.868057619351279754e+02
-1.212259755345684425e+03,-3.371552966878607549e+01
-7.819016296300560498e+02,-5.350387225760143792e+02
9.233643386014491625e+02,-1.249536897387491990e+03
7.296656266646427866e+02,3.888557876257727912e+02
-1.021263798222783521e+03,2.500811247123656358e+02
-1.494746226827133796e+03,3.565093077652477405e+01
3.922539314087016464e+02,-1.267495107678645127e+03
-1.050764390252005569e+03,-1.052414604729345683e+03
-1.234569463584178720e+03,-1.563098216344717457e+02
-7.461453285827142281e+02,-1.462677351679185904e+03
-7.153855744015281743e+02,1.308154595116152450e+03
9.000573133581929142e+02,-7.775736816856615405e+02
7.869874767857513689e+02,-1.892686469057416616e+02
7.728459861433525475e+02,3.246466575782701511e+02
-1.194817267834024278e+03,-7.479959824122652208e+02
-6.131036411925108496e+02,-8.650156208051137128e+02
-1.430831165573271619e+03,-4.573468862363683911e+02
-1.116445471213224437e+03,-4.925182678365183619e+02
7.665442784924848638e+02,-7.507441121096005645e+02
-1.707616791196803661e+02,-4.633493778435627064e+02
-9.423187200928114180e+02,5.813131236532253752e+02
-3.565810956588666158e+02,-6.926401052574462938e+02
-5.869127680197450445e+02,-1.062552688052431677e+03
9.333042474366566239e+02,-7.903654673042447030e+02
1.051002123009375737e+03,-1.134627229817728676e+03
-1.332642446424649734e+03,-2.664283294924389338e+02
-1.354678110045918402e+03,-8.502749891976548042e+02
-8.081808628505591514e+02,7.892315504260368471e+02
-1.922623821184797634e+02,-9.831290956831259109e+02
-3.080588441474603769e+02,-1.255653993932770845e+03
8.609485853939663684e+02,-1.166317478512662547e+02
-1.273266399039854605e+03,3.064234239046136281e+02
5.850652028741164941e+02,-9.402276551513409686e+02
4.093506334946951029e+02,-1.063967772915204705e+03
7.934125665895226120e+02,-1.103769916131216178e+03
5.149692730154538367e+02,-5.926975272234594740e+02
-3.425277997377747852e+01,-6.832954787461173964e+02
-8.051727833228910640e+02,-9.634145105258482999e+02
3.215004719036414826e+01,-1.380116166958364602e+03
5.997558403835241734e+02,-6.512300767499659742e+02
-1.605927606472623665e+02,8.482611061053535195e+02
-1.314974709059433280e+03,-3.961477457464964118e+02
-8.365092862036847237e+02,-6.233081824964613133e+02
3.317951251353642874e+02,-1.264648854011944422e+03
3.195010920977392743e+01,-9.689307398311937050e+02
1.093408023588100150e+03,-8.893869349141145904e+02
8.538129828653477489e+02,-7.609036630704713389e+01
-1.340739523132033355e+03,3.026276597018481880e+02
1.011529041299256733e+03,3.942098046349160541e+02
1.444510671104035282e+03,1.374783438143884723e+03
-8.127751713053605727e+02,7.618159471843332540e+02
8.193006306811985269e+02,-1.333909818653756929e+03
8.567951764235517658e+02,-1.172457312505559003e+03
3.147365427567187908e+02,-8.975053355317745627e+02
-8.836706645399863191e+01,-5.517051661718098785e+02
9.355334237696756645e+02,-1.263777661104840035e+03
-1.000360517624529280e+03,1.884916681467980197e+02
3.237343253004951293e+01,-4.546865967492751679e+02
1.042516115343934871e+03,-5.713959718393650746e+02
-1.920793987110198486e+02,-1.090248802697037263e+03
6.142137001965729723e+02,-1.034342214298715589e+03
-3.885554794693598524e+02,-1.142189952772529750e+03
9.922374680995148992e+02,1.954349846017967138e+02
2.159922853678131105e+02,-4.826222211948065706e+02
1.066723882689515904e+03,-1.879010064769249766e+02
-9.681178133111689021e+02,-8.861361527081317035e+02
5.782944580672415213e+02,-7.966529296665826223e+02
-1.299830048863025240e+03,-7.474775685823869935e+02
-1.575289105157031599e+03,-1.022777475705734105e+02
-1.240792582597894807e+03,-7.246596580171240021e+01
3.429725523961838007e+02,-1.032678632439820603e+03
7.225077950148256605e+02,6.291008413419453973e+02
6.084973191350336492e+02,-1.211866403813570741e+03
8.005583847067387069e+02,3.530442955602052280e+02
5.241028861509557828e+02,-1.264287693035060101e+03
-1.028682369029580059e+03,-9.665982860232606981e+02
9.074028419862452211e+02,1.684262386991208587e+02
-5.144415895107053984e+02,-1.104912408082466754e+03
1.253825701505552388e+02,-7.301080129615311307e+02
6.005257917921530861e+02,-6.920276720709607616e+02
7.825253608460498072e+02,-9.671425571014758589e+02
6.796994151817475540e+02,-2.175360498162954173e+02
9.450260901162268965e+02,2.027879576554628329e+02
-1.440825811521403921e+03,-8.337254582473890423e+02
-8.648838541860309306e+02,-5.846312802566301343e+02
3.695356188348546311e+01,-9.897268319394238461e+02
3.400423015975757153e+02,-9.861883133172692624e+02
-8.781534745730909890e+02,6.342649750206105637e+02
9.040871749175644254e+02,3.217193689112718857e+02
-1.261123090748696541e+03,-5.669099482195974815e+02
-7.254749732576112820e+02,-6.292561856008783252e+02
-1.392302566647494359e+03,-5.593895356185478249e+02
-1.099053727651341433e+03,-5.835263735286850988e+02
-8.941789705314947696e+02,-6.980107441664163161e+02
-5.851791721420468093e+02,-1.180025416265218155e+03
9.751630954372376436e+02,-1.206329751356636734e+03
6.818648421278076057e+02,7.274496522573840593e+02
1.055871875538584391e+03,-6.490511553099956927e+02
6.258228258189242297e+02,7.483678267764166776e+02
-1.103875672802684676e+03,-1.132997386966017075e+03
3.195990068388409782e+02,-5.550592728064755192e+02
9.585327283306482968e+02,-1.056189957000217646e+03
5.352915299316018718e+02,-9.816432559913034765e+02
1.993106605517232310e+02,-1.451828324138543849e+03
-6.495898074678384546e+02,-1.187686211847535105e+03
-1.002251310797669817e+03,4.592041432763767261e+02
6.739135567819694188e+02,-8.818095969084681656e+02
9.669768601070068144e+02,-4.803950803561456269e+02
-1.247291142824087274e+03,-6.534664808780528347e+02
-9.888264595370168308e+02,-7.391795851951537770e+02
-5.655701309841440434e+02,-5.688177030460146852e+02
-1.018496990572142522e+03,-1.066078134654234418e+03
-8.867513814180588270e+02,1.535871780018786012e+03
-1.482283348548883623e+03,6.481020720228525533e+01
9.255963422523095687e+02,-1.523590468143779617e+02
9.031598567520359211e+01,-6.334162709831070970e+02
3.104926515875758923e+02,-1.162928021587075818e+03
9.269244959227053187e+02,4.687229491109737864e+02
-3.732304867432301307e+02,-8.514671720942380944e+02
-2.547336556416087205e+02,-1.367958231042012812e+03
1.840557227763429182e+02,-8.437553469717875032e+02
8.178694577342703269e+02,5.062979399629512045e+00
-1.168204719228303020e+03,-4.484833513460405356e+02
1.027532247935621854e+03,-1.395064118103573492e+02
4.710432722787081730e+02,-1.041212522908703249e+03
7.476964380425051786e+02,4.888322252370353453e+02
7.316316554910072227e+02,-6.939808475406682646e+02
-1.273383264913447874e+03,-4.110893904077056504e+02
8.395133119537554194e+02,-1.967617686016021935e+03
-1.304305147911813947e+03,1.751178459035240849e+03
-5.295766031937600928e+02,-9.172311127382695304e+02
-6.617869274465836043e+02,-1.339798567130671245e+03
-1.200857845164348646e+03,-6.796812744574142471e+02
5.732432576915139180e+02,-1.198630102540857024e+03
1.492301427977167805e+01,-1.158117982002466761e+03
-4.618520056001948433e+02,-4.308506249403708352e+02
8.283571377041275809e+02,-7.662045207903081518e+02
9.098152889927887372e+02,4.814531295032952585e+02
-5.805774435272560368e+02,-8.477534126850739540e+02
7.083823244359386990e+02,-1.869878054274540773e+02
-1.977858081221077100e+02,-6.636451866412578511e+02
1.020118526576303793e+03,-3.741830243120978139e+02
-8.391584935780460910e+02,-4.800372114919782689e+02
-9.076240371806777603e+02,-6.479652692443296473e+02
-8.476183675699464857e+02,7.115921258895568826e+02
3.062399801305646179e+02,-8.386634354261443605e+02
9.599948701659245671e+02,-1.117845666634920690e+03
9.424891140597151207e+02,-3.020892970377144593e+02
7.048370467487789028e+02,1.667325918959422779e+02
3.563748683936023554e+01,-1.411655296785698283e+03
4.606508771850531048e+02,-6.899188369431169576e+02
9.601509956936401977e+02,3.602161526274167045e+02
3.057486562492840676e+02,-1.241460896311868964e+02
-1.127820905875119934e+03,1.676325269432289133e+03
1.101191674187583885e+03,-3.575352251487274771e+02
-3.338677670642994144e+02,-8.571779268264042457e+02
6.536185135935538710e+02,6.845750057947543610e+02
7.817967546567838326e+02,-8.168855513059666009e+02
1.047505522111693608e+03,-1.603902111797951875e+02
5.346145681216335106e+02,-7.613845268101481452e+02
1.049777521691505626e+03,-5.392823049573014487e+02
9.417603684023724782e+02,-2.280705071418101397e+02
1.202308715104786643e+02,-6.111674952747973748e+02
-1.222229750100616911e+03,3.995044939771610188e+02
-4.465741976887397868e+01,-7.671529356374469444e+02
-5.928316065637122847e+02,-4.000210907661892179e+02
1.569864428980922639e+02,-8.165193194323110220e+02
2.025511287605227153e+02,-7.349947433464599271e+02
-1.243548090496188479e+03,-1.196297020839982679e+03
8.353245984970053541e+02,-3.448005018837989155e+02
-1.304235155305751050e+03,-3.663076678180066210e+02
-1.466113238623028337e+03,-3.588523270674309060e+02
3.480295408982615299e+02,-1.515477465610634908e+03
2.518981425351807957e+02,-8.599201199025483220e+02
1.931104725980799230e+02,-1.076773152669312822e+03
-1.144475960596006189e+03,-4.224515216280337881e+01
-1.487861592405036617e+03,2.266300906827755171e+02
-7.230239231454647779e+02,-9.609532654976492267e+02
9.945076352093469723e+02,-3.369003569000474272e+02
7.327046526594212992e+02,-1.205412701115976688e+03
-9.914767451480237241e+02,-9.235068528711180988e+02
-1.017639576023020254e+03,-1.180174969987661825e+03
7.048454612386376539e+02,-9.234395867970486051e+02
-1.089547472743984599e+03,-3.223454752716529583e+02
-9.938455878256494316e+02,4.081795413013023790e+02
8.658426509580426682e+02,-1.071917734579404168e+03
9.583612471157048276e+02,-5.737215735386409960e+02
-9.121203198211603649e+02,-2.526609541354964676e+02
6.796307657882798594e+02,7.852482408134565048e+02
-7.936938445930934449e+02,-4.324768770618493363e+02
-6.510282551620514369e+02,-9.683755251649470210e+02
9.802238858583336878e+02,-4.474250156973353114e+02
1.453019567481669583e+02,-8.872968984192350490e+02
1.070738708435917033e+03,1.267103278665844755e+03
-1.358246575746706640e+03,-7.687698671388909588e+02
-1.003152332813016187e+03,-2.730684980990733948e+02
-6.879479374816671680e+02,-1.503831381738159962e+03
-1.163453742064416929e+03,-7.528727965703071732e+02
-1.090292497098371996e+03,2.922778229946839019e+02
-7.598532018275143400e+02,-4.555156044995001139e+02
9.344732429536270502e+02,-6.995615003495681776e+02
7.060021014245216975e+02,2.089199659613504991e+02
1.005455824646785459e+03,-8.701849846511561282e+02
-8.165263478894223681e+02,-5.630144642758498321e+02
-9.815837655604100291e+02,-6.011166333093790399e+02
-4.950167251732398199e+02,-4.404087298147094316e+02
6.079975151078633644e+01,-1.002924582318431703e+03
6.936618375844655020e+02,4.323093112843548624e+02
7.621667071599486007e+02,4.880438357274206282e+02
-1.035529111187473063e+03,1.640027392863116802e+02
-7.145219679474907934e+02,1.288510319081997295e+03
8.240541380119257155e+02,-1.448835109167903283e+02
7.698526989164993211e+02,-9.636764744993206477e+01
1.015602627488773578e+03,-7.944283550211412148e+01
3.887575368816396804e+01,-6.479019995632024802e+02
5.149974519953266281e+02,-6.886771107479021339e+02
1.578959548254156289e+02,-9.808290670336924677e+02
-9.281694873770175036e+01,-4.196134095983636598e+02
1.103235463708043881e+03,-9.370363725199606506e+02
8.275663384232475437e+02,-9.557506035913386313e+02
-1.493882487933108678e+03,-5.106454101032934432e+02
-1.478149884609594665e+03,-7.370413405915812746e+02
-1.237049668734814986e+03,-1.029981900314220184e+03
-1.561996488728515033e+03,6.202569270052072170e+01
1.098017292214898589e+03,2.182036847996200777e+02
9.853117522624966114e+02,-1.153833316669711166e+03
2.850813630536144956e+02,-1.675510866232262515e+03
-1.469293325631347216e+02,-8.538490516000624666e+02
1.033846703877679829e+03,1.376662200060786745e+01
9.466781708633388916e+02,1.586225539233337258e+02
-1.168348155738371588e+03,-1.168189483926505545e+03
-1.593136528188558941e+03,-6.452926184525381359e+01
-5.359852734839394088e+02,-1.244122634963647670e+03
-7.696452183129756577e+02,-7.634547904439020840e+02
-2.459992316208263219e+01,1.816732834264927078e+03
-5.718373423905438813e+02,-1.080243339889118033e+03
1.022421699153097506e+03,-1.162314493281225396e+03
-8.939262861258100656e+02,-7.204236553811981594e+02
-6.105243748577809129e+02,-4.482851370625180607e+02
-9.398683045748712175e+02,5.627802157503583658e+02
1.269758979987117073e+03,1.333544768130387183e+03
-6.351203236463895792e+02,-1.320631648393107071e+03
-1.262321978373793399e+03,-1.174498184277430028e+03
-1.137053388276661735e+03,1.190669060420418646e+01
-9.470919130506740657e+02,-9.406378490539188988e+02
-1.257025138858063428e+03,3.256826316960841723e+02
-1.071530341601490363e+03,-3.551234916031128250e+02
-1.085559609769232338e+03,-1.221904845897744508e+03
1.077000672903308441e+03,1.308888675301659532e+02
6.250231862235473272e+02,-1.108590056205538076e+03
-6.556736262347394586e+02,-7.313655065857792579e+02
-4.415847518149387270e+02,-5.443756049930179870e+02
7.886774549759743422e+02,-2.953449901320641402e+02
-1.249657005308433327e+03,-3.593247416553267612e+02
-1.011697719041413279e+03,1.893446816349152868e+03
-1.707550247165110704e+03,1.975352501100198879e+03
8.417076295859365018e+02,-6.067173940123122975e+02
-1.483232907491187689e+02,-1.286091054219474472e+03
-1.535270485271204961e+03,-1.761279119452478881e+02
-7.215666702635996899e+02,1.263942514808400119e+03
-9.064751389527648371e+02,-8.716983870466367534e+02
-7.884796737433930502e+01,-6.788664665739988777e+02
-7.140017540550798003e+01,-7.099345064041776823e+02
7.482864828238184600e+02,-1.383011422891436268e+03
-7.222779036332019587e+02,-3.484088556684480409e+02
6.336039469047232160e+02,-8.033264485013976355e+02
7.082389837903538137e+02,1.234208871756222834e+02
-1.025051540617315823e+03,7.224885865357418879e+01
-1.071434026992606050e+03,-7.264586276821285082e+02
-1.356554803074386655e+03,-1.400494632533486765e+02
-1.066397992578444246e+03,2.836379520015429989e+01
-4.753175732080840135e+02,-6.129607660739980020e+02
-1.151963568931618738e+03,3.737997020471698306e+02
-1.155265434368497608e+03,2.851508692765455635e+02
3.648998431403842915e+02,-1.285573535218545203e+03
8.084491448648291225e+02,-1.184422737974236043e+03
2.429121769531107020e+02,-5.930850168721890441e+02
2.965938799430800827e+02,-1.352334021954864966e+03
-3.106340231927240438e+02,-1.419929411393609371e+03
7.602864438071692348e+02,-1.993432948193287302e+03
-2.005259752919168932e+02,-7.071158136374317564e+02
-1.516552731632459654e+03,-5.353151946208731715e+01
7.927383503299438416e+02,-1.412305164242519368e+03
-1.505189264761514096e+03,-3.929204713460057974e+02
-1.144372262149863218e+03,7.863977284310840332e+01
-1.293424388594071843e+03,-1.102939301703039291e+03
-9.741090083403785229e+02,-1.154336068021865685e+03
-1.400854461097997046e+03,2.453495505764012705e+02
-1.171265219386234094e+03,6.787216825990708458e+01
-4.023953588587544346e+02,-5.763140287929518308e+02
-9.919619977728016238e+02,6.655596843550438280e+01
9.236924017247642951e+02,-1.296297374930089063e+03
-1.244958798534829839e+03,-7.556581647534442254e+02
7.885011727335336218e+02,-1.666101662566213690e+02
5.487019703191708686e+02,-9.544875976050116151e+02
-9.276058344883881546e+01,5.565063766065486561e+01
6.628911372256120558e+02,-6.120219617281111368e+02
7.492445466345175191e+02,-1.345192955288143821e+02
-1.434802247242315389e+03,-6.602163409619656704e+02
-1.164319369386850212e+03,-7.955614983421360193e+02
-1.169087565177372653e+03,-1.018895844581928600e+03
-1.314610788296351984e+03,-1.079674957904725488e+03
-1.435417388125243633e+03,-1.262137470024040340e+02
-7.496134067418613540e+02,-1.200468615024728024e+03
-9.118412457284728134e+02,-1.322595003250806712e+03
6.039057867130845807e+02,-1.115318211363593491e+03
-3.264721879003900540e+00,-1.091063574922117368e+03
-1.189027450146036244e+03,1.068894250190282946e+02
7.999207251725097194e+02,-7.729471189817152208e+02
-1.033102769001578054e+03,1.617553200043242214e+03
6.607886761149243284e+02,-1.183190056375161475e+03
-5.787426722833242820e+01,-3.871265093873259957e+02
3.683548373712073953e+01,-6.868999837042356376e+02
-1.104545154341955367e+03,2.894316347952189972e+02
-7.302176024514310484e+02,1.197151480088737117e+03
-1.139774865467686368e+03,2.580722833565832843e+02
-6.032379449235004358e+02,-1.075304493635757808e+03
-7.011990561919885749e+02,-1.030744152938224488e+03
-5.348086485512892523e+02,-3.794917578049683016e+02
9.592923998993983332e+02,-9.112131223288254205e+02
9.278054902434028008e+02,-1.719485599230504249e+02
2.152569212767530189e+02,-5.398379623507578344e+02
-8.386687650100566316e+02,-5.528869971798785627e+02
1.159042695315045421e+03,1.012192653944689482e+02
8.300838349698337879e+02,-2.325734856295832742e+02
-6.537757513788164943e-01,-1.502950103467760982e+03
-9.783381908548636829e+02,-1.384878923769741732e+03
-3.029086120936528914e+02,-4.814868223789740114e+02
-5.704497003129858967e+01,-6.304686189734977688e+02
-4.927345369317583845e+02,-9.613445619609431105e+02
-3.708935167916642968e+02,-7.562285214073626776e+02
-1.178234516985060736e+03,-9.783808158982424175e+01
-1.537581061729670182e+03,1.219657874891872780e+02
7.665075626622478921e+02,-5.374620759735621505e+02
-4.055122512696307240e+02,-7.948533951044164496e+02
-9.335949587035652257e+02,-9.192840976226630119e+02
4.950274870080534129e+02,-5.944175257114932265e+02
5.944209211749994211e+02,-8.793651567374242859e+02
-6.379000511516355800e+02,-5.393117155540346630e+02
-1.335252013437818050e+03,-2.991937833683175541e+02
-5.604205012370098302e+02,-1.324314978713453002e+03
7.285894792403423708e+02,-1.997429919632275642e+03
5.334908178633286298e+02,-1.038847558469596606e+03
9.136685582034492654e+02,3.428121703015208368e+02
-1.472816984344367029e+03,-4.125900241374213238e+02
8.874473266023692304e+02,-1.133790432699556959e+03
9.466704275697788944e+02,3.274660671623678354e+02
7.483001467645694902e+02,-6.674159769187699567e+02
7.951031741349543154e+02,-6.634193052637299388e+02
-9.096228476747187415e+02,5.860775804229870118e+02
-1.014213473269207952e+02,-1.364134126866641736e+03
-6.698473575771097330e+02,-1.034747592317027738e+03
1.136958286138730728e+03,-5.134372557812384912e+02
-1.125737527876229251e+03,-1.076918101039892463e+03
-1.031945293124163072e+03,-3.035829456033225142e+02
-1.031761090386945170e+03,-1.031664185195057144e+03
4.318393562501632914e+02,-1.048969996696911494e+03
-9.137683108318842642e+02,-7.344068009552390777e+02
5.546727010774493465e+02,-1.124315371868500279e+03
-1.181933779966033626e+03,-1.187357228786876703e+03
9.758680976208624998e+02,2.164556008295085121e+02
1.122103944858308751e+02,-8.652260621698783325e+02
-1.466973948827422873e+03,-8.051865590080740276e+02
-7.285963810636719700e+02,-1.375805809527285419e+03
-1.899366971469669352e+02,-8.051289917732428876e+02
-9.015844347224965531e+02,-9.572444442231601442e+02
-6.462863547902375103e+02,-4.995460039490185409e+02
-6.190041664333939480e+02,-1.052663538797776027e+03
1.023674055780891194e+03,3.318562063591739388e+02
-8.942500811731010799e+02,5.276434171112882723e+02
2.281976376278948919e+02,-1.248495879506595202e+03
-9.210815725041527458e+02,-1.251670593636336207e+03
-6.316673648598248292e+02,-4.465249948430810036e+02
-1.183087716549172001e+03,-1.207779653359598797e+03
1.106763472302462105e+03,1.960308097289153011e+02
-1.549867608815810627e+03,-1.050727436880449659e+02
1.045703002434825066e+03,7.224957285893515291e+01
-4.322738560780092030e+02,-5.750882515787095599e+02
-1.590544136168561636e+03,1.851768613912824549e+03
-6.922137119674341648e+02,-1.397499591870796166e+03
-6.364335068492980554e+02,-7.679897110511531082e+02
-9.265236159303790373e+02,-8.709085402262462594e+02
-8.473099308288890370e+02,6.877144100687005448e+02
-2.845283247961858706e+02,-5.331232676791223639e+02
-5.912497875522826689e+02,3.431099116905534174e+01
2.898866219276669653e+01,-1.131036562059226526e+03
-2.290380860352775017e+02,1.325030974013658579e+03
8.853613518687911892e+02,-6.204577836695084443e+02
1.107497974023103779e+03,-6.383898433934923560e+02
-7.401607511127735961e+02,1.151894712677804819e+03
5.113723125869546493e+01,-8.018291356487675330e+02
1.648533382623004400e+02,-7.731060790364110744e+02
6.000322015272663521e+02,-5.139690281791299640e+02
-2.280922004218268739e+02,-1.201657388605756751e+03
6.178083707470859736e+02,-8.754723623845698057e+02
4.112555889551003929e-01,-1.056286491314523573e+03
-1.742351789946326335e+02,-1.246052963303458910e+03
9.111913676291183037e+02,2.498407552138605752e+02
-2.879051817792767451e+02,-5.024127951693533305e+02
3.431548416501891552e+02,-8.023644848868575536e+02
5.490068947744421166e+02,-7.304831505546039807e+02
4.939353042944908339e+02,-7.116653200326975366e+02
3.631088700410600723e-01,-4.189095615282681138e+02
7.656893177017409471e+02,5.753983571350086095e+02
7.168685327864704959e+01,-7.795861639918978199e+02
-1.028012936846794219e+03,-8.670350239379592949e+02
-1.394992047141573494e+03,-6.745469375477359790e+02
1.098729057424895018e+03,-5.352905277267418569e+02
1.049422735372668285e+02,-6.727062692741740193e+02
-5.186664736327616083e+02,-3.383748016548074702e+02
2.315837867451223246e+02,-8.799364312798966239e+02
-9.596918083573159493e+02,-8.340976254333395445e+02
-1.158817568834900385e+03,-7.779114434170605819e+02
-4.444854781863266453e+02,-1.261364863523026770e+03
5.077291479466148303e+02,-1.126995311534861685e+03
8.999549709081693436e+02,-1.935406456051532587e+02
-1.179309772646238798e+03,-7.708265001045829194e+02
-8.615077102286102217e+02,-1.063513541801694146e+03
-1.289381091270268826e+03,-5.379909273504567864e+02
2.484314702591418609e+02,-1.130212865130486080e+02
4.131288626078762718e+02,-9.591060838733278615e+02
-1.446726862467741284e+03,1.160174754733479858e+02
-9.605999312848268801e+02,5.342020524986087366e+02
8.591000840580813929e+02,-4.775622314587999426e+02
-1.266590005804114298e+03,-3.327952963217358047e+02
-5.752769131143459163e+02,-1.400036666993828021e+03
6.517398967227982212e+02,6.675992712373945324e+02
6.764270869926986052e+02,-7.653035101115690395e+02
8.547164945484146301e+02,4.986824288750999585e+02
7.152226268940303271e+02,-5.019725883249161598e+02
4.601411970346316593e+01,-1.707705124809743666e+03
3.112446047898824872e+02,-1.418650403667737464e+03
8.503470926167087782e+02,-3.048788647870103432e+02
-1.524983435460942474e+02,-1.518094883114701588e+03
-1.266620051615552256e+03,-1.618881506635204914e+02
1.033153764422786935e+03,1.863482545366746308e+02
-5.237313518736762035e+02,-6.417524743335125095e+02
-9.975540144006857872e+02,-6.493511402602919134e+02
2.078404658443037079e+02,-1.690817183099514523e+03
8.599928526328285443e+02,-2.448395175152904812e+01
1.031804947854635429e+03,2.924522843787203783e+02
-1.211144588431687225e+03,-8.162563266832703448e+02
-2.196954481622810817e+02,-5.229670037617304388e+02
-1.048861468218976370e+03,-9.409295781988219005e+02
-2.634562431843285140e+02,-1.133697780057353384e+03
-1.380862709088752354e+03,-5.093937942071420366e+01
-4.129269779775229381e+02,-6.208814250808757151e+02
-1.168911638221529074e+03,-5.294976882120913615e+02
7.564506117167766206e+02,9.831337016885972844e+02
-7.742394312007659209e+02,9.558406688110367213e+02
-1.382254788304870317e+03,2.121609650586892712e+02
-8.834546915976115997e+02,-1.096683611223939351e+03
-7.880301957205540475e+02,-4.945592152244275894e+02
8.825698786246985037e+02,2.978414963379086657e+02
-5.257516534613419026e+02,-8.193812712569526866e+02
-1.022385664977398505e+03,-1.266573741270583923e+03
-1.301928670637963023e+03,5.657486659383312144e+01
7.011090353841796059e+02,-6.558830398289794630e+02
-5.525776228547492792e+02,-5.374729847726953267e+02
-7.054681425226151532e+02,1.430565440953534562e+03
1.993945329467856027e+02,-4.402177608043077726e+02
5.470268806904459780e+01,-7.268034064522394146e+02
2.504824425821925615e+01,-7.994512195670356505e+02
-8.021404007863570769e+02,-7.420710512539112642e+02
-1.031641342073410442e+03,-1.227327242740486327e+03
9.519170520789416514e+02,1.751081140217365828e+00
-1.518379273561831269e+03,1.461949188481044075e+02
1.140238409605207380e+03,-9.362098961245676492e+02
5.778170110733526599e+01,-8.967963831820450196e+02
3.765280596917045841e+02,-1.477781452715421892e+03
-2.806177015832872712e+01,-5.752030483378268855e+02
8.402089034882778833e+02,-6.645000366717913494e+02
-1.556373500310850432e+03,-2.757331487598439708e+02
-1.183075251972071783e+03,-1.129631024958099488e+03
-1.559270540131103644e+03,-3.193277932763546687e+02
6.802911027249560902e+02,-7.849891403258980063e+02
-1.214174703455104009e+03,-4.760452669850396887e+02
-1.731531371736341498e+02,-1.437350428548190848e+03
6.159639795275552387e+01,-6.624143924922241240e+02
5.760058138993131251e+02,-5.972490207569201175e+02
-9.131887469907260311e+02,-1.043617013980817092e+03
-3.954467529625767384e+02,-1.186445413161597116e+03
-4.734885207693816938e+02,-1.085268076843078688e+03
1.023706922076748924e+03,-7.976853829554729600e+02
7.276872885332982150e+02,-1.274716674832688796e+03
6.368168400593517617e+02,6.851384217213753800e+02
-1.198185694197642988e+03,-7.131135012943498168e+02
-5.304538048898664329e+02,6.741407733742198616e+01
9.834878888046227985e+02,1.219665566982167547e+03
-1.042526304434068152e+02,-1.289035986376477013e+03
9.134487100684586949e+02,-3.777187800785820855e+02
7.566087471514856588e+01,2.786159344079446782e+02
1.030627583211621186e+03,-4.385347524420683385e+02
-7.409722992132831223e+02,-7.082208069217122102e+02
1.791177664976821688e+02,-7.076281298833339406e+02
1.257004340959952060e+02,-1.434657735410031364e+03
7.798112669209981505e+02,-5.713322835017895613e+02
-1.305119157855218418e+03,1.773830557399959162e+03
5.970777066917034972e+02,8.523559671196485397e+02
1.587443796676820966e+02,-1.409298520505863507e+03
-1.433077856234820729e+03,-2.320289701011545276e+02
-7.403199924398468283e+02,-8.966154108736866419e+02
9.664399443570068797e+02,3.963537540786987847e+02
3.409578363552782321e+00,-1.403835480326708421e+03
-1.949486597166392130e+02,5.783594388395767965e+02
1.138984328294095576e+03,1.427266878211466974e+02
7.043993928159748066e+02,-1.229380223879016057e+03
2.143305687326455882e+02,-1.354909679788402173e+03
9.686953708912897127e+02,1.417282282044916428e+02
-4.518752854670626675e+02,-1.147332089047516774e+03
9.148813004066801113e+02,-5.742038079032258793e+02
-2.932651753583161280e+02,4.359506716576465806e+02
8.319875200475007659e+02,-5.274915126222772415e+02
5.395179897628304388e+01,-7.523816424989279312e+02
-1.347387298391459808e+03,-6.784151319061709273e+02
-7.697096194802156788e+01,-1.331875775835241711e+03
7.930888703670666473e+02,1.048294771012899673e+03
1.018028553165680933e+03,-8.890318213679836390e+02
2.837450404838691611e+02,-1.081912184725563293e+03
-5.979816840062887877e+02,-9.623516739444189625e+02
7.949921650176520416e+01,9.928523173613689323e+02
-7.022351727072427821e+02,-1.272464243150355287e+03
-9.926581206983719312e+02,2.685909340647972385e+02
1.067714572043579665e+03,-2.259427838953001810e+02
7.688475639267312545e+02,1.136237770065713448e+02
-7.244094931915169582e+02,1.239526117561742467e+03
1.151410425116471743e+03,1.595165600054133392e+02
6.746517905405635247e+02,6.533762252101255399e+02
-7.506723785001763645e+02,-1.155747499050421538e+03
-1.355433660966769139e+03,3.648983843693258677e+00
-4.005712357676429747e+02,-5.501940516796464635e+02
-1.109987626591515891e+03,-5.572576444198271020e+02
8.968856624653571998e+02,3.674081917933481236e+02
6.619304988688450067e+02,1.506313636300882990e+03
7.958075747268012492e+02,-2.611538326086938469e+02
-1.392330577213894685e+03,-6.437597847904112314e+02
4.697068660004442791e+02,-6.563626678046070992e+02
2.385688362506157318e+02,-7.712461562049313670e+02
-1.123805108949552960e+03,-8.172167975098018360e+02
-1.032339733633849164e+03,-1.300952222281115610e+03
-1.326494092492243908e+02,-1.309090211248296555e+03
-1.559954857848282927e+03,-2.145079483638119200e+01
-1.066211288840084990e+03,-6.881265365320005003e+02
-8.701523837399304284e+02,5.657686604453169821e+02
8.700178030304914500e+01,-4.591924363208411251e+02
-8.972930779587320558e+02,-1.449624520064464377e+03
7.652011918730377147e+02,-1.129360237293985165e+03
-4.904592758631999914e+02,-1.046358902048520349e+03
-4.251631275259103404e+02,1.240352733227572571e+03
-1.336841533166880254e+03,-1.043347236364936180e+03
5.491760813261803378e+02,-6.032168505618792551e+02
1.217347962148414808e+02,5.899532758824043412e+02
-3.625761290274999737e+02,1.256473256591458266e+03
7.033887024549562739e+02,-1.007374552088141741e+03
-1.044403543875392188e+03,-1.389724562940542228e+03
1.752370188750883244e+02,-1.370553393569606669e+03
-1.209039352189174224e+03,-1.070525833157455054e+03
-1.378123956583787503e+03,-5.344489174062789516e+02
-9.634594155182910526e+02,4.369423328803159166e+02
-9.385995012186497206e+02,-5.447712503268485307e+02
-1.536650510061357636e+03,-4.388998637081379002e+02
2.556972466366787557e+02,-1.069512080980519386e+03
-1.436508221486964430e+03,4.623907866115564502e+01
1.054598600336996697e+03,-4.790475988584855713e+02
8.633019942905393691e+02,2.289456155711864085e+02
3.323972607859022901e+02,-8.253562661509786267e+02
-5.944039498303102391e+02,-1.292377464761668307e+03
-7.944971965056161025e+02,-1.033110626631882496e+03
6.192330296910181460e+02,-6.999212732330634026e+02
6.671347760817911876e+02,6.639919336916082102e+02
-1.235366079481515953e+03,-7.873332309613992948e+02
7.982392792856971937e+02,-7.295703640864167028e+01
2.657320020097199631e+02,-5.799859888404589583e+02
-1.086820065256791622e+03,-1.096272445945030995e+03
-4.672604792781810374e+02,-3.739838762681476965e+02
7.265908195294964571e+02,-3.206703214926562850e+02
-7.762750524654979927e+02,-7.046859194445655703e+02
9.322898692342660070e+02,-1.038429331975069772e+03
-9.070335306727388343e+02,-2.029527102748888865e+02
-9.751964306246284195e+02,-1.124710451319365347e+03
-8.909720508038544722e+02,5.967396248659324556e+02
-7.158727309670002796e+02,-1.105671946388454444e+03
1.984612895653212945e+02,-1.254278258556492347e+03
3.787516910906629164e+01,-6.093228540142831662e+02
-4.173507411926264012e+02,-5.978122828069306252e+02
2.509296664918815623e+01,-7.090135502653515687e+02
-1.414881463278487900e+03,1.807720873291287262e+03
-2.209502845196584531e+01,-6.427082441013999414e+02
-1.018896571281983711e+03,-6.092781348353382782e+02
-1.254729323705171737e+03,-7.038338478170085182e+02
-1.236984132833142667e+02,-1.338678016557827959e+03
-1.198413205830350080e+03,-5.023061416207774528e+02
3.082439842605012927e+02,-1.005175459567263033e+03
7.330317212380700767e+02,-4.688599664498201491e+02
2.496687299328877998e+02,-1.364121137282183099e+03
2.504742086022774856e+02,1.578723391866788916e+03
2.660157829267423040e+02,-6.624902509399885275e+02
9.218036253136269806e+02,3.662297197719121868e+02
2.962683362341531392e+02,-6.407958900057112714e+02
4.165247359766035515e+02,-1.352630534786739645e+03
-1.549434023903130765e+03,9.960637045679777657e+01
8.503349247670648765e+02,-3.976311472840422994e+02
9.149026633889011464e+02,-3.109886566549084819e+01
-1.028318277397609791e+03,-7.186478651605693813e+02
9.251751160388430435e+02,-4.399745669923729565e+02
-1.173412337554470014e+03,1.940543269006775517e+02
-1.204261880614702022e+03,-4.174907989982793879e+02
1.975901680524020776e+02,-8.278795675584351557e+02
1.165767885671049953e+03,-3.641230566390800050e+02
-1.114517547155325019e+03,-3.494264158374407998e+02
-7.826824673540718322e+02,8.769219019617994491e+02
1.034524774162555332e+02,-7.142292994322694994e+02
8.587907041791922893e+02,9.944367410438917432e+01
-1.165838208661531098e+03,-6.191500415994630657e+02
-1.124840074056651702e+03,-1.623895328341266122e+02
-7.037237319951800600e+02,-6.755655472389235001e+02
-5.974557259685141162e+02,-1.025824593880573502e+03
-9.402217852005219356e+02,-1.214434543310463141e+03
8.845970091614626654e+02,-1.064073070302113592e+03
-1.080457716943010837e+03,-4.393725089963290884e+02
2.334131203194042428e+02,-1.572483484728945768e+02
1.000722092351126321e+03,3.361793111716933709e+02
1.364267531239770506e+02,-9.481710187868786761e+02
5.947574414031569177e+02,-1.246434183827386050e+03
6.924678449740058568e+02,8.436147142663653540e+02
-1.163123734416165235e+03,-1.142464268232068889e+03
6.053789256119034690e+01,-1.081899781311140032e+03
-3.983069456879677546e+02,-9.325668893561148707e+02
1.171732897421537018e+03,-6.027080761016557062e+02
-1.299351716912686697e+03,3.073945179196653044e+02
-1.339764849805612357e+03,-8.876922013683633850e+01
-1.591771891026755839e+03,-2.032727760791128730e+02
-3.976527235276103056e+01,-1.093605650861418326e+03
-8.125854273397931138e+01,-8.124998651205189617e+02
-8.186790251509748941e+02,-6.664797334267141196e+02
-4.508323703133385152e+02,-1.170252889643903245e+03
5.804107806320430427e+02,-9.526927376380310761e+02
-1.965804226104933150e+02,-8.589430699971942431e+02
-5.772997974016723219e+02,-1.203395387344785149e+03
-1.156854940646393516e+03,-5.625665578597111107e+02
9.811284876170466305e+02,-2.604636575717302094e+02
-3.065366803071244703e+02,-1.311008939642011910e+03
1.888551902103322391e+02,-6.588687083697168418e+02
-1.584332082612774684e+03,-1.751574976208439693e+01
9.280336522450443226e+02,-1.312263969790349165e+02
1.005959960415194018e+03,6.292978175820871911e+01
-1.346704419864655847e+03,6.666754261039386620e+01
6.896287903851975898e+02,-9.945393618431210143e+02
-1.443653441420304034e+03,-8.067124332324642637e+02
-3.963325403501760320e+02,-6.653427490672938802e+02
4.228030652673314762e+02,-7.946214275407646710e+02
7.507841854416956267e+02,-1.001343371615458295e+03
-1.227368874311274340e+03,-1.147949866225369533e+02
7.692027613867821856e+01,-8.844896568861486230e+02
2.007828612943635562e+02,-9.524386543982004696e+02
-9.880080541203194571e+02,-1.192105271528995218e+03
-1.455222777647476050e+03,-6.885073105082860820e+02
-2.499135744858490398e+02,-8.671891632050517273e+02
-4.484706012991985062e+02,-8.199050150210646279e+02
2.036528081853957701e+02,-1.006030625754718812e+03
-1.454231791063511764e+03,-8.429051126499393831e+01
6.793115148560282250e+02,5.552556033764994936e+02
1.626484868748334520e+02,-6.307777730306897865e+02
-1.429326312165723039e+03,-4.155002233466489088e+02
-1.049833024116472188e+03,2.450540239075535283e+02
-1.676031943012058946e+03,1.950539659758873313e+03
-1.535065950115245641e+03,-4.714928402144844313e+02
8.504964462703565005e+02,3.469189914753264929e+02
2.963019091458236289e+02,-9.909801839871761331e-01
-2.480480020310849341e+02,-6.676777654713182528e+02
2.270877059036361061e+02,-1.299354407084317700e+03
-9.039354805332886826e+02,-1.539405463783474261e+03
-1.294529902239644798e+03,-6.835560542152661583e+02
-1.278367065932157402e+03,-5.909196511523332447e+02
-2.241797025727803430e+02,-7.420428023291344743e+02
-1.512072100695457266e+03,-5.331297219478180978e+02
-4.912230296179750439e+02,-5.814627169656787373e+02
7.580109006314191902e+02,1.465006473395546891e+02
-1.022087655200059885e+03,-1.243622250157365215e+03
-1.003486516003263432e+03,-1.000012216724192854e+03
-1.409369683828158486e+03,1.568391324488993632e+01
-1.221689902173538485e+03,1.673810763291221519e+02
-1.111819527023384126e+03,2.712092592975841399e+02
8.718470801596422461e+02,3.579191694859400741e+02
3.465484582231947570e+02,-8.663860425006093919e+02
-4.530702922986395151e+02,-7.560156532745099867e+02
5.164991909913910604e+02,-9.491475904802341574e+02
-4.596273077842824932e+02,-4.695802738622776360e+02
3.150522610752432229e+00,6.456417122097232095e+02
-1.381703287454268775e+03,-8.402259351585826153e+02
-9.957823110943762686e+02,-5.527270947420997800e+02
-7.632329700120501457e+02,-8.989087086646984517e+02
-4.445296500334236498e+02,-1.114934363440010657e+03
-1.195456809152099368e+03,-1.040871400540040440e+03
-1.019246805660492782e+03,-1.330683621915375625e+03
6.910809411856544102e+02,6.871230697182395488e+02
2.676330337038248217e+02,-7.622148683615525897e+02
-9.649293791490142667e+02,1.411013347151319977e+02
-1.503366492638171167e+03,-2.930117143984907671e+02
-9.215641788554155482e+02,-1.070799614261546594e+03
3.128498410819538549e+02,-1.113485755424408580e+03
8.069714358528708544e+02,3.712494670820706233e+01
-9.218062043687157256e+02,-9.752733220607010480e+02
8.422296590292862675e+02,4.265661012741929881e+02
-2.576040353943765240e+02,-1.180032909839815829e+03
7.077424833144541481e+02,-3.083509189593294195e+02
7.148311499084188654e+02,8.030536087212021812e+01
-1.370626293027846714e+02,-1.006377967422463826e+03
-3.510832417097458347e+02,-9.450622430122916739e+02
-7.691168600118946870e+02,9.893332321460029561e+02
-9.293974365174055947e+02,-9.506253425915051594e+02
-3.934654337999518248e+02,-7.179447165538160789e+02
1.121587156734119162e+03,-7.171061180977560525e+02
3.661273152195090006e+02,-9.635706084176922559e+02
-5.844240236699765774e+02,-5.145899133173247719e+01
-1.427814329127430938e+03,-6.839679991849584439e+01
1.157267494270327461e+03,1.311060632849125795e+02
1.071059994065347382e+03,-1.066543601327534361e+03
-3.030740095492774344e+00,-1.720175002318905626e+03
-1.383818853160271374e+02,-5.156337842054647354e+02
-1.356487590918795377e+03,1.787375340369671449e+03
4.344834405325714215e+02,-1.412514898841784998e+03
9.989847419327361422e+02,-1.059236383995981669e+03
-6.809725163112263999e+02,-5.994003461356551270e+02
9.478081850681064680e+02,5.328208194522267149e+01
-1.142159292286464506e+03,-1.270992534081982967e+03
-9.949532538028912541e+02,-7.634069830532005199e+02
-9.970218785612654528e+02,-1.422289678957083652e+02
6.835622123886455483e+02,-8.049780478541188131e+02
-2.520652886351301731e+02,-1.110909370989813397e+03
-1.444966532814101356e+03,-7.345070524798529732e+02
-4.137640808345427104e+02,-6.483883933612635246e+02
7.060428070534335347e+02,2.513454220907228773e+02
8.751412933186047667e+02,-4.277851642120433553e+02
-1.459193059016441111e+03,-2.919029941949340810e+02
1.360597714750682371e+03,1.357958028666970222e+03
6.620375423180612415e+02,-7.567954173179737154e+02
-3.012644839293061523e+02,4.847901422342347360e+02
-1.395816828105565037e+03,-1.008192325220004250e+03
1.250385651739529749e+02,-2.100124781121785418e+02
-1.331487139648424545e+03,-1.282465152966435653e+02
-8.547848537945851604e+02,-1.259177496023535014e+03
-8.420131016496475240e+01,-6.607160983078824756e+02
-6.617187564528298935e+02,-1.081819372173087231e+03
3.740170079601534781e+02,-1.100572930397402160e+03
8.673171608328893853e+02,-6.688164038941733907e+02
1.126818837301780604e+03,-9.135879997943115995e+02
-1.202261092302489033e+03,9.624580289869527405e+00
7.044937192377133215e+02,4.080876770895906702e+02
1.163110601085249982e+03,2.539136374030158549e+01
-2.699275060772931738e+02,-9.594430331814739930e+02
1.029174048635004510e+03,-9.397986582304959029e+02
-8.697870380807926267e+02,-9.710190397040153130e+02
-9.958784691967384788e+02,-1.165321172990428749e+03
-8.607433576785001605e+02,6.488851018594091329e+02
-2.414721617296895602e+02,-7.598807199433247206e+02
-1.275560161878326426e+03,-1.043502387107831055e+03
1.011011588826523621e+03,1.511698645156470775e+02
1.105987997693211128e+03,-7.560072180478955488e+02
-9.597541513808766922e+02,-1.422154233633354124e+03
7.981194994980260162e+02,-1.146030249511537022e+03
-1.170776021493163626e+03,-4.084230842076433419e+02
-1.238511555714645510e+03,-3.062632794839464623e+01
-3.952715353006894929e+02,-1.051299189416066838e+03
7.718692030801589681e+02,4.565630910887375649e+02
8.829451420016257543e+02,2.001928485095263568e+02
7.657792321305341829e+02,1.908397495369231365e+02
1.191561652629434320e+02,-1.030606792114652762e+03
6.067577263991870495e+01,-1.355437466313452433e+03
-9.845343571597297796e+02,2.430484392820676476e+02
1.117797369542782690e+03,-8.544380507759935881e+02
-1.035627311561796432e+03,-4.604034667914427246e+02
-1.599607495174388532e+03,-1.078895581922824931e+02
1.105430655263385233e+02,-1.185976077204537432e+03
-9.799187620390659959e+02,-4.631104958075252398e+01
-8.717569497445663274e+02,6.050561378101365335e+02
-1.342952834034360876e+03,-1.702434875160845422e+02
-6.328323058535179371e+02,-7.011840487022218440e+02
1.050778227568711372e+03,2.834981191238789506e+02
9.611510050675769889e+01,-5.871901739581810489e+02
-1.394256538296276631e+03,8.631324113047321589e+01
-9.959836519009211315e+02,-1.092838325456200437e+02
1.859107077294684132e+02,-9.319374984404107636e+02
9.292113838207110348e+02,-1.216530508044618273e+03
-6.372283272384825068e+02,-1.002509809954926027e+03
-7.267631023974672644e+00,-6.024938827216731170e+02
-1.307431422993937986e+03,-5.999796871374708189e+02
-4.297342873078164303e+02,-5.171723344227266352e+02
-1.033092404031378237e+03,-7.447042363347993614e+02
8.256008279559832772e+02,4.375050114119885620e+02
-6.795535078353409517e+02,-9.755651040521752293e+02
-1.155784075913711149e+03,-1.667269234016300743e+02
8.705395757074716130e+02,-3.384668712178577152e+02
9.360776414391939397e+02,-5.884316568373390055e+02
-3.361739144176342506e+02,-1.092206507048472758e+03
1.134429640762832150e+03,-1.410698041948535320e+01
-7.428794407414684429e+02,9.173783230337335226e+02
-9.333633113052603676e+02,-1.952977497622807732e+02
9.982713583974746143e+02,4.414350176701614146e+02
1.540435361752560311e+03,1.402316223189032371e+03
2.068571759819769795e+01,-8.455560462455416655e+02
1.120154325187208997e+03,-4.086583855396518175e+02
-4.559152645988212953e+02,-6.764878507326500312e+02
-8.800034607339227932e+02,-1.277792469582360582e+03
-5.299849732251325349e+02,-7.408054606515636351e+02
7.529027453968660666e+02,2.761207341506756165e+02
1.025974615646680377e+03,-9.249808587817187799e+02
-1.317670087853356108e+03,-1.900224069657156178e+01
1.066783463683996615e+03,-7.942488468095600638e+02
-7.094718575381054961e+02,1.344901984793393240e+03
7.032272193059229721e+02,2.999313600955338188e+02
-9.471325488635366128e+02,-9.011423815618845765e+02
-3.645440305559384342e+02,-6.462051959297969006e+01
1.352637297785149713e+02,-8.427106842351186060e+02
-4.275987081650046093e+02,-4.699796021738154650e+02
-1.011942722335349799e+03,-3.526174163426919677e+02
-1.079058665113572715e+03,9.185485540977015262e+01
7.066939045243275359e+02,-1.470752142292078133e+03
-8.341538989505156678e+02,-1.028786339725430935e+03
-1.317184072023111867e+03,-2.285280106187924503e+02
-8.213626011333344650e+02,-5.353327841476675530e+02
-8.032986602564028544e+02,-6.239062996854095218e+02
-7.612573355700208140e+02,-1.356524489398839250e+03
6.212218763686187231e+02,-8.324829150598673095e+02
-1.205320482494695852e+03,2.414848137911326376e+02
-8.606088835957095853e+02,-1.462891075535966138e+03
-5.086056479279798168e+02,-7.591254347514513938e+02
-8.684999494166643217e+02,6.700254428193511558e+02
3.454930732465891197e+02,-1.396296809255725293e+03
3.629218234719351130e+02,-1.269939909110091776e+02
6.315440960912078481e+02,-9.655994869257451683e+02
-1.323175660396747389e+03,2.244582091867155214e+02
-1.519911306734812797e+03,-1.430398546174944840e+02
8.623778502560467132e+02,3.165319597773063833e+02
-4.284981947451178712e+02,-1.049928870508357249e+03
-7.794887538223083538e+02,-5.610884731409437336e+02
8.720142405078790944e+02,-4.872250996014417979e+01
1.093673830469454515e+03,-9.705876724964898585e+02
-4.496164604799346307e+02,-1.019417668500599575e+03
6.247732445428905521e+02,-1.458793835914983447e+03
2.270301358464166697e+00,8.548662395872679554e+02
2.342846632728383156e+02,-2.240774892580679989e+02
-9.503737777614853712e+02,-4.242956541189346353e+02
-1.018076297564358015e+03,-1.719801633837198551e+02
-6.533412541738798609e+02,-5.818562564664755428e+02
8.162100272736156512e+02,-6.636886096760961209e+02
4.392731249906000812e+02,-6.804468347086101403e+02
-6.101990271135416606e+02,-4.200735465988664146e+02
-4.401872902783543395e+01,-1.054931535879139574e+03
9.118725757938068455e+02,3.041326049765302741e+02
-4.638702433982650746e+02,4.776766130484566020e+01
-1.384907910650717895e+03,-8.125302838099860310e+02
4.223527818114630463e+02,-5.187219713017543654e+02
7.480473046384299778e+02,-1.177180843757891125e+03
9.097678433815467542e+02,1.192934367738723722e+03
9.371782948465879599e+02,4.047898258482728124e+02
5.116482144158599112e+02,-8.272167523007378804e+02
-8.635224556217463032e+02,-1.124137990830814033e+03
3.150871715569819571e+02,-1.055365189302040790e+03
-8.464699447047285048e+02,-1.293738118384173958e+03
1.825744695594958102e+02,-1.218726642011222111e+03
5.287077152247329650e+02,-1.346827318233381902e+03
-9.923852535586963768e+02,1.595014840428775187e+03
1.271480932783342723e+02,-1.340054735574800361e+03
-1.461495723055954841e+02,-1.183458595566079339e+03
-1.241107440010644495e+03,1.268902063130008173e+02
-1.372886023167592157e+03,-4.943989057303072059e+02
-1.577872834772228089e+03,-5.048031931263835759e+01
-1.306171885216609098e+03,-4.402346098286157030e+02
8.607914267069759262e+02,2.846673431744507070e+02
-1.545238543499154730e+03,-3.905813768026380330e+02
5.396499476777298696e+02,-5.910568544708048648e+02
-9.607953470454544913e+02,-2.393118047496343479e+02
-5.919207411036638860e+02,-6.759679860298083440e+02
-7.664654481658317309e+02,-8.230797725713234740e+02
-4.747000201056678179e+02,-1.123462446062192839e+03
-6.350192731270624336e+02,-4.817097530326464039e+00
-2.929425718377656267e+02,-9.863336282693687735e+02
-9.415357439817098566e+02,-9.952156929128627780e+02
1.131790546787130097e+03,1.652182632950134575e+02
-4.937278075603614980e+02,-8.502659972395492787e+02
6.946637427166997441e+02,-2.550439311335419461e+02
-1.112428441911911932e+03,2.234203222348405689e+02
1.380476836306988844e+02,-1.319331448038129111e+03
9.477308496538348663e+02,-6.986301331699883121e+01
-4.580515596522218402e+02,-8.758166017199307589e+02
1.009756231923493033e+02,-1.066851516938739678e+03
5.471103723983937925e+02,-2.623138007515201480e+02
9.362262504416585216e+02,4.342236837262371409e+02
1.176000000000000000e+03,-9.120000000000000000e+02
-1.232475880294338822e+03,-5.474075561726845081e+02
-1.264304360760974305e+03,-8.718467025269355872e+02
2.855549690275402099e+02,-5.484038576934497087e+02
1.135868751576175328e+03,-4.504607327826372511e+02
-6.916737233816045318e+02,-4.726444189295996239e+02
-5.816068862425165662e+02,-4.292433625033465887e+02
-9.709234422341430673e+02,-1.190887929025493122e+03
-1.519785474955082464e+03,-2.649311146359141276e+02
-7.693081788148285796e+02,-6.670375933989384976e+02
7.046338531802994112e+02,-7.511035702033641428e+02
-4.247779653188365501e+02,-1.292140184203602985e+03
8.198349850531212724e+01,-1.024619013499019275e+03
-7.422956612304565169e+02,-6.879979790449522170e+02
-1.495714571913244981e+03,-1.623677304210525563e+02
1.042345803692065601e+03,-1.041099116308892917e+03
-9.940442224371506654e+02,1.140529968978630677e+02
-3.739562904098356739e+02,-5.518105522941241361e+02
-1.480581464475752000e+03,-9.499467651639952237e+01
-9.748398871003660133e+02,-6.477068111400121779e+02
-1.488764468767964445e+03,-6.167244071059228645e+02
-5.720713120366929161e+02,-4.520415971292884478e+02
6.821661478646192336e+02,5.274905767553705118e+02
-2.424234485119329747e+02,-6.217572073768819791e+02
8.232961406013405394e+02,-5.890262134495465034e+02
5.192779611446121635e+01,-4.730920560520441995e+02
4.330029375977542259e+02,-1.506141354114365640e+02
8.682095688527401762e+02,-1.317950342151404129e+03
5.276288375088929570e+02,-5.958686644470753890e+02
6.494898057100190272e+02,-6.439571626010788350e+02
7.707100214622432759e+02,4.760858914845657637e+02
9.936095284170473860e+02,-6.806702641459276037e+02
-5.576308828971878029e+01,-6.562560719519080976e+02
-7.845320597055554117e+02,9.322339833410460415e+02
1.118638680787880730e+03,-6.872214409096784493e+02
2.852464043133795712e+02,-1.028554901069851894e+03
7.775432522938335751e+02,-1.989720568251854729e+03
6.352817314899789380e+02,-7.096912264004802182e+02
-1.137112208070357383e+03,-7.451917717594710666e+01
-1.093872860869555552e+02,-2.225568663984340674e+02
4.455955578166226587e+02,-1.448647384904647879e+03
-7.562651029235958049e+02,-5.249016667975213295e+02
-8.151516826887154821e+01,6.675784286717034774e+02
9.141230375892328084e+02,-1.136659605978944683e+03
-1.246508671682296608e+03,-4.393212639669834516e+02
9.990152629090607661e+01,-8.277300267807700038e+02
-4.550783240196415136e+01,-4.204603055009272339e+02
-5.545919493107421658e+02,-7.267508926683901791e+02
9.959329981387118096e+02,-1.164495850403372970e+02
-4.739213803009599815e+02,-1.023596794409734116e+03
7.471411414466219867e+02,4.148233044685475761e+02
-1.111398803945256986e+03,-6.030131333064864521e+02
7.140322391623890326e+02,-1.186136076714460614e+02
-1.458565603536500021e+03,1.788179345955400095e+02
9.648994897392890380e+02,-1.033333916517796297e+03
-8.885915775457033305e+01,-9.170851736124643594e+02
-7.523634623755954181e+02,-9.863236024517196938e+02
6.071629360016540886e+02,-9.539314668539918785e+02
-5.118859177130402713e+02,-5.250724069819357283e+02
-1.330896904439651735e+03,1.770153332753732229e+03
-8.303066301771953022e+02,1.838508184741479909e+03
-4.907469593118662488e+01,-5.667992454118846126e+02
-1.229362171222992856e+03,-3.930444108072299514e+02
8.894152218529598031e+02,2.211047962111788365e+02
-9.260358156725758363e+02,5.727719831827594135e+02
-1.170043105443815875e+03,-1.056804865908130978e+03
8.073673397190932519e+02,-5.765581759674812474e+02
1.178495453245058343e+03,1.652477266225291714e+02
-1.804043270686429423e+02,-9.007451051470550283e+02
-1.117535321565156210e+03,-6.955708189074910024e+02
1.948224147055129379e+03,1.336355998550388449e+03
1.832448808747970361e+03,1.378350696073628114e+03
7.886397112521362942e+02,4.008624951463420985e+02
-1.382340835877838344e+03,1.703126055296684171e+01
7.969472236066212645e+02,-9.385133762870552800e+02
3.720112320315488432e+02,-8.467018011746613411e+02
1.163733893917037676e+02,-5.668509420999414488e+02
3.427000101829003142e+02,-5.564305633522992593e+02
-1.211499123767546280e+03,-5.787555662799513811e+02
-3.852861520023980120e+02,-4.164649490617916854e+02
2.938044561060587512e+02,-7.412624368375345512e+02
-1.069135667100541923e+03,-1.525764112009253495e+02
-1.461403130295426308e+03,-8.515922114690401941e+02
-6.035192475206658855e+02,-1.195993631989222649e+03
-2.928339413105766198e+02,-1.098710496922730272e+03
-9.871703396893841500e+02,-6.889895735901143325e+02
2.035977547024826890e+02,-1.029355487096459456e+03
7.856444419259441929e+02,-1.240185974766900472e+02
1.196053068147680278e+02,-5.478487117702559317e+02
8.346437357283921301e+02,-8.657201353249340627e+02
8.789959559924759560e+02,-1.114213241107963540e+03
-9.211828143567047391e+02,-3.826867729291632259e+02
-1.028696105014332716e+03,-9.165356071322803473e+02
-1.098834086702753666e+03,-1.340220313976742091e+03
-9.788924154314109956e+02,-1.316214403518453310e+03
-8.014117248310856212e+02,-5.154975703875900308e+02
-6.715805562151538197e+02,-1.619998530263314251e+03
9.196364596334947237e+02,1.848563168433406645e+02
-7.124458529924791037e+02,-1.157094844035362939e+03
-3.877867031564765057e+02,-4.785828849208410247e+02
-1.489228105072169456e+03,-6.963752121428103692e+02
9.018387068166703102e+01,-6.934962172027915130e+02
-1.112189115782683530e+03,3.402256256282585127e+02
-4.972306412911052576e+01,-1.582289086072436021e+03
-9.735202043225233410e+02,-1.093234805654986530e+03
7.073055685050917418e+02,3.795440614693170573e+02
-1.464434690251044003e+03,-5.513569407522495567e+02
-1.253780110355201941e+03,-1.139405267057601804e+03
9.355847321050860046e+02,-1.071146577329465799e+03
-1.362141871322909992e+03,-2.065221083563594675e+02
-9.100682921672887460e+02,-4.778029708191825193e+02
-4.783822150230214447e+02,9.156803132826389628e+02
-1.460335907828547988e+03,-6.142899828359607000e+02
-1.446888407264789294e+03,-8.982683411970713223e+02
-1.280216690291828854e+03,-6.337457421209066979e+02
7.275236581168551311e+02,-8.135570130298208369e+02
1.086144154042371611e+03,-1.023654146364079338e+03
6.828876081262537809e+02,-1.392449376931451525e+03
7.320434247027560559e+01,-8.398209259646394003e+02
-1.549742312282718558e+03,-2.328347448632659962e+02
1.320806104370226421e+02,-1.533704113372024722e+03
-1.317843386764340266e+03,-7.127045696109767050e+02
-6.721272570756530058e+02,-3.509745227065707240e+02
-6.699140860055049416e+02,-4.804496127860331853e+02
8.955665449520924994e+02,-5.575049438347582509e+01
-1.576546870774648369e+03,3.702686622063220057e+01
-1.394953043890012623e+03,-2.235781483038419992e+02
-3.465506307647731319e+02,-1.267720410899435365e+03
1.350958402506580569e+01,-6.440508610874733222e+02
1.022865846165273524e+03,-1.008923306708216842e+03
-3.585201302020095682e+01,-1.439578413909556048e+03
8.036127502247322809e+02,-1.030981887941969944e+03
1.795077090354652682e+01,-6.717473310909256270e+02
2.537115466848767937e+02,-7.343467391863021021e+02
6.819110703691349045e+02,-1.124984694079890232e+03
-1.463119534695338871e+03,8.624457509061312521e+01
-1.261714845382302883e+02,4.591647933252438634e+02
-2.853611583345134477e+02,-1.054963179776266770e+03
-9.501354113025488459e+02,5.487737839753012850e+02
7.418280073732962592e+02,5.091779732471682109e+02
6.369098799565463196e+02,7.279108483118779986e+02
-5.022662310739799523e+02,-1.656190880803711480e+03
-1.530670660785242035e+03,-9.642198581769343946e+01
-7.497078252949827402e+02,1.099019294163946597e+03
7.604217751924657023e+02,3.983790324479396077e+02
-1.078056939456403597e+03,-5.519707241324158531e+02
3.129876554495604069e+02,-1.301999871184737685e+03
-1.430003364076033449e+03,1.884854028573245159e+02
-1.368604004674304633e+03,-4.542709498564986461e+02
-9.475403147788972547e+02,-4.630988183237825524e+02
-8.769554811192085708e+02,-7.430207350091866374e+02
1.225568599308044213e+02,-5.329689326750503824e+02
-1.374906754221435222e+03,-1.636302037357982044e+02
6.369544615991212595e+02,-1.321237124217647533e+03
-4.271642092366871566e+02,-2.022240525751401492e+02
9.450166704222879162e+02,1.888483640256472427e+02
-1.012494147233981039e+03,-6.602405095662766144e+02
1.014522599697352689e+03,-6.010272834540430722e+02
-8.449144994562814190e+02,-8.771249232968243632e+02
-7.508906517731102213e+02,1.067495169052176607e+03
-9.921874514278056267e+02,-1.703220132635483424e+02
-6.328240664340628427e+02,-8.076659269632796168e+02
-3.637123470255430675e+02,-1.108141160861220442e+03
-1.006455970190256721e+03,-1.029475466962112932e+03
8.990211599965646201e+02,-6.802358613555293232e+02
6.865453050679193439e+02,6.419827670506897448e+02
3.814724472999228055e+02,-1.663707087202046750e+02
-6.387443105525849205e+02,-1.041510725550886946e+03
4.000719026273104646e+02,2.155119912044551711e+02
-1.299134909187195262e+03,-7.848004085801728706e+02
9.705175229277333528e+02,1.887624084999870320e+02
-1.336923897109318659e+03,-9.730117811060285931e+02
-1.246726928103320915e+03,-4.761248476529729032e+02
-3.160045830813478460e+02,5.211075560407070952e+02
8.886570043009719484e+02,-9.618997978238248834e+02
1.020427217512606603e+03,-2.751374183172431458e+02
8.273554466047253300e+02,1.836087206335192604e+03
-1.094284525184296172e+03,-1.165802408697251394e+03
6.531756481953962066e+02,-1.281503011916485093e+03
-1.362775054980706955e+03,-3.343240907803876780e+02
-1.213029088472670082e+03,-8.588667778316298609e+02
5.069731872378729349e+02,-1.324650821413443737e+03
1.249358910823507358e+02,-6.556276280033978310e+02
9.381226667350156276e+02,-1.137942925066233784e+02
-1.001833107985822608e+03,-8.988206718913809254e+02
-8.798114579184366448e+02,-8.158996391576172300e+02
-1.139867118999246031e+03,1.635084753541077589e+02
-1.970847301822657300e+02,-5.896738027423023141e+02
-1.348882044652034438e+03,1.697582026833183590e+02
-9.548644347611532339e+02,-6.826539836951715188e+02
-2.264801319967955351e+01,-3.932641006352650948e+02
-4.741977173331015365e+02,-1.229369653743218350e+03
-1.036030301694217542e+03,3.201442770770149764e+02
-1.200322539840259196e+03,-6.415875804182787761e+02
-1.272336940044451694e+03,-1.159886545036815733e+03
2.456233805571278026e+02,-1.148038309897973249e+03
-1.405783987911111126e+03,-2.903942423501400754e+02
-2.520034913157430765e+02,-9.231626276257391055e+02
-3.023094244236187933e+02,-1.163655162236053457e+03
-7.031164857738954197e+02,-6.952909589919477185e+02
4.744757649805328583e+02,-7.581171195642230032e+02
-1.243894905705077008e+03,-9.108888036288208241e+02
2.881921803387322143e+02,-1.454278672934766291e+03
-9.649465327113423427e+02,-8.044978890121185486e+02
7.823103348715039829e+02,-4.083172665458141637e+02
4.968984532348217726e+02,-1.575148327184686877e+03
4.752650857584512778e+00,-9.666287669513774290e+02
5.745940708528373762e+02,-6.963580686910020177e+02
-1.474719002313331657e+03,-7.651718217389486654e+02
1.113147901221275788e+03,4.634151516038764385e+01
1.187696641728690793e+03,-8.115144451790736184e+02
-1.046660640570692067e+03,-5.884642651167259828e+02
-9.556998819208495206e+02,-5.064966599358515396e+02
-6.038148017815792628e+02,-1.461836031679333246e+03
4.376705062443061252e+02,-6.003545406841928980e+02
-1.303757680178593546e+03,-8.385707492017183995e+02
-1.435220312988820751e+03,-7.072210155276561636e+02
4.777847095084816829e+02,-1.257786330801783834e+03
-1.349525534783491821e+03,-3.264547070995376998e+01
6.657585571249310306e+02,6.354882739822019175e+02
2.281378852428929349e+02,-1.594815106509156749e+03
-3.976680195869269028e+02,-5.125450359044652942e+02
-1.014375888451452624e+03,-8.042042232312405758e+01
-1.203945185574539892e+03,-9.215489070642302067e+02
-1.452029224216365947e+03,-1.664311314472729464e+01
-4.252632368457614120e+02,-4.404743646476586036e+02
8.066445329893899725e+02,5.376601610461489145e+02
-5.226430124301964497e+01,1.355342686152723218e+03
-1.395401901815708470e+03,-6.931578457818368406e+02
3.496954727546585673e+01,-5.590703865523512377e+02
-1.020866845911471955e+03,-1.145919328207385433e+03
-9.959434934359592262e+01,-8.545526139389469336e+02
-8.348140460927916138e+02,1.511658655100408396e+03
2.897691888780577756e+02,-1.539937630399793079e+03
-9.103981771184585341e+02,-6.841923515352907543e+02
-1.399240733299478961e+03,1.720699173372418045e+02
-9.446947346950723841e+02,-8.581565414092231094e+02
-2.729335198525147916e+02,-6.646773365794945221e+02
-3.021109941623869872e+02,1.298684009714363583e+03
-3.054911667139776910e+01,-6.567027576698217217e+02
-1.068898624158019629e+03,-1.341417217574726919e+03
6.388563442618178669e+02,6.663884092707148739e+02
6.234838937635086040e+02,-6.151813290598324784e+02
-4.117424808255614153e+02,-1.269671858886128121e+03
-5.872979380175813731e+02,-7.045503728708963536e+02
7.118037369367139036e+02,5.523088640256910367e+02
-2.994310750726017432e+02,-6.087900586250229935e+02
8.549746179833978204e+02,1.121284960455257988e+03
-1.135819670159367888e+03,-9.095254046108939292e+02
4.634905320014877361e+01,1.893050893491658826e+02
-1.374022184866220414e+03,-9.491735587262860463e+02
-8.541817430499879720e+02,-7.743667517253707047e+02
-9.285298012487967299e+02,-5.742246715410483375e+02
1.138114064147749104e+03,1.737159274662932148e+03
1.047501259336198473e+03,-1.095285281710389881e+03
-8.795095301831472625e+02,-9.016213114809527269e+02
-6.493361267274221973e+02,-1.426031552579821437e+03
2.053112705094495141e+02,-7.732793121506902025e+02
-9.681079327826676035e+02,-1.055768158052074796e+03
6.477930107099336965e+02,-3.158315723443670322e+02
6.491676569998780906e+02,-1.108904866785210970e+03
-9.733281167693578482e+02,-3.350464060399851860e+02
1.058610637763355498e+03,-9.487164848535542205e+02
-1.138237859576950541e+03,-8.168939573170982840e+02
9.874030169465850122e+02,-8.289217217494197030e+02
8.770051590080379356e+02,-2.417337090154469479e+02
-7.282203672279094917e+02,-6.582028145929878065e+02
-1.265839693752173616e+03,-8.146070182898818075e+02
-1.465446505647665163e+03,2.081853996957893287e+02
1.426827733354257361e+02,-5.323851909525699284e+02
-1.111118904098736948e+03,-1.006007583184275290e+03
-1.116342945108298409e+03,3.734076731537329579e+02
2.753060077900104261e+02,-8.425914152046802883e+02
5.701398908348764962e+02,-1.421013158343569103e+03
-1.196107375296815917e+03,-6.146039254270644960e+02
8.280949920295188349e+01,-1.220247229715709182e+03
-4.759769770856339619e+02,-9.969161272910266689e+02
-9.454984509498037824e+02,-1.411462515876269208e+02
-1.065193511622340793e+03,-1.194853552116559513e+03
8.805999532125092628e+02,6.968713482996645325e+01
-2.682913078342407971e+02,5.963009338968217889e+02
-4.072781413296543178e+02,-4.867504580008142057e+02
8.080740264683327041e+02,-2.282080979034456050e+02
8.329086303118901924e+02,-2.059243953743391558e+02
-1.238806974322938458e+03,1.718102178810504483e+03
-2.716799884720601312e+02,-8.231623628307588660e+02
-6.283470811681045234e+02,-6.081611275879863570e+02
6.239913500627380927e+00,-5.701984602617765177e+02
-1.237526133022605791e+03,-1.089838610954280739e+03
9.942487645970741141e+02,-4.821205768944000738e+02
-5.748462979894397904e+02,-1.549585723676236967e+03
-5.295213773467735336e+02,6.358671521961873623e+02
-9.518702245042816230e+02,-9.538715091946332905e+02
-8.126257954147406508e+02,-1.435804736075464234e+03
-1.180349039545475762e+03,-1.245669275580256453e+03
2.210627510749336579e+02,-9.912070208612873330e+02
8.577868002650811832e+02,-9.254282297651805038e+02
-9.898562597829267133e+02,-1.466228257307427612e+03
-1.410870386651929948e+03,-9.395980396891181954e+02
-2.465662339073942348e+02,-1.080477931255082694e+03
-4.857199746397641320e+02,-7.857703071142764202e+02
1.043852391773064028e+03,-8.382035224074945745e+02
8.856938259105427278e+02,-8.475725215726515671e+02
1.680842707379351850e+02,-1.493888847479552624e+03
1.027233428889362131e+03,-1.111325890707983035e+02
-1.068916018141149834e+03,1.636846011582470965e+03
-9.236086255336033446e+02,5.287808624467097616e+02
7.731364741252014028e+02,-6.288384741075558395e+02
-6.086857250273214959e+02,-5.709746669499224936e+02
5.482921566035020078e+02,-8.795949812154603933e+02
8.119116777881304188e+02,-9.081947543968362879e+01
1.053338290902859171e+03,1.616249525658645325e+02
-1.066596991145490847e+03,3.474644139683077810e+02
-9.307126661946444983e+02,-7.161607178650542664e+02
-4.564176759168492481e+02,-7.813999801232512255e+01
7.253099707048972959e+02,3.939432560690875107e+01
6.047814644137815776e+00,-9.017485635892571736e+02
8.633555171839575451e+02,5.334527548627934266e+02
-6.817257393572160709e+02,-1.282136348888809835e+03
-1.379230138953981623e+03,1.807563414420041227e+03
-4.941261975050390447e+02,-7.176964272662962685e+01
-1.105825298920795376e+03,-1.276692987191613611e+03
-5.012309243045021958e+02,-3.744353212828618780e+02
4.723818810877628493e+02,-1.432344019550403573e+03
-4.130398451304317859e+02,-7.844125898870584024e+01
-3.012787262976457896e+02,-1.406391922867896938e+00
6.020034651349851629e+02,-4.861304587299073319e+02
-9.582151843409121739e+02,2.179662642746629899e+02
-8.340531845222549236e+02,-1.257045163324439500e+03
-4.589978618609914065e+02,-9.233806507962672185e+02
4.379337539533016752e+02,-7.356638632779274758e+02
-1.496751743623499351e+02,-1.389700475072425434e+03
-2.867767896803618441e+02,-6.811753167781030243e+02
-5.078435430604399698e+02,-9.395446519742142755e+02
7.654799230183625696e+02,-7.822489306882039273e+02
1.507381149731859296e+02,-7.009152343573912276e+02
-1.062370401404319637e+03,2.990959578788497311e+02
-1.074915096445551399e+03,-9.221929648244768032e+02
7.072092487581244313e+02,3.429382092402838680e+02
6.520854352557512357e+02,-7.183948286797804030e+02
8.584689581470856865e+02,-8.588345877188464783e+02
-2.360333812816072623e+02,-5.927542680694996307e+02
-7.444156515531337845e+02,-7.236037156431341373e+02
3.917989555520698559e+02,-9.730817115474576440e+02
-8.024250530169729245e+01,-6.204007307890096854e+02
-4.206130823308965319e+02,-1.150357641555292048e+03
-2.866689373313693068e+01,-8.223029101129955052e+02
6.498654691892988922e+01,-5.537426731273546920e+02
2.523376998019239181e+01,-7.391405281712097803e+02
9.361369943314562079e+02,9.299291394961301194e+01
1.085091785801682818e+02,-9.806695902109539702e+02
-6.151934571952738224e+02,1.084869769931778137e+03
-1.581021475678955312e+03,8.141072136832917749e+00
7.702585736339033247e+02,1.010587757710862661e+03
-1.290669831710691142e+03,1.630607312060851655e+02
-1.112278896591110879e+03,-1.191018235752774899e+03
-2.870492638959626674e+02,-5.756482896960362723e+02
-3.443136810845949185e+02,-1.118226752051066342e+03
-1.555715049759992780e+03,8.307431182518575952e+01
1.504790437012188704e+02,-5.103402721688612473e+02
1.031490993185371281e+03,-9.605552341602651722e+02
-9.330221770659670710e+02,5.460275774366582482e+02
-9.832330741911341647e+02,-1.216192775360150335e+03
-6.776693410958282584e+02,-5.428132405330331949e+02
-1.193565111300708850e+03,-2.035826165925775513e+02
-3.433790502445149286e+02,-1.363188062488070500e+03
1.122115527062134333e+03,-4.982407431322214961e+02
1.169875702482313955e+03,5.721860137076919273e+01
3.464045557656381789e+02,-1.336369560533456479e+03
-7.335129933715841162e+02,-6.049600619426171306e+02
-1.237027525833878371e+03,-9.648259299539092808e+02
-1.422973961800155394e+03,-3.287155860921573094e+02
-9.618141783575915724e+02,-1.218976899597649663e+03
-1.462397144424476210e+02,6.096817860308574382e+02
9.301580908371274745e+02,-1.101224391006200449e+03
-1.179500659475746488e+03,-8.836681562876408407e+02
-1.264208118541463136e+03,-2.105936677088457145e+02
-3.819926075854914416e+01,-7.156781531544177142e+02
-2.110731649057177037e+02,-1.138930053098421922e+03
4.437001537057567475e+02,-1.259074681006967239e+03
-1.684268610038474890e+03,1.986963346917098534e+03
2.445361779202416983e+02,-6.882981253835293955e+02
-1.328535879812901840e+03,2.606971746033536874e+02
1.171371366932511137e+03,-6.818071390201955637e+02
1.563467420729048172e+02,4.503188283207032327e+02
1.898257054225014144e+02,-1.281391181880913109e+03
7.589247031111822253e+02,-1.238074705156903974e+03
-9.162045758152753478e+02,5.478695104587577589e+02
5.690991712380427998e+02,-8.819882623399953445e+02
-1.175089258645915834e+03,-8.380608258184013266e+02
-9.426326330930578479e+02,-6.345322205836432659e+02
-1.287783198479440216e+03,-7.184886771455992402e+02
8.851901310576981814e+02,-1.089264460008443393e+03
6.603752514614611755e+02,-9.659384374150977237e+02
1.108804038519812366e+03,-2.329616895421702338e+02
5.348919362609931341e+02,-1.408548909769627244e+03
6.382282328084302208e+02,-3.934375907453154468e+02
-1.343529975382781231e+03,-3.843643983894803569e+02
-7.515931955919993470e+02,-1.293686174283744094e+03
6.400456089873819110e+02,7.030921543433305487e+02
-1.550754515974907235e+03,-1.245758345268654921e+02
1.006873064282705400e+03,2.841388294827547725e+02
-2.387360086801040779e+02,-1.190072333777954100e+03
4.145058252272588106e+01,-8.672413827724133171e+02
-1.025420927741325613e+03,-8.181343615987598241e+02
-9.635955841796594541e+02,-5.649056527265513523e+02
-3.640296984107405933e+02,-8.788909141035296670e+02
6.307797795022170249e+02,-1.342890978579228658e+03
-6.785937486910961525e+02,-8.014094200493561857e+02
-1.077402009040681151e+03,-9.725552652718888567e+02
2.712937986596602968e+01,-7.730230709262807522e+02
-5.593664133140057402e+02,-1.064500060228865550e+03
2.210212968680416452e+02,-9.673646830239958945e+02
-1.006717466364396387e+03,-4.318456997303096614e+02
1.106071725828404396e+03,-7.941051692661424113e+02
-1.018649333793141750e+03,-8.380219596370484396e+02
2.897110761490803270e+02,-5.753923463917351455e+02
-1.034175525639554735e+03,-7.679152589503344188e+02
-8.668107902721440041e+02,-5.064059350049360546e+02
-6.023469198136294835e+02,-1.351130739402659856e+03
-7.003747228488464316e+02,-7.227438378398308032e+02
4.689227003960972979e+02,-2.557991538607063831e+02
-4.522736706195887564e+02,1.854305554271371875e+03
-1.178628936282487075e+03,-6.922047434577007152e+02
-1.197684123343464307e+03,-1.261581844768352312e+03
1.133953038654396096e+03,-5.388022806714652688e+02
-1.003458796718313920e+03,-1.206306303829837589e+03
-1.363776568019581873e+03,-1.133747583584627137e+02
-3.843558944376193267e+02,-6.127384116327655192e+02
9.489907323727265975e+02,-1.935730598932138946e+02
-9.588912902428712641e+02,2.891749400902158413e+02
2.709407331119405171e+01,-4.298896344840368329e+02
6.174175612989856745e+02,-4.610864926792362439e+02
-1.487682329830728577e+03,1.638891262803135760e+02
-1.109435436239159117e+03,2.506416266639707828e+02
4.989353432754310234e+02,-1.424450097321092017e+03
-1.425837879945413533e+03,-5.399278316925997387e+02
-8.531054031232474699e+01,-1.039848359533962366e+03
1.019921758537758706e+03,2.144889381364073415e+02
9.349032100945842103e+02,-3.991777063376516708e+02
5.085106142804343108e+02,-7.244947262570844941e+02
-5.575025891965506162e+02,-1.092487924491412741e+03
1.055096638918144436e+03,-8.824729389206008818e+02
-1.102574336718297218e+03,-2.456575903790680968e+02
-1.047087767984190123e+03,-1.278268862011507736e+03
4.516029816943987498e+02,-8.210895197870490847e+01
-1.086622552786447613e+03,-1.065299065249228534e+03
-1.197351558691316313e+02,-9.069500664392621729e+02
-5.502466504704821091e+02,1.141855924248182419e+03
-5.513402117914322389e+02,-8.955340244961153076e+02
4.705277173879180737e+02,-8.963123530333066356e+02
-1.000597095289419826e+03,-1.422376484502987296e+03
-1.304821250247909575e+03,-1.888766886505561615e+02
5.640842705067329916e+02,-1.378383931955843309e+03
-3.570446959307707857e+02,-1.719535585207496297e+03
-9.677397839663422019e+02,-1.707645838370858655e+02
9.140819088297221242e+02,-1.166730604747515372e+02
-1.320529192720688570e+03,-6.664668778581851711e+02
-8.311022153971589432e+01,-6.400769964578801137e+02
-2.436121290898495317e+02,-7.174571741239594758e+02
-6.471795177059152593e+02,-8.486430120764066487e+02
4.907969988995500898e+02,-5.550045770561484915e+02
2.275941449605934395e+02,-7.115909939696712172e+02
-1.449290319407438119e+03,-4.909564765433760840e+02
-1.052496538607043476e+03,3.634368058734303304e+02
1.814538579106687848e+03,1.799652959729551640e+03
7.876811645431489524e+02,-1.303057553246918815e+03
-7.995005413084359134e+02,-7.866153904943055295e+02
3.521759100804442824e+02,-1.140340575365581117e+03
2.761868277504913749e+01,-8.229920040260260521e+02
8.958547896881282213e+01,-9.309164942254551534e+02
-4.992785726944459839e+02,-1.118230660893113281e+03
1.450301731237141212e+02,-3.861558726564157951e+01
-5.941341252042598171e+02,-6.425728363348900984e+02
9.543941702489551062e+02,4.617571910056194611e+02
7.631448210199946516e+02,-1.431708014925497764e+03
-3.625095108976006486e+01,-1.322261175273451954e+03
5.722540783130716591e+02,-7.624008987111672013e+02
-2.563450356507030392e+02,-1.307831187829614009e+03
6.051004750678412165e+02,-9.938924747559442494e+02
1.744999770356981116e+03,1.416154766078752345e+03
-1.128671376179428080e+03,-1.038800792777621609e+03
4.171831689078940144e+02,-1.084676190042587223e+03
1.051968050765554835e+03,-5.075631717803332776e+02
1.853760430864490445e+02,-6.176454622068222307e+02
-1.359897611300696553e+03,-5.126598748592191441e+02
-1.047122566628617278e+03,-1.165681365576990629e+03
-9.513580940819215357e+02,-7.269187551456000165e+02
1.060181004044585734e+03,-3.105812649391923514e+02
1.072563292912901034e+03,2.486038762594944274e+02
-2.957437434245896384e+02,-7.881890726635199371e+02
9.729955079163664777e+02,-5.203794167272931190e+02
-8.768049805989942342e+02,-1.324771071462266946e+03
1.330144338269360560e+01,-1.110537032768623249e+03
3.041925807778534363e+02,-9.251222039757410585e+02
1.027169930507544905e+03,-1.896112579327655112e+02
-2.800669516319803733e+02,-1.344031666349144643e+03
1.082964077011959034e+03,2.275824880937529997e+02
-1.429114536245034287e+03,1.412349027467807900e+02
-1.170306216054758806e+03,-1.283175931359780407e+03
2.360998616325209696e+02,-1.476033817063054585e+03
-4.401094029995419987e+01,-1.369829881268533427e+03
-1.024026966631849064e+03,2.051461283059643392e+02
-4.105716795035516498e+02,-1.003975012702323511e+03
6.611255558534526244e+02,-5.570242030507670279e+02
9.750110909345571599e+02,-7.202067098319212164e+02
-1.492063661744690762e+03,7.034371072108569933e+00
-1.313641550675339204e+03,-6.469035122426980706e+02
-9.056478271761066026e+02,-6.265674241762587826e+02
1.467162824776160051e+03,1.836767053203806427e+03
-1.214101929273306268e+03,-1.156187088035594570e+03
1.181625608690869285e+03,1.119460157171392893e+02
-1.048747483537980770e+03,-1.354317462889334365e+03
-1.114926941135021480e+03,-6.521057460667373107e+02
1.024485409414806327e+03,3.127984053210057027e+02
1.142990016566995564e+03,-3.424244925659459113e+02
-1.101535839125366692e+03,-2.879644591318246967e+02
9.233952029379333908e+02,-9.313370830628250587e+02
-4.586508643984702758e+02,-7.045376630864413983e+02
4.651969150791874199e+02,-6.037195743080199009e+02
3.248246216745078527e+02,-6.708077876942629700e+02
4.622885176672507441e+02,-8.431912120818162748e+02
8.079676152418364836e+02,-9.063011388716488455e+02
-4.766577215158761192e+02,-9.746885642715615177e+02
3.021342107146292619e+02,-8.069134386470450409e+02
-1.276108771909233383e+03,-1.120773050326927660e+03
9.468785586769113252e+02,2.588878305542407361e+02
1.103477756018446598e+02,-4.949904218766093891e+02
7.435264868624412884e+02,-1.191619529254344798e+03
-1.448262118315820089e+03,-2.648442547433164691e+02
-1.273690376554254726e+03,2.060877145541917344e+02
-1.297876758687020356e+03,-9.994347352349967650e+02
3.662776877544633862e+02,-1.649212514766832328e+03
-4.857036139860022104e+02,-1.396146106594546382e+03
8.260281680824418800e+02,-1.045658259519705098e+02
-7.895973414185532420e+02,1.487006596689093385e+03
-2.208620494965598482e+02,-1.370081384737784447e+03
9.543742984621039795e+02,-1.297750567297671296e+02
8.935855390248052572e+02,-1.346074379350105119e+03
-1.539882602270989764e+03,-5.099291659692378289e+02
5.554433985037558159e+02,-8.240617774776028455e+02
-3.987937935002134964e+02,-1.589265112574249542e+03
-1.098521374530635967e+03,1.657471348460585887e+03
3.601118924759725815e+02,-1.086634847916645640e+03
3.043908595246830373e+01,-1.254420101143723969e+03
8.092209948890654232e+02,-5.533545805747251052e+02
6.050889334658040752e+01,-4.910033371394008554e+02
1.065900532613486575e+03,-1.516386442903421994e+01
5.291578626513742165e+02,-9.856568315825029458e+01
9.848071419438042540e+02,3.575677233788542253e+02
-1.138570428948068184e+03,4.337659276376325579e+01
-4.278348172745684224e+02,-9.769411709977889586e+02
1.098112943947076928e+03,-5.752080547774169190e+02
-2.149115643880361404e+02,-9.070627207468903634e+02
-9.270892348771299112e+02,-8.439362875116387386e+02
-2.963172204482334564e+02,5.570595061041349254e+02
-1.267077816153339882e+03,-2.580781618207722659e+02
-4.885983920954581663e+02,1.196616401782425328e+03
-9.018454186190642758e+02,-5.614045802766445377e+02
3.568592190781864701e+02,-6.384187424306626326e+02
1.672362822588866038e+02,-1.246462167966708193e+03
8.515657898003478294e+02,-9.921439478799134122e+02
1.503063893568692038e+02,-5.877697901425372038e+02
2.442417155499447290e+02,-1.333640032800239851e+03
8.056889605893165935e+02,5.581243212288845825e+02
-1.148817525961167121e+02,-1.229131521169187636e+03
3.869670215542228107e+02,-1.078877524683459342e+03
1.080581302118511758e+03,-8.118250246847787821e+01
8.762084331519763509e+02,-1.262627828276740047e+03
-1.086411284311104282e+03,3.692347720567036049e+02
-1.011641812478490351e+03,-2.059133754078231959e+02
-1.091656686615976469e+03,-1.308852630842685812e+03
-6.199174271716335625e+02,-2.271585433392046980e+02
-9.177318023929553874e+02,-4.259026566150778308e+02
-1.497847597391799127e+03,-1.184367863500849580e+02
9.307897966865980379e+02,1.167541237958253078e+02
-1.079290773721108053e+03,-2.071515532644568793e+02
-1.413456595103997643e+03,-4.959619314382609900e+02
1.136997868070331151e+03,-8.188679685929205334e+02
-1.203293364387569227e+03,-2.613232804926572044e+02
-3.194175191202803035e+02,8.354109378160228516e+02
7.760279426892511765e+02,-3.385439189903659098e+02
2.738786377447690938e+02,-6.933837499582168675e+02
7.272359210863351109e+02,-9.128775188233680637e+01
-1.630692774300551491e+03,1.867594495642730180e+03
-3.687770693492363989e+02,-1.131433804384641007e+03
8.160476325426370749e+02,-1.060833462932431985e+03
-1.301017392086232576e+02,-5.584298455462633228e+02
4.174387183864664621e+02,-6.369288327034857957e+02
5.595870281303177762e+00,-5.081497358695469302e+02
-1.103239943555953687e+03,-1.374397222542603004e+03
1.129459856930245678e+03,-7.566573147651065483e+02
-3.317258075828044639e+02,-5.116974630991774120e+02
7.855604497896465546e+02,-5.039724673638204422e+02
1.006422424890215552e+03,-3.799769696216649209e+02
1.111957863702707073e+03,-1.964478163625610705e+02
-1.439817537394822466e+03,9.562712966656363278e+00
6.059275657317948571e+01,-4.343439841319097923e+02
-8.499342228542730027e+02,-5.748181506805092340e+02
-4.851194360994352337e+02,-4.851060259462519753e+02
-9.995571056818359921e+02,-1.257424345454914601e+03
4.334219429962636241e+02,-9.521997096180768949e+02
-1.072786116189269251e+03,2.715147120171814095e+02
-1.277167230529181325e+03,-2.948896839696656116e+02
-1.485680086836521696e+03,-4.940094573507860787e+02
-3.871641277524443012e+02,-1.027612209059372162e+03
3.320161467255607022e+02,-1.726901414003225455e+02
-1.124683207429621234e+03,1.244280237510583902e+02
-9.837285753579980110e+02,-5.190907450076967962e+02
7.858325057661022583e+02,-4.765928559935730391e+02
8.820626907110768116e+02,-8.121875385343764719e+02
8.141316071000401280e+02,2.526535882938264876e+02
9.284524258104929686e+02,-1.888138492496996150e+02
-3.697660082616939690e+02,-5.891209561811970161e+02
-1.039915811958218001e+03,-8.081659350154673120e+02
-9.634802875806099109e+01,-1.416280986389350119e+03
-6.700928993862530660e+02,-1.162198874827971395e+03
-1.071587144480474763e+02,-1.063097455392201937e+03
-1.138752702852573066e+03,-7.891426868123369331e+02
6.509717193950409637e+02,6.470543382679124988e+02
-1.323412994157385583e+03,-6.041208394717039027e+02
-3.586524148953737949e+02,-9.994946918942904404e+02
-7.502860223344735005e+02,-1.255514184797094003e+03
7.256963485056803620e+02,-8.449529743097984920e+02
1.085451586559546740e+03,7.191794530726383528e+01
-1.097290842737555522e+03,-6.149775916517933183e+01
1.134093124599660769e+03,3.080215966537025452e+01
6.283405672677831717e+02,-1.234679292079541938e+03
-1.503125056338825971e+03,-4.720176602557639853e+02
-2.788105228844963221e+02,8.467178301158251088e+02
-1.975608522354959860e+02,-7.453857493615685144e+02
-9.073560910921055438e+02,4.843880072841488982e+02
8.172309896044130255e+02,2.926349088632832718e+02
-4.247075716847843978e+02,-5.518072043409538310e+02
2.691221514551502878e+02,-1.048392739786305356e+03
7.783508383025546209e+02,8.689892715935320666e+01
7.215613036674462819e+02,-5.983148325748150000e+02
7.254833323526913773e+02,-1.459179005624297588e+03
6.531947168677907030e+02,-2.861223883312368343e+02
-8.326311016714141715e+02,7.376164449806760786e+02
-1.559364821543726066e+03,1.129527255191396762e+02
-5.645651884762219197e+01,-9.304516415861244241e+02
-9.148114730512145343e+02,-1.360147378932560514e+03
7.401604876387846161e+02,5.977016130357405927e+02
-8.997902974277712929e+02,6.154160312998465088e+02
1.872560210466981516e+02,-5.638238544870130227e+02
-1.589171243930575656e+03,-3.906363501684506900e+02
3.763582189976564223e+02,-6.725409070726832397e+02
-4.262667295553610529e+02,-7.698034845668810249e+02
-1.196238089902253478e+03,-1.230421393347612366e+03
-2.369223594862660320e+00,-1.268360640390510071e+03
7.674527558557588236e+02,-1.024981392375479118e+03
-9.901993666361513533e+02,1.367388811818391332e+02
6.927346839648366768e+02,-1.163533023465771066e+03
-7.334194532375338440e+02,-1.030612943425671347e+03
1.155818054918411235e+03,-5.766143473804013411e+02
-8.146652338837402567e+02,-1.070005505678440159e+03
8.526809991011546117e+02,-1.140279310805559817e+03
-5.890894043920445711e+02,-5.461249173628932567e+02
6.921209585069773311e+02,-8.249576870621456237e+02
-1.048241258512752211e+03,-4.262165667757772098e+02
8.629870385344729584e+02,4.210980622552283421e+02
-1.240999292399912520e+03,-1.159119077074420147e+03
7.303139779137363803e+02,4.321792078720568497e+02
-1.070105848975071694e+03,3.791006465693758400e+02
1.182186823940347040e+03,8.778477327416112530e+01
-7.638724286446172300e+02,-3.991678936816340411e+02
6.681864577124320022e+02,-4.662341541068135484e+02
-8.517094739332403606e+02,-4.218955097875823412e+02
1.092236288022395911e+03,-3.059977796785888131e+02
-9.258821015865455593e+02,-1.514963865321391040e+03
-1.201375046228763495e+02,1.038901927228479963e+03
-1.257244903139535836e+03,-5.107134816474563195e+02
-1.600285613167937981e+03,-4.118729487597488514e+01
1.079655770394429055e+02,-8.018052755281905775e+02
-8.693814471100679384e+02,-1.555088812975956898e+03
-1.393148657613946398e+03,-6.080113448620184045e+02
-9.156721186765253151e+01,-6.059417900986438781e+02
-2.259811515543649421e+02,-7.084826832515532260e+02
6.933947676168500038e+02,-8.500428374884365894e+02
-1.410000689211043209e+03,-9.738750275553370557e+02
8.651483692494125535e+02,-5.765034058240355535e+02
-1.064932498604382545e+03,-7.708909755666020374e+02
-7.360395594121850991e+02,1.113955965696260137e+03
8.545590004791138199e+02,-1.120868812377494578e+03
-7.849342283318978843e+02,-8.633744182729230943e+02
2.104720898017958461e+02,-9.021471496492099504e+02
-8.667269846263388899e+02,-5.518047119080749781e+02
-1.234704521383168185e+03,-6.170463916560781854e+02
-6.505623823492078373e+02,-4.119316746755257554e+02
6.143558689471497019e+02,7.209626554269875669e+02
-1.271117545260590305e+03,-9.305575041856457119e+02
6.685438475760042820e+02,-2.593970206424589833e+02
5.835041994350472123e+02,-1.477034803429070053e+03
2.584956380337466726e+02,-9.603006509721169550e+02
7.760117223308261600e+02,-6.702340051327275887e+02
1.486609291903346275e+01,-1.467684190479176323e+03
-1.292923724650511531e+03,-4.696551674179743259e+02
9.197742634505293609e+02,-3.408323567658696902e+02
4.831292124954416067e+02,-1.134597650031807916e+02
-1.384860207751452435e+03,-5.847413198751960408e+02
-7.865187686706719887e+02,-4.716002058154226688e+02
1.187953793537284582e+03,-7.520911028120713127e+02
-4.786112843293778951e+02,-1.445886582231684997e+03
-4.765629520582558598e+02,-1.258973810755811883e+03
-1.361827150034084070e+03,-3.615474502831928021e+02
-1.503879369078423906e+03,1.817282849764073035e+03
-4.488477267107821262e+02,-1.534426300362735674e+03
-5.189626161978155778e+02,-5.606554627139014428e+02
-1.119601354591668041e+03,-1.054195057598049061e+02
-1.589925716963428840e+03,8.535975598168397482e+01
-1.420150433696785512e+02,-5.926604493066608939e+02
2.423412167949750256e+02,-4.417538466694056751e+02
9.417873797641632336e+02,-2.653901202045387890e+02
9.596924088599348579e+02,2.100679714281441193e+02
7.867632191958859948e+02,-1.206114263795459919e+03
8.723823563838755035e+02,5.184417187742037640e+02
5.518266817774519950e+01,-1.525748860615861986e+03
-1.210224722735254545e+03,1.419761995952358120e+02
7.283321401243783839e+02,-1.315568732316548449e+03
5.891219106505968739e+02,-1.084905646961793991e+03
-1.574931803477441008e+02,-1.742226289082659832e+03
-1.477252658396665538e+03,-6.796967124117770709e+02
9.983830929363389259e+02,-8.501852039857826639e+02
-3.916351274826990903e+02,-1.120869061579282516e+03
-1.492107085839372758e+03,-6.656480859736561797e+02
-9.772050152739589066e+02,-7.543092846461922818e+02
-1.368863471173038988e+03,-8.472906874510090347e+01
8.980006297752647697e+02,3.491889716484411110e+02
-1.065430282682346615e+03,-3.917426114293466526e+02
-5.042007124713643407e+02,-1.196279488199089883e+03
1.024863981364706888e+03,-9.077387980929295281e+02
7.074930264932290811e+02,4.319015543596283351e+02
-3.659834134921713940e+02,-1.326632269461543729e+03
-1.177840190575718680e+03,-7.288440539559553599e+02
3.660047294848209276e+01,7.334579103021724222e+02
4.423381393404379196e+02,1.142905958225589529e+03
1.166170519150962718e+03,-7.245347314377600014e+02
6.987331508469342225e+02,-3.510737353759786856e+02
6.549624547473049461e+02,-6.761913768893530232e+02
-1.271645081703547021e+03,-1.057769467480447929e+02
4.108097873986575905e+02,-1.462497689997531779e+03
-4.152187329568919267e+02,-1.178808807286217643e+03
-6.517185972936126745e+02,-4.621214889617579047e+02
7.178841690377853411e+02,-1.019087784892382160e+03
-1.209340106586034835e+03,-3.234463308081139985e+02
-1.118603164433639904e+03,-8.417348486371772651e+02
8.405407218121149526e+02,3.172072391246670122e+02
-1.017701417133890914e+03,2.736785270808513815e+01
4.945538786696520219e+02,-6.327768519850656048e+02
8.835281974278805137e+02,-8.778444438899214219e+01
-8.004939355417404840e+02,-9.321373402831914063e+02
-1.110213633792790006e+03,-6.192847982302573655e+02
-4.778091242191462698e+02,-1.064682810179243006e+03
8.418842491103837347e+02,1.886551326089775102e+02
-1.308776593976607273e+03,9.399260251752912154e+01
9.299714998167896738e+02,3.841895423857076821e+02
1.033160259415757992e+03,2.757800063101999513e+02
7.230806264992475008e+02,9.128134798255014175e+02
1.775569558758861604e+02,-1.023005831668541646e+03
1.630601463795528616e+02,5.587614621314105534e+02
2.423602153671613451e+02,-5.252884927246559528e+02
-1.390424673565322337e+03,-7.380135044995188309e+02
6.950407565758619057e+02,-5.345947334656025305e+02
-4.191477177055196535e+02,-8.492098971350976626e+02
2.743612211020868017e+02,-9.310341740336452858e+02
1.005302990099837643e+03,-9.906932226068291811e+02
-1.713349001807057448e+02,-1.335040000808077821e+03
-1.421831895195437028e+02,-6.470507543150804395e+02
-1.148866732203689935e+03,3.389804157546864189e+02
-1.462397707281744715e+03,-4.469562850470981630e+02
5.573208374999862826e+02,-5.936653447538478758e+02
