x,y
-8.453760124824719924e+02,9.458567545226912898e+02
6.727645781383805570e+02,-2.779552797834041371e+02
-9.372875040089891172e+02,1.291810000494476981e+03
-8.304512514849043328e+02,6.058764144317052569e+02
-6.093516218760697711e+02,-1.435735023191376513e+03
-1.018412981770723491e+03,1.802217251343646467e+03
7.008106639424547666e+02,8.763162284356875489e+02
3.632282992438624660e+02,1.006058266426042110e+03
-5.695370325241723322e+02,-1.251933916182218582e+03
-8.720914600495409559e+02,-2.203309590804447566e+02
-1.195427034417099321e+03,-4.439276925197043511e+02
7.865422585721356654e+02,1.547448386564302155e+03
-1.100622139361373002e+03,4.159979586855590696e+02
-2.774771559449291658e+02,1.134903785795773956e+03
3.177890977543208351e+02,-2.469879752917293558e+02
-4.571896662938930262e+02,-9.321996101163231288e+02
-2.645589991263904039e+02,1.192856301436031856e+02
4.088545959012878370e+02,-1.607172568661213745e+03
3.797894023700345656e+01,1.165259689142127627e+03
-4.744999920768227071e+02,3.774149579980084468e+02
4.025733885063589810e+02,8.533710845423083811e+02
1.033132042171120702e+03,-5.222766502465015037e+02
-3.507386718400056225e+01,1.740922897281845053e+03
-2.112152370294881507e+02,1.422324452445130873e+03
-1.235238107897515647e+02,9.722397312772602618e+02
-3.838519147156989106e+02,-9.790162204960337249e+02
5.198476306809608332e+02,-2.131526827907101165e+02
-1.220451368621624852e+03,-1.662350688095178612e+03
1.678242228378029210e+02,-1.132939369114815690e+03
8.652995775930943410e+02,5.416838385030729341e+02
4.067799975670161530e+02,7.910253057326636963e+02
-7.712958965614476483e+02,1.760258209001528257e+03
1.771685072823284486e+02,-5.913900710481424312e+02
-1.268110434511755557e+03,-4.406165475626084458e+02
-2.127505078442045772e+02,-1.508163671023863515e+02
-6.023242803091030737e+02,-1.015077056361924747e+03
8.511499520452032357e+02,-1.213897453874286384e+03
-8.718566889933055108e+02,-1.441164218211806087e+02
-6.402606372563424202e+02,-9.264451396077289473e+02
8.451981789806158929e+01,4.941102570803947174e+02
-2.022392550814964522e+02,-2.779990920694487500e+02
5.209806813864340711e+02,1.155830030983485585e+03
1.128727340903550839e+03,6.084945982057345191e+02
-7.992346943674514250e+02,-6.323377177762799874e+02
3.004194068433808411e+02,1.172487776036563218e+03
-4.583190134178655057e+02,1.073329506316198149e+03
-1.239917369770600772e+03,-4.093078036722860134e+02
1.092265303705030647e+03,-7.296859856255988461e+02
3.442494241510311781e+02,5.315303353059465508e+02
-6.350887683957786294e+02,-1.183931733911865877e+03
4.939070730642218905e+02,-1.015531662168053117e+03
1.052233344533717855e+03,-1.882370105336642155e+03
-1.021435264345906830e+03,1.007562221418254126e+03
-3.041964821490720965e+02,4.806918068265316606e+02
-1.698253493175189135e+02,6.216386485467361354e+02
-4.861483299283937072e+02,9.633654687175996969e+02
1.141827311332951922e+03,-2.126356102146926617e+02
7.235053158828026199e+02,1.489130216660860242e+02
-7.004766556331350102e+02,-1.281687763829472487e+03
-3.316663204976570114e+02,4.937631115003540572e+02
1.139180668743892284e+03,-1.714299914745688795e+02
8.629437002832016788e+02,1.302052943569516970e+02
-4.664179222993718099e+02,9.035156544791765327e+02
1.186263467232312451e+03,3.433448081671705268e+02
-1.011446939489030683e+03,1.727533330003560934e+02
-7.832361943603416421e+01,1.093143714407420219e+02
-5.412306252091744909e+02,-6.508445833987923379e+02
7.594408415176783365e+02,-1.700713764875939205e+03
-3.999321387763292819e+02,-2.484983930206890363e+02
7.651404007551268478e+02,-9.691779583266225018e+02
-6.203496732285215103e+02,-3.324300011868901947e+02
4.222314075183788873e+02,1.259849936593873736e+03
7.949899133745211657e+02,-9.063337444152078888e+02
7.495913798343764256e+02,-1.591178692883530402e+03
-1.209261189335025392e+03,-7.089478402019385612e+02
-1.129888845271837454e+03,-6.780008666917061646e+02
-4.300374162830240010e+01,4.886847904621122893e+02
9.164698365428648685e+02,1.036339306212361038e+02
-5.656557871359141245e+02,9.863234315040083402e+02
-6.473827455938740059e+02,4.783397334565608503e+02
8.802526054942892415e+02,-3.461489430700069647e+02
-7.912622018443403249e+02,1.126973975123636365e+03
-7.963697873206173199e+02,-1.105459785933541298e+03
-6.559814943503249651e+02,-1.747748427576425456e+03
-9.339250124236855299e+02,-1.427992624658781779e+03
-6.745813382517824266e+02,6.998556419560113682e+02
1.021438398583888301e+02,-2.171301427297558178e+02
1.129912282875436176e+03,-1.134327613255326241e+03
-2.588357028222471286e+02,-5.005826922521562494e+01
-1.005096803668322082e+03,-1.152376863460994855e+03
6.149695909574827510e+02,5.929166692372104990e+02
-5.162497208152611847e+02,-2.464591675184134374e+02
1.375492900234430408e+03,-4.619946797865345047e+02
1.062605580240654945e+03,-6.682579941300208475e+02
1.004734298716321405e+03,3.651957731801392697e+02
-6.352848820964569541e+02,-4.774947536147857363e+02
-1.020123473048994811e+03,-1.454071079021641935e+03
3.850138033144247629e+02,-1.272274156109006299e+03
-1.166946634844375126e+02,1.727780480239105827e+03
-1.874787035941307920e+02,1.489730984301752869e+03
6.137879008703009731e+02,6.183491615861738637e+02
1.102169460916821663e+03,-8.069980114787102821e+02
7.040074843333014769e+02,1.772100169918077881e+03
5.172412178994372312e+01,9.646194919958118135e+02
3.677916120149758399e+02,6.727594964462343796e+02
9.927475689834295736e+02,-2.322241682941730971e+02
-2.337847433429246280e+02,-7.650601916080613591e+02
4.954424094692415679e+02,-1.377937251073702555e+03
-1.490819087031567847e+02,1.447278155508941154e+03
-4.233654124787674959e+02,-2.172126184991080038e+02
-8.737787747145629282e+02,-9.986027234993239290e+02
7.900259542392039975e+02,-5.925112738622372035e+02
3.876581553654046957e+02,1.536992280926690739e+02
-3.965994663951923940e+02,-1.078236382742279829e+03
1.159107005955389411e+02,1.278574774340029080e+03
9.669076633460995254e+02,8.557006399754423001e+02
-1.901915421219178484e+02,6.947454515040586784e+02
-9.675494915646783056e+01,-3.036065521610487963e+02
-5.224556454647222381e+02,3.579196437585791273e+02
1.077150275773737349e+03,1.938162833954245627e+02
6.295466212465754552e+01,4.239198919074734135e+02
-5.793444708199010620e+02,-1.506894425764368634e+03
5.220817128635320614e+02,-3.282747829842112424e+02
-9.002232041942511387e+02,-1.671428571428571558e+03
2.817017760093295351e+02,-9.583549066325402066e+01
-5.488912806526133181e+02,-6.014453756262694242e+02
-5.277319823899636049e+02,-1.155600158762280671e+03
4.327437728402832136e+02,-1.337348393805275919e+03
9.579130658195132355e+02,2.101523577547043828e+02
-1.096303419879095145e+03,-1.099229699784480999e+03
-8.736650944365770499e+01,1.577513244604839429e+03
-6.115481874448150847e+02,2.210655648887507994e+02
-7.412414598268954933e+02,-5.228258722992762841e+02
7.131054942247487816e+02,2.136797622545186357e+02
1.146428571428493086e+02,-1.678265306122450056e+03
-9.006651592567483249e+02,1.732309858783006575e+03
3.809453649141391338e+02,-1.411381273209696872e+02
5.164128505005948000e+02,9.789743192732491934e+02
5.715718788979156670e+02,-1.473810831521738010e+03
7.861685824425791225e+02,-1.281912820593074116e+02
8.470320505783743101e+02,-1.100257888364309053e+02
8.344709966024989853e+02,1.594561620779456234e+03
2.129672186860042586e+02,1.587150695827943991e+02
1.019397700308508519e+02,-1.812343517430607278e+02
-1.241690990476151910e+03,-8.283158661847133999e+02
5.947379894918771015e+02,-5.553642486589676537e+02
4.429854429006066425e+02,8.554551681171624011e+00
7.309509968940468525e+02,-2.666077955080270954e+02
-9.321841214077123823e+02,-1.751175883912101654e+03
-4.151993526403055057e+02,1.156677850466419159e+03
-2.921424901380941037e+02,1.448111078677882006e+03
-5.278438799695942407e+02,-1.202487366832141106e+03
-4.825920052823505557e+02,1.345086577383402471e+02
-7.145049977231564071e+02,-1.301486722378477225e+03
-6.940063374901454836e+02,5.447295774578383316e+02
-1.283682730599298793e+03,-7.126912151036758587e+02
1.015167321528414504e+03,4.523143104924506588e+02
6.966759553280144246e+01,7.616329576836798196e+02
-3.230687405063187612e+02,9.033974412562027965e+02
-1.032931389449649032e+03,-1.315376478661954479e+03
2.035567318709752271e+01,1.518751344882775584e+03
1.578229483282656020e+03,-8.631079027355737026e+02
4.538024553089096003e+02,-1.706348128076278499e+03
-2.006926255099760681e+02,7.600328492935578595e+01
-9.148779082388168717e+02,-4.732473148422550935e+02
-8.993230274500067480e+02,1.172290701147284153e+03
-2.913629120530578689e+02,1.078603625062832180e+03
-6.207561778946196682e+02,-6.224358990888545122e+02
-2.309644554664771476e+01,1.670665017256863848e+03
1.244598414102349864e+02,-7.157339889112744231e+02
-2.616329600247580061e+02,-1.873817238610188696e+01
1.336621344869420909e+03,-8.320218793064561851e+02
-5.057605020717862487e+01,1.606469084636469915e+03
5.392791070838143241e+02,-1.111511924977917715e+03
-9.668588969036303524e+02,-1.660276108843353995e+03
1.304057333990400593e+03,-2.909804220026261987e+02
-2.487186849819250654e+02,1.882398775386920079e+03
6.373524509923953474e+02,1.432622538091928391e+03
6.855774847430033105e+02,8.214814757593128434e+02
2.385809944067420361e+02,1.369537922028324147e+03
-8.958022774458061122e+01,1.441766487099833512e+03
-4.491215258912648665e+02,5.681810345602603896e+00
-1.313712680530020180e+03,-6.170007786004620129e+02
-1.065704491797942808e+02,9.377994533544629121e+02
-2.468341089923669074e+02,4.695178081646093347e+02
7.848526219239095099e+02,-4.398159848116733883e+02
5.150350251239030968e+02,-1.396625484885983951e+03
-2.568268760794712762e+02,8.072014551237207343e+02
-6.348049013629149613e+02,-7.965143221458449716e+02
5.560690020416668631e+02,1.634807862390413220e+03
1.436621528463722086e+02,-8.681295791418064027e+02
9.621765127358036125e+02,-1.253801265230682930e+03
-7.643091365880577825e+01,1.172227011078086434e+03
-6.266602009163502771e+02,-1.140312209491054318e+03
-1.184065019883977584e+03,-1.057150247358428032e+03
7.365846879914979581e+02,2.650147631643664567e+02
-3.384154010186658752e+02,1.353226276511002652e+03
1.015593976970496669e+03,-1.009419655733735112e+03
5.010822680464778500e+02,-6.237192480813574775e+02
-5.255149346291913162e+02,9.571428571428572241e+02
8.137512074988154609e+02,1.755673504532338256e+03
-4.283672782370441041e+02,-5.101473899639310616e+01
-8.676665819059843443e+02,-1.174455494304313788e+03
7.881248769410019577e+02,-1.816081450762957274e+03
1.058569829126578043e+03,-9.179618786952821665e+02
-5.438624984323116678e+02,-1.224584579825472019e+03
-7.750824440858333730e+01,5.201061121852843598e+02
4.799192890033018557e+02,-1.237970967951106786e+03
2.241283153922800011e+02,-4.238172940224071539e+01
-7.930612613898533709e+02,5.504434766662845959e+02
-5.928198349115358496e+02,1.861483229917533038e+02
3.523839763219123711e+02,-9.822221866166451036e+02
-9.480680265497237542e+02,1.063906029858905185e+03
-3.588691114308673491e+02,7.215621785631998364e+02
-8.861560991963780225e+02,7.658262121001416745e+02
-9.880642630632411283e+02,-1.219719772299009492e+03
-9.051501762374740565e+02,-1.221516948336370888e+03
-7.438069504686275195e+02,1.575496674970305321e+03
-1.576856121592835734e+03,-9.810131478042032427e+01
4.277159512381404625e+02,-6.399151090006672575e+02
-3.972849265505928429e+02,-1.039198149100120219e+02
5.747984777808227363e+02,4.495482012537337368e+02
-2.434254593323180984e+02,1.679839291954592227e+03
-5.334538939040839978e+02,-7.060803125490184584e+02
-4.313850366109039101e+02,1.529575805885004456e+03
-8.059936854838072122e+02,-1.744487832092624785e+03
-1.004482171318983319e+01,7.614851235527494566e+01
5.362942634338400012e+02,3.526098774311139437e+02
-6.531425111698418959e+02,-1.328387956986527570e+03
-5.114748172267933342e+02,-1.179940183856249405e+03
-4.859266992497225601e+02,-3.175987669891173368e+02
6.979423736931937583e+02,1.730481127605573420e+03
1.189461061949485838e+03,2.556687698553523660e+02
5.362603763228951266e+02,1.596492514682966430e+03
-7.114681534292814149e+02,1.088152142853557962e+03
9.126645627447337574e+02,-1.868738954843989006e+02
-2.390064793404751242e+02,9.938392615496765075e+02
6.058885330127948237e+02,-1.788225595701828752e+03
4.578009412388626629e+02,-1.311053384619042617e+03
-1.028980160975464742e+03,1.202180894481320820e+03
5.474253193246462388e+02,1.041376331687177299e+03
2.697827112100823115e+02,-9.098283942296918667e+02
8.287178209843375498e+01,3.417918325755157127e+01
-8.571428571428550924e+01,2.935220146175843183e+02
2.917441169798467513e+02,1.330232880810313418e+03
4.148462315682162966e+02,2.445919330110042154e+02
-1.113130004083428730e+03,-3.234346982810563986e+02
8.191443010102672133e+02,-4.538641570302731907e+02
-4.583844189507897937e+01,-2.952192573297148215e+02
1.136894054892660506e+03,4.357168230896073169e+02
1.728969936527716698e+02,1.333954715588263980e+03
9.568962029542502705e+02,-2.340790120621755648e+02
1.301080173698823046e+03,-8.243368711834849591e+02
-2.711429439529636625e+02,-9.080960097833292366e+02
-7.572172464202924402e+02,8.124322978856193913e+02
4.112221735512625855e+02,1.106572955674106879e+03
-7.729114222374744259e+02,-1.334346896323558440e+03
-6.953881734261461816e+02,-1.571054766984080970e+03
2.273150689842530028e+02,2.659099844470810581e+02
7.578727622016527903e+02,-1.163158961447980573e+03
4.888265693814381621e+02,1.149309921313367795e+03
-8.870089772531703147e+02,-1.168211332694748080e+03
-6.153496203439281089e+02,1.505412598238920054e+03
9.081684145762977778e+02,-1.120611257177587731e+03
9.005355686687742036e+02,-7.093597617578598147e+02
-5.525732778263816272e+02,-1.135219468999057426e+03
7.321973768699499487e+02,-1.269934232143155668e+03
7.994087329601095462e+02,-1.770986368347332473e+03
-1.071253017497264182e+03,-1.637628955227484539e+03
1.534817563388966391e+03,-1.213760049474341258e+03
5.594197299549307445e+02,-1.631838636298569327e+03
7.787465220074000172e+02,2.056020589747606095e+02
-3.639082457013815883e+02,5.485116447048820874e+02
-8.159939228940286284e+02,-3.870544455671419541e+02
1.087539360139124227e+02,-6.190925152607978816e+02
-7.432611530008787213e+02,-4.377758768750327789e+01
-1.440638688911944030e+02,1.336558758774197486e+03
-1.040523744470110614e+03,1.243307879880014980e+03
7.805763980532053665e+02,-1.678298640010306144e+03
-3.051286941891318065e+02,-1.042424759533838369e+03
1.518325747895772793e+02,-8.922878777320339623e+02
1.053835938062746891e+02,-8.492117111736575907e+02
-4.111813123489177002e+01,1.478244486308974786e+02
6.648587277996415423e+02,-3.419358755828808398e+02
-8.281463195061787701e+02,-1.638554485219659909e+03
7.473665766193156514e+02,-4.397539541759402368e+02
-4.274122696338039873e+02,3.080486821899139116e+01
9.939150549543387569e+02,-1.350398577596094128e+03
-9.236906062006738694e+02,1.189663476511700765e+03
-1.008994589757344329e+03,-1.632882444387467331e+03
-4.427272159337643416e+02,1.477185897522998403e+03
8.388208259097037853e+02,-1.368995752309597265e+03
9.583173838557567024e+02,1.189255780603688436e+03
8.866696599988188154e+02,1.759683288518087920e+03
-1.706481597472927945e+02,1.061934453601297719e+03
5.036016159547590405e+02,9.445115762193203182e+02
4.175500445079978249e+02,3.946599504041590762e+02
1.732535608819582933e+02,9.403990665310456052e+02
-1.094648132097792995e+03,-1.197124393814263158e+03
2.600491793040183666e+02,5.050843395595003926e+01
-6.445853051331994266e+02,-6.423014742001345034e+00
5.046560966884015897e+02,1.280167329459547545e+03
8.272126808320061855e+02,-1.591863318406252290e+02
6.008484142484877566e+02,-3.980121234075631378e+02
-7.047274550767517667e+02,4.037357526449682155e+02
1.263444218410895019e+03,-8.052976484982551710e+02
3.157339432977648812e+02,-1.496892258224692398e+02
9.713781216823955447e+02,-3.215048688214238837e+02
2.279356362050362748e+02,-9.081371530762206703e+02
-1.789721909370340711e+02,-4.722546479639626682e+02
-7.638768844487769911e+02,-4.628997894292794513e+02
1.258676558262192202e+03,-5.862860765650043504e+02
7.103451876497863395e+02,-4.247357082736323264e+02
3.930219582667494649e+01,5.733631390549367097e+02
9.536409961889754641e+02,-6.964000467471489628e+02
-8.569899213966481284e+02,1.661192945330123848e+03
3.864254385538702650e+02,1.505554207950799309e+03
-2.882095868642120990e+02,-1.450508029353203767e+02
1.412328070620008930e+03,-6.035752232566230759e+02
-1.319229737455397711e+01,2.852110921292795354e+01
-2.959859938548592027e+02,1.234552893861607572e+03
-6.303201193269552505e+02,4.501227101883070532e+02
1.120461142133950261e+03,4.240385781461547055e+01
1.199094085013793443e+00,3.596315489833687593e+02
8.174653962308940436e+02,-7.194982515265360234e+02
9.888105611907633374e+02,7.581695646754537847e+02
-8.473463484504527514e+02,-9.766179698862678151e+02
-4.135305109585317496e+02,6.009738792064800919e+02
4.191610518548775417e+02,1.295441098799999509e+03
-4.994718222708627309e+02,-1.216313502698416414e+03
-5.084867479874526452e+02,3.075548655448228601e+02
8.661218426020927836e+02,-1.397864836776468792e+03
-8.346882229132738757e+02,7.291121796249509543e+02
-8.807980143974094744e+01,1.606577393802796678e+03
6.719397474746148191e+02,-1.185737252559279341e+03
-2.456762899865306622e+02,1.706957052918755835e+03
-6.761774456731475311e+02,1.055434112036425176e+03
-1.589610262261617493e+02,2.367883319736993997e+02
4.453151329016127420e+02,9.778782240085593003e+02
-3.064689946603402859e+02,1.018103434199120557e+03
-1.734934079301904148e+02,1.643477663424053617e+03
2.454984234682602562e+02,-8.288895548929081087e+02
1.196548690297906461e+02,2.119226817496922877e+02
8.389454786943820181e+02,-1.422738026573939351e+03
9.374665428235391573e+01,3.203870638310673939e+02
-6.936887993051863077e+02,-1.073145833768836610e+03
7.610175050144944180e+02,1.133433514800978230e+02
6.974607368187480461e+02,1.765961616195527597e+02
5.209799820314304242e+01,-1.847136154543692612e+02
-1.109655633457096428e+03,1.499349946319098059e+01
4.885539128952225951e+02,9.020479181172025847e+02
1.672766978600768653e+02,1.022439897127698600e+03
-5.915262086535410617e+02,-8.311466171947513715e+01
9.376074571938761437e+02,2.652780655739901476e+02
-7.752643628440423527e+02,1.585714285714285779e+03
1.563581784430078187e+03,-1.850943317246265906e+03
-8.937274668959366863e+02,-1.271148908207849217e+03
-7.582524980735172448e+01,4.651045527420961889e+02
-9.034425448025002652e+02,-2.904683499967250668e+02
-5.190590309746231696e+02,9.385046902856179258e+02
1.076668330459696790e+03,5.130093524703166850e+02
-8.093258546563641858e+02,-5.523536311422453764e+02
8.951781461819093693e+02,1.435829478126632921e+03
-5.111275303001292514e+01,8.864888919810616699e+02
1.323793872223182007e+03,-7.863215165592531548e+02
1.006785911054445933e+03,-4.722337100515803741e+02
2.771577462521995585e+02,-6.480038449296409908e+02
-8.425330321223191277e+02,-1.116232827688226052e+03
-9.451493570571724376e+02,-1.143687020412758329e+03
-3.151335823941476022e+01,1.586894583009229109e+03
1.449667509063459647e+02,-2.665381035105619389e+02
-3.933964587809764453e+02,-4.542002342819548062e+02
-2.825617018583535014e+02,7.345569692496225116e+02
1.116526276206192051e+03,8.918132355788779364e+01
-1.398225688397271327e+01,1.580706195105408369e+03
-5.637099679895661666e+02,9.711143002251934604e+02
1.288180788264627381e+03,-1.356543214571356089e+02
-9.273389567040630936e+02,-4.264732318291919455e+02
-2.860762694007860318e+02,1.828535785150000265e+03
1.063354080936493801e+03,6.827063498956778176e+02
7.065231559028677566e+02,1.658047899346564691e+03
5.021848023318816558e+02,-1.275777223330819652e+03
6.287551130687481873e+02,1.229517102216691455e+03
3.796545780392892055e+01,3.798272889785055781e+02
5.203314319217461161e+02,-1.237440988183210720e+03
1.171359293129930393e+03,2.262166495993751312e+02
1.764218568157758682e+02,5.367359901639491682e+02
-4.771310713869509073e+02,-1.889051066088539983e+03
1.324299111683848651e+03,-2.316355284275865927e+02
-8.873688930035135627e+02,1.157055059753348132e+03
-1.930018451861625692e+02,-6.554699420044553335e+02
9.141708757358134108e+02,-2.274194638370127279e+02
-1.749133221284066906e+02,-2.591700725992434968e+02
1.373941295137856514e+03,-6.590543754126390468e+02
-3.837105686124437511e+02,1.540751150928184416e+03
-2.681157119514442115e+02,9.674016632161876714e+02
-1.043990982747565113e+03,-1.271834782718323368e+03
7.959238500153272753e+02,1.946176355729340230e+03
-3.919840266425061515e+01,1.345573009496529266e+03
4.532820836386625842e+02,-7.346737981414705700e+02
-9.451822206586848552e+02,1.211230270591745921e+03
4.835091858401398213e+02,-1.342193313696693849e+03
7.560730544759890108e+02,1.947235818740048444e+03
-1.284175067694722649e+01,5.002265982707326657e+02
1.862771356232834989e+02,4.075218662230773816e+02
-9.004178320678972796e+02,-1.380378480421448103e+03
9.351965412233523978e+01,1.422877327383841475e+03
-7.445225818050919315e+02,-1.726463648440678753e+03
1.284666358640123462e+02,-8.656009275806472942e+02
-1.104341689596966717e+03,-1.162919835122210998e+03
9.827949168786196879e+02,9.861812624332442283e+02
-6.596331917227212216e+02,-9.968857854696714185e+02
8.006797683089819202e+02,1.483854229767268180e+03
-1.057125046271537713e+03,4.630520824800304354e+02
-7.995842201327659495e+02,-1.685940970050347005e+03
5.810045726190147661e+02,-1.868518577759528398e+03
-1.128765880766328337e+03,-1.631285451084408805e+03
-1.059457228574483452e+02,2.861691192510168662e+02
-3.466464209074201790e+02,1.070767667980949682e+03
1.067291248754738945e+03,-8.859304200711187605e+02
3.044567624042510374e+02,1.251405413016051853e+03
3.551850275674058253e+02,-1.605644222049695372e+03
-6.496881008664358887e+02,1.047760481433246696e+03
-7.213933324150730186e+02,1.496231124646077433e+03
-7.989430117387651364e+01,9.288891375585178594e+02
-4.048671725005458484e+02,6.242166065998350177e+02
-6.232834716002478359e+01,1.215247505626862903e+03
5.985028665837063500e+02,-1.683052961483331501e+03
-1.113341255098712054e+03,-9.827901955396673657e+02
3.871600619491878206e+02,-1.242554001460643804e+03
9.546053921968333498e+02,8.000000000000000000e+02
7.719131596796448775e+02,3.608728471049265067e+02
5.298333378779537952e+02,-1.135915985692402501e+03
6.619813583665871874e+02,7.569800988109709579e+02
-8.924830416474462709e+02,-1.048143745813559917e+03
-1.266374139635130177e+03,-7.626297933107072140e+02
9.042601860364309232e+02,6.477732311471710318e+02
-8.530022203848134268e+02,1.802607466993076287e+03
1.221015227322800882e+02,3.076148080803043285e+02
8.038489151063995450e+02,-1.608768912931337582e+03
1.214060500681067651e+02,3.362192922126321832e+02
-7.278529177479363170e+02,-1.676475273880445911e+03
3.394535636410564621e+02,1.363459507015441204e+03
4.531500796776007292e+02,6.457590456616389929e+02
5.295753682968324938e+02,-1.069608097044404076e+03
7.849536710368735157e+02,-1.446977073806052886e+03
1.227875942756975292e+03,-1.061037054441488181e+03
-8.715972575697242064e+02,1.795784939859896667e+03
-4.662652038987194487e+02,9.928393622668093030e+02
-1.769405246908614799e+02,3.793721504068307695e+02
2.993656143017383897e+02,-1.144891460657708649e+03
8.150775386970711907e+02,-6.679340759504013931e+02
-8.561947700528581606e+01,1.919211114540039489e+02
6.301823775763409685e+02,6.226492936467138861e+02
-2.424956608098130459e+02,4.191543021872815871e+02
4.650176643122823634e+02,1.634087213384122379e+03
-6.864840487238384412e+02,-1.158709726617068782e+03
-1.131086372672423522e+03,-3.253430850882068626e+01
-4.226096029977829289e+02,-4.107255566037709968e+02
5.637218483169626779e+02,-1.846959214418092188e+02
9.795839374540199742e+02,-1.294822056242118379e+03
1.080256706999740800e+03,-1.250873449861700237e+03
-6.683292733538435186e+02,-7.421656836148758885e+02
2.138157369168380626e+02,-6.580003582299759728e+02
5.712772399857061600e+02,-3.061285237465865521e+02
1.448662524558739939e+01,3.079787322758591017e+02
1.085893230200734024e+03,3.621506047638645214e+02
1.149074777358602887e+03,-3.594066137929867750e+02
-4.418366563187299789e+02,-3.740023677236404183e+02
-5.779247491815659714e+02,-9.496584678979938872e+02
-6.547884343625755719e+02,-6.224724604869909399e+02
-8.373013024830775066e+02,-1.687481647354147526e+03
-9.577032101342622354e+02,-2.773613756391483776e+02
5.137669597068265830e+02,-1.571595023641029911e+02
-1.238132120932453518e+03,-8.934662155753013622e+02
9.279156942065344538e+02,1.429856251915501844e+02
-2.451882555481566897e+02,6.275054313526920851e+02
1.137651439496033845e+03,4.089230116092076628e+02
-7.577102155366798115e+02,4.925532511725643303e+02
-1.148950345563183646e+03,-6.178991438491697181e+02
-5.539214419367868913e+02,1.008997476820009979e+03
-5.446473995118278708e+02,1.015178121807390994e+02
-3.570223120716852918e+02,-2.785057948719428964e+02
8.275425401287419618e+02,3.346681114112807904e+02
-1.625367501253645969e+03,-4.682572448881347214e+02
1.026563079949430630e+03,-3.622016973040891941e+01
-1.384162200313718571e+01,7.802831539234197180e+02
-1.699106085460832674e+02,1.386180923028350435e+03
-5.215632525539934932e+02,1.504810463656943512e+03
1.315017901392716340e+03,-5.913172593173012359e+01
1.018377291320106792e+02,-1.285022711573853016e+01
3.763420762127444732e+02,1.055488377870203294e+03
-4.237771886086321160e+02,1.206818725834659062e+03
3.911726534471496279e+02,-8.869762987888927341e+01
8.275354709819729351e+02,-1.293381413783858306e+03
-8.982447699714635974e+02,-1.535197877512391415e+03
2.431055541606720567e+02,1.214639353784956029e+03
-9.898340561880863788e+02,-1.606022528675955755e+03
9.576111254941582729e+02,-7.579423308243181054e+02
-5.768001063559540853e+02,-5.670138228033591759e+02
4.997177300604481616e+02,-1.053990894784979901e+03
1.512588128608789475e+02,-6.498091488015375035e+02
-4.828356696369498877e+02,7.789205547171800390e+02
-7.616934372448855584e+02,-1.825212958781038424e+03
-1.255618162050089808e+02,1.176482019131537527e+03
8.729891646986069986e+01,1.275709043791850490e+03
-2.549254777157451883e+02,-4.252850489919609345e+02
-5.145083867941029894e+02,2.461934960239586587e+02
1.148695423243126470e+03,-1.287915726766842454e+03
1.227010788077104962e+03,-4.609386291602701817e+02
-9.940142743033894703e+02,1.711712099392125310e+03
-1.176684560569415083e+02,1.887768565360443063e+03
9.635902605609317106e+02,-6.408463555640678351e+02
-1.060047850507357680e+03,5.932435874872267050e+02
-3.741065026887773826e+01,6.199239947989046868e+02
-1.007404961703810386e+03,-4.036656485541160464e+02
-1.400075232382801858e+02,4.019800492284754796e+02
4.079938372969390343e+02,-1.837625794725223386e+03
4.544323932334497158e+02,-9.704127654158151017e+02
8.231000228022753618e+01,1.047895585498354620e+01
-3.402058420164934205e+02,-1.115112089644380148e+03
1.123946462057849885e+03,-1.107773971017582880e+03
6.296394192517698229e+02,1.172562329979875813e+03
-2.843315334783700337e+02,1.846799621532153424e+03
2.830250926004518419e+02,8.020448402578658431e+01
3.927965898680112105e+02,1.185979010407162377e+03
-8.687097008755564502e+02,1.855661756823701580e+03
6.251686282831303743e+02,-1.185764240198510606e+03
4.618835752649358710e+02,-2.471117176583381081e+02
-1.307401903042143431e+03,-3.997445858852219089e+02
5.828057132762784249e+02,-1.498532926407177001e+03
6.840207754167774965e+02,8.472831182537066752e+02
5.700962866862267902e+02,-2.504978723578072959e+02
-3.308988468966400660e+02,-1.735832760160584769e+02
6.147390313396365400e+02,-1.167382597204835065e+03
-4.962109306486728428e+02,-1.034821817303295802e+03
6.817036858868314084e+02,1.474766123098781009e+03
-9.965999388330999409e+02,-1.659541309615162390e+03
3.175016171607292677e+02,-9.123100454451704309e+02
6.632546485995874264e+02,-7.052195661860436076e+02
4.276665900378065430e+02,-9.639500528617719510e+01
1.619039546658078734e+02,2.207846830438285224e+02
-2.638471798204368213e+01,-3.263860964178410029e+01
-9.360409063491159714e+02,-1.479378808721279938e+03
1.321981823485295763e+03,-8.732979466353285716e+02
3.332382757714989907e+02,4.082172666746536152e+02
-3.122270025731655778e+02,4.116934301259140057e+02
2.571058485314759423e+02,4.972506129887757993e+02
7.161296658777079926e+01,8.930522431178941360e+02
7.002511324985416650e+02,-1.586279053267475092e+03
-6.598039679418648120e+02,-4.446256494538661173e+02
-5.261629833306283217e+02,5.636165011039427952e+01
-6.674293697794730633e+02,-5.433998454451301541e+02
-4.186707819566672129e+02,1.235623938061681429e+03
6.665705686885282830e+02,-1.258310810925118233e+02
-3.599041268372833429e+02,9.243803403357942443e+02
-2.995329986261140220e+02,1.257142857142857565e+03
-4.747708255322345394e+02,-4.978937813222533748e+01
4.036732158151506837e+02,1.465832800565345678e+03
6.611015032995734373e+02,2.043126330657920846e+02
5.027671336268294340e+02,1.250325629171589981e+03
8.626887461444130167e+02,-5.410784942766042604e+02
9.111030713232480593e+02,-7.678865511167438740e+01
7.088121027861571974e+02,-6.535674592171046626e+00
-9.357033252169919706e+02,-1.322222580458347011e+03
-8.704200610745295990e+02,-3.757419563939503178e+02
7.864874489037769081e+02,1.506230079922772802e+03
-1.100297874969909117e+03,3.730878880371112132e+02
3.728416485834145533e+02,-1.076427968323937193e+03
-5.031104290879318910e+02,-5.914608937090158634e+02
8.671509286645800785e+02,-1.028389636746649103e+03
-8.314362942312280893e+02,-1.755362828473373611e+03
-7.880010036771075193e+02,1.548477923926192034e+03
-1.027792747833894282e+03,-6.390174197831137235e+02
1.878667908061004255e+02,2.950303307752193405e+02
7.680374385928884067e+02,-1.868393955514989557e+03
4.807415870431786971e+02,6.168683642783865935e+02
4.726313499962052447e+02,3.675597851680221311e+02
7.544846712213845876e+02,1.801111532750194783e+03
5.825087472483403417e+01,3.091769981395048603e+02
8.967524229692003246e+01,-1.480725324415479918e+02
9.717984919016195136e+02,8.731372492145222850e+02
9.408569281376954052e+01,1.474512100278193429e+03
3.595883823868153399e+02,7.265456372432871603e+02
7.123306220609642878e+02,1.698313027368546500e+03
2.753635392065559628e+01,9.986848304813204322e+02
-1.303712459969505346e+02,1.306234570650493424e+03
-8.941968135346967301e+02,-1.296691652845372346e+03
-7.182318993340993529e+02,7.600844354290160254e+02
-1.124514714006029180e+03,-2.440354169024469684e+02
1.199927804074339292e+03,8.042554045644173755e+01
1.977837649606004078e+01,4.415704899300100124e+02
-9.431567453285762213e+02,1.748282141609611017e+03
4.699242221486485960e+01,1.809459949920303188e+03
1.030415247969478287e+03,-7.284258546726096029e+02
1.120600659156411183e+02,7.703560569681567358e+02
-4.746616409078170022e+02,8.190940806458136194e+02
-8.331023336601266465e+02,-5.180346924238027668e+02
-7.424788263569312221e+02,-1.252263945624241614e+03
-1.609367711156717860e+03,-1.849375407543457186e+03
-5.471656837224762739e+02,9.550424611453763646e+02
2.277663775395772063e+02,-9.176406146186479873e+01
8.940194583243238640e+02,1.822491156104842958e+03
-5.048302046025841037e+02,-1.970677872582036230e+02
3.721481632216466551e+02,1.785066051107662588e+03
1.050755447941400689e+03,-3.505057374442361038e+02
7.736235167178259644e+02,1.078762165750360964e+03
5.496006685943513048e+02,-1.454483437489760718e+03
9.893137426750392649e+01,1.096475832882565129e+02
-4.622077490746503940e+02,1.558593965161827327e+03
-3.490275619986231277e+02,1.137141633500879152e+03
3.676071715158360007e+02,-1.686986117389929404e+03
-4.541160538665991453e+01,-4.346360376883802701e+02
-9.437780589804490319e+02,-1.609669056638568691e+03
4.943979069262147732e+02,-1.306114378095362326e+03
1.013334315800226477e+03,5.101605123154200783e+02
4.700314962063227426e+02,6.788008703975719982e+02
9.725803131736240630e+02,9.198439278553261147e+02
-1.038715564215501672e+03,1.331159497334281241e+03
-5.280382917210508822e+02,7.249482642286019427e+02
-8.935432746946279394e+02,-1.644509720552595809e+03
1.113809281994326739e+03,-9.226029868190380512e+02
8.163756942926747797e+02,3.003123865675698312e+02
8.242858656431817508e+02,1.213702984460510606e+03
6.846440814562157584e+02,-1.879696649120144457e+03
-4.372212485744047967e+02,-2.214207487873035873e+01
-2.992350584571117338e+02,5.295759107362471241e+02
3.812546412555621487e+02,-1.731027431256098680e+03
8.557974544733514222e+02,-3.724477511401888705e+02
-7.181325004195067550e+02,1.456858814734022644e+03
-1.086116995720729619e+03,5.347977390152022963e+02
5.551319187797852237e+02,-8.867998029149601962e+02
1.071688086478244770e+02,1.242343401283536423e+03
9.013233256361661461e+01,-5.046701993942022568e+02
3.511990198423173410e+02,1.262180422721115065e+03
-7.504447946353114958e+02,-6.745762778261561152e+02
1.898811456715155543e+02,2.459685889726513039e+02
1.056441869808212914e+03,-3.777698226873054637e+02
-8.485689078267766945e+02,-7.797910587336825756e+02
-9.960787061869334025e+01,1.388984312954930829e+03
9.432000423301088858e+02,-1.013596953194786465e+03
5.285470513698811601e+02,-1.495491358856320858e+03
-1.025882163201134745e+03,-5.165980220468778725e+02
1.041503232100376863e+03,6.764261911743607243e+02
-9.653401976681611814e+02,1.099198488055346161e+03
-5.424954792043481575e+02,1.863924050632885383e+03
5.077000378690266302e+02,-6.730967905465710146e+02
-9.387033187525962603e+02,-3.187099426258330368e+02
4.194159665459031885e+02,-1.199252062973383772e+03
1.367806022866012086e+02,1.736742990362927230e+02
-2.274471827543393943e+02,1.921900824662391869e+03
-7.566031391955034451e+02,6.362014544482093470e+02
7.288920333452775822e+02,2.371815334759024552e+02
1.232294374863875419e+03,-4.096632549689661005e+02
-3.531128538161275401e+02,1.512915750509337613e+03
-2.700033114732828494e+02,-7.761378397999010303e+01
1.192888283296408417e+03,-1.230976526228927469e+03
-1.322207784961873358e+03,-4.416151468143632997e+02
4.065162945560973071e+02,-1.558943002002535195e+03
-1.012959660544726148e+03,-9.807238367590705366e+02
3.607510956062786249e+02,-1.767348688738439478e+03
6.535221866333679372e+02,-2.264966537433009250e+02
-1.821336421354595529e+02,-5.293801977169650854e+02
2.721269943507037326e+01,-3.276499976111176693e+02
-8.122936967623591897e+01,1.702440572037711263e+03
4.592370645518254264e+02,8.298150558210380723e+02
1.099666595790714467e+02,5.418316773937184649e+01
7.003014693479275365e+02,-7.414154564068493301e+02
-1.184984418554932518e+03,-9.029654023574966004e+02
-2.434372539824209980e+02,-5.752082137097535224e+02
1.363435678564022702e+01,1.481524001836055504e+03
-1.786593934801950638e+02,3.985434841104702031e+01
-9.177285907935017804e+02,8.050645962016940302e+02
6.283129394481911731e+02,2.360198751799414083e+02
-2.138278119598877822e+02,4.432247301544566085e+02
-5.843904829783404011e+02,-6.908732659786152226e+02
2.463845823955588514e+02,-8.714176130534995082e+02
3.130653343605148962e+02,-5.596908661397287688e+02
6.327239842056761745e+02,-1.119142323152699646e+03
-5.738923733156992739e+02,1.309886315336288135e+03
1.842271630853535669e+02,-7.008886490185852836e+02
8.951959724173622135e+02,1.221862746049664281e+02
-1.996878926804265291e+02,1.006612433505033096e+03
-5.931497758228859993e+02,1.001317755477124479e+03
5.195173984003231453e+02,-2.648834170696165984e+02
-4.429303369684656673e+02,-1.364297584477185410e+02
6.449613237465611064e+02,1.886930690176682674e+03
4.450141682027923480e+02,5.197637708747298575e+02
-4.294662275492612480e+02,1.120725425175323608e+03
-1.715843073568178454e+02,1.456987121214610625e+03
-4.577218566884274082e+02,1.027401596445955192e+03
-5.892255784824369584e+02,-1.042394770980761450e+03
-1.107909535536312205e+03,1.276302161228626062e+02
-1.011983869567714464e+03,-1.343838779046961690e+03
-4.523874949503325524e+02,4.522440735867621129e+02
-8.708422481092652561e+02,1.684672914509523025e+03
9.975835145699177247e+02,-6.917894868378523654e+01
1.440381718802310047e+02,-2.969242220824063452e+02
-9.003281567557937706e+02,-1.692175024070417976e+03
4.323430907115396735e+02,1.694538106041263291e+03
-6.488479036308634704e+02,-1.343334242564356828e+03
-1.115591229146915794e+03,-1.667929254548588233e+03
4.211239528310882179e+02,-8.612479190214600067e+02
-9.605357563721753422e+02,-1.567430614336418330e+03
-8.460758319298026890e+02,-1.883191067558273915e+02
3.119829732716779063e+02,-3.233655970361439813e+01
-7.092120325347797234e+02,-6.276413263954224249e+02
7.752868007792236540e+02,-1.639348996076358389e+03
-1.238544474393638808e+02,-1.629964061096138494e+03
9.138188427433229322e+01,-4.092057384380177609e+02
-7.071275992221798106e+02,-1.607964960003548185e+03
-3.504305391055057726e+02,5.991851191489222401e+02
-7.821842080753561959e+02,-9.744495121233596819e+02
-1.296010805044392328e+03,-6.644961630308094982e+02
-5.685947781729031476e+02,-3.949032884890948480e+02
7.849419926781475851e+02,-3.240645288471833396e+02
4.564357169440532971e+02,-1.937905609989759114e+03
4.193781114271514525e+02,-1.302032222062003029e+03
-2.995699306185001092e+02,1.313521137153120662e+03
5.837671587638567416e+02,-1.942713035274147160e+03
1.560534636389742900e+03,9.387755102039169230e+01
1.066186773419904732e+01,-9.385798652670018782e+01
-1.061382550724661087e+03,-5.472523708566354799e+02
-3.878151300985221610e+02,-2.779071515259445846e+02
-5.417512892998522602e+02,9.734601541377742251e+02
-1.456303397602527241e+02,1.204721733683644516e+03
1.149094487942591513e+03,-8.243898290896263461e+02
7.721976547794700991e+02,-8.702814604868343622e+02
-9.099025547326464221e+02,-1.127717936450920888e+02
9.612938306558935437e+02,5.516264572467235894e+02
2.683048455043563649e+02,-9.661359585584604019e+02
1.751943337928675533e+02,-5.686435580538264958e+02
7.836684434746989609e+02,1.589130798464484542e+03
-9.619403780567258764e+02,-1.641013043560029928e+03
-4.217966915391449447e+02,-1.846167035980771800e+02
-4.168377292202899298e+02,6.818303349371993818e+02
5.299122620016256633e+02,-1.174345659391775143e+03
8.359681421345844683e+02,-1.672426317790213034e+03
1.007089202704515628e+03,-1.192001373714483407e+03
-2.819924084745632626e+02,1.496612113596399240e+03
4.869531768069610962e+02,-1.879393038198091062e+03
-1.566889605021721081e+03,-1.183731697073564874e+03
-1.295824121567130987e+03,-1.908127425584973935e+03
-9.965311802325707049e+02,-1.272963882658338662e+03
-5.767939240873484863e+01,3.416741373652611173e+02
3.807060146189359671e+02,-8.724662660697258616e+02
8.758341920641616980e+02,1.556910522998939541e+02
1.423164550458971860e+02,2.247141232049585824e+02
3.770012526180067880e+02,-1.881838598905123490e+03
3.850445290380577035e+02,1.251745016370489338e+03
-4.601153128729803825e+02,3.362230621991853923e+02
-7.485782093252329332e+02,-1.126765501971594176e+03
2.245386946677407707e+02,9.352287007608136946e+02
-3.859157640242855791e+02,1.272435664143835538e+03
3.883338633656686056e+02,-8.262418649165663282e+02
1.383719143913956714e+03,-2.196972437795165831e+02
5.992161752965358801e+02,2.651625560573161806e+02
7.613443102957891995e+01,1.794073334287298167e+03
-7.652673207731272669e+02,-4.922737764185777110e+02
4.400731922751569414e+02,1.079042844872585420e+03
2.316788695971808920e+02,-6.178384101150876404e+02
9.031899252198424222e+01,1.055986175057578521e+03
-5.371784202420723204e+02,2.780891732625649979e+02
-1.009952464805776117e+03,-9.292304041710358433e+02
-4.547394758925849487e+02,-3.403353519521263024e+02
-2.715639860921005493e+02,-6.256281603430007863e+02
6.259636286192785519e+02,-1.534451872039867339e+03
5.791099327989578569e+02,-1.735654658945286883e+03
-9.214500399666283101e+02,-1.779013063515963722e+03
1.043081233908667855e+03,7.153979810691339480e+02
-4.285432385765497543e+02,6.565683075395619426e+02
-1.037057541843538729e+03,7.989121494457760946e+02
-6.376024365238534131e+01,1.393252637409169665e+03
-8.781066092349659868e+01,2.521389939085326546e+02
8.794018185735195630e+02,-1.257553899321161452e+03
-9.200329359129443674e+02,-1.179869647889332327e+03
4.391355185311243190e+02,5.883489647642895761e+02
4.750202602851979350e+02,-1.094623059965963421e+03
8.056644248888578659e+02,-3.569082793879537263e+01
-9.765046945762907171e+02,1.871980753414766241e+03
5.506496924533561241e+02,-1.902685556905210206e+03
-8.905864897052155129e+02,-1.780732214494212712e+03
7.353801679996345229e+02,1.869759779808696749e+03
-1.576284565120540265e+03,2.629024580977110759e+02
-1.018736840360363885e+03,-1.240191326329433195e+03
3.814396454411410673e+02,1.419897165336893067e+03
3.845939217389396276e+02,1.368580976767006632e+03
3.641183074936853927e+02,4.558775626604147391e+01
7.563711414111679687e+02,3.151283296757177368e+02
4.707219198654631782e+02,-7.900307445543734275e+02
7.023618020077187794e+02,-1.643575002949065265e+03
2.737045287449291209e+02,2.621055062267089397e+02
-6.815280955719274516e+02,-7.030680202347041359e+02
1.160693255389006708e+03,5.024557083628820919e+02
5.911262024140618223e+02,1.196355372931664988e+03
6.966150195971445100e+02,-1.784762233816569506e+03
1.111199951108520736e+03,2.594146691124178687e+02
-8.631863203119394257e+02,-8.941281734731592223e+02
9.144840738168255712e+02,1.343790955802045346e+03
2.904750398689316171e+02,-8.245493577363951090e+02
-2.355787130491222570e+01,3.123535107322490489e+02
-1.088217204998806437e+03,9.762294518189946757e+01
7.888268301823766251e+02,-3.911043478690106099e+02
-4.285593747636300463e+02,1.360080839399249442e+02
7.018257332018135912e+02,8.523451820783623134e+02
-2.779668042008863154e+02,1.803316872885929115e+03
-4.698924937332082550e+02,-3.102879899524282337e+02
-4.596541677151502654e+02,-1.863320049097987052e+01
3.646952268515511832e+02,-1.830316942936995474e+03
2.217051613205001104e+02,1.036003697470032876e+03
-2.000467079276843094e+02,1.399626336578525979e+03
2.688242207479305534e+01,-3.738097752290654512e+02
3.855449725217040395e+02,5.574621250880873049e+02
-3.724829336761887930e+02,-1.149139111017961568e+03
-2.590936337758565742e+02,1.740697320882951999e+03
8.888858718549845435e+02,-1.069887647728786987e+03
2.415130874483253365e+02,-1.024832560349196683e+03
-3.738484529625296204e+02,1.304096641132724471e+03
-5.330539484643485260e+00,1.506849773671400726e+03
-6.867830021486213354e+02,-9.670856687385505666e+02
-1.819346096858601527e+02,-1.318226509188158673e+02
-9.754066662216791528e+00,7.311350772713374226e+02
-3.590132770670365403e+02,1.387109503005506667e+03
5.718375198807714241e+02,-4.186864648595744143e+02
1.004574255734920030e+03,-8.258106501483959860e+00
9.926353192101430523e+02,7.835984994560229779e+02
4.672636286598329320e+02,7.423128759497307101e+02
7.376593378384785638e+02,9.715648478154444092e+02
-8.754363478834870875e+02,1.457867026140267797e+02
-1.595992900797280981e+03,-1.505002094873101441e+03
5.738748584275381290e+02,1.446563668759805068e+03
-9.892259669952499053e+02,1.333091174647547405e+03
-3.759864085849413300e+02,1.041189508182448208e+03
-9.015861189067787791e+02,-1.343733762130864989e+03
5.232796524967922096e+02,-9.917747627644691875e+02
-1.209191053553614204e+01,8.000000000000000000e+02
5.305185403339647792e+02,-1.776270691309264294e+03
7.919622617243533114e+02,1.787002100148456520e+03
-6.897092776518309165e+02,-4.045985210320347392e+02
-3.090462274069645332e+02,7.115418118573213633e+02
3.588534154438077621e+02,1.393353048388510842e+03
-1.734316946275683335e+02,-3.902523298313811893e+02
5.654983941198196362e+02,-6.170324253784258417e+02
1.077429682935193341e+03,2.971297350581011187e+02
-9.070045162893205770e+02,2.004598796128671552e+02
-2.112691556006697056e+02,-3.557717451821472991e+02
-1.133828811214795849e+02,2.672261326852289471e+02
-7.748458316095649252e+02,1.604541657975027874e+03
1.141978103337819221e+03,-1.857142857142855235e+02
1.191118271243555682e+03,-1.007450945699941713e+03
-5.617291877622105858e+02,-4.259426227678369514e+02
-6.944157893825536121e+02,-1.118942612488231134e+03
-4.302775090376583194e+02,5.493782153112269953e+02
1.453636476345366191e+02,-5.357278080061332730e+02
7.996450221537486414e+02,1.662376429246410225e+03
1.266894171055046399e+03,-8.609009095871587078e+02
7.448207948661706723e+02,-1.389400699042465021e+03
-3.703113162166084749e+02,8.408748701385333106e+02
5.577171061841808068e+02,1.347754920171490767e+03
-9.508046120186687631e+02,-9.796543426230264231e+02
-4.296156206160944180e+02,-1.026965722815830304e+03
1.076882994975321708e+03,6.761117923019404508e+00
-8.974912897520546267e+02,-1.873678562062873993e+02
8.779264990096148722e+02,-8.260212939757376489e+02
-9.241021901430348180e+02,-1.654965287626854888e+03
1.428571428571408397e+01,-1.246200337448198923e+02
3.756862440835939765e+01,1.700259431409244826e+03
-7.277407555173272158e+02,4.432018116259416161e+02
-1.115248572022156395e+03,-9.351519238789722976e+01
-8.489842569258564708e+02,-8.336738220902968806e+02
-6.331521868142110634e+02,-6.893686006631833152e+02
-8.122474513344684510e+02,9.009356994163044874e+02
4.867563400209670021e+02,1.357926135779762262e+03
1.243738977072282296e+03,1.506021667926393548e+03
8.908822921289782926e+02,1.792360029917916563e+03
-3.752455214548433560e+00,1.717694988662822198e+03
-1.030989502794591317e+03,-1.527534301951450061e+03
7.741411636302408397e+02,-1.202501742520041716e+03
1.110695150343953514e+02,-6.702620008989748612e+02
1.076751258333384158e+03,8.745890690660149858e+01
8.427046599799022033e+02,-1.391791060695238912e+03
3.054835526161493249e+02,1.228571428571428669e+03
2.432509925800027588e+02,3.226438850641577574e+02
9.796603899703545721e+02,6.350930772743522823e+01
8.044621814959166386e+02,-1.097702741179563873e+03
1.281833822166892389e+02,-8.334599501670784321e+02
6.562439166655797180e+02,-1.146094709678151503e+03
-3.406868454600265750e+02,1.254429355842766199e+03
1.150157311754984448e+03,2.107531671407080012e+02
-1.545695431069746292e+03,9.973393772523016878e+02
3.008802820463549779e+02,-6.712202069577537031e+02
-8.472034257440619740e+02,-4.744274269414075889e+02
6.998291123817698178e+01,-3.395993334661743006e+02
8.053699255414090885e+01,8.581676487185563929e+02
-1.711891651871358944e+00,9.635556619071841169e+02
-9.085851454909776521e+02,-9.640947544568267631e+02
7.807640088082284819e+02,1.628327502005853603e+03
-6.220078974993591601e+02,-1.256696378901143817e+03
-6.231621561752076559e+02,-1.350891554782088861e+03
5.396532740428447141e+02,-7.844167263232519645e+02
5.165535776216343038e+02,1.224917819200194117e+03
-1.003949695646583223e+03,-1.055573222878532761e+03
-7.144778061655990768e+02,-3.444147659709447566e+02
1.396544781517757656e+03,-2.626087108555231566e+02
-2.558914366581254853e+02,-8.504136954507406472e+02
1.042991709539152453e+03,6.388091323028529587e+02
-9.990357727116755768e+02,1.265029800255864529e+03
-3.089071345875455563e+02,1.367529162931308065e+03
9.828173144539513828e+01,-5.356991849280724409e+02
2.466588907133842099e+02,1.905725831757040822e+01
-1.007279406425501747e+03,-8.143453642789313562e+02
-6.552531777108480355e+02,-8.613314668537362877e+02
-9.772710136900104771e+01,1.635707600293065070e+03
4.533411840282253706e+02,1.377469215762116619e+03
1.294945044429553263e+03,-2.065602992312684805e+01
8.058755212378896431e+02,-9.351529475922656331e+01
-1.020131643945524473e+02,2.782756204899377650e+01
6.157802952488245865e+02,7.201956122090800250e+01
9.832127391355820691e+02,-2.780143324894311263e+02
-5.882580121030679265e+02,-1.226779416302321579e+03
7.039527720163501954e+02,-1.225661257870207692e+03
-7.839730050058808501e+02,1.677699963382602846e+03
3.131392961111666295e+02,-1.273516989320938819e+02
3.096395689655180377e+02,1.689522593023695435e+03
-4.447305418142335043e+02,-1.117620216578697637e+03
-3.088469311217973541e+02,9.093241824032573106e+01
-5.519942535019536081e+02,-9.685133770911081683e+02
-7.357386640664215349e+01,-1.090102389078506576e+03
6.394708755715048483e+02,-1.734288234932102114e+03
8.069164036944666805e+02,-1.258124967274694882e+03
5.846375079577427414e+02,1.515267814549491504e+03
-2.678563141316877818e+02,-5.939086018887031742e+02
5.740521479357121279e+02,2.910973631067292899e+02
3.464094201434623415e+02,-3.623126020408885779e+02
9.571428571428572241e+02,2.857142857142857295e+01
7.235372283990102460e+02,-1.019185617927622161e+03
-8.962148035846759058e+02,1.851549857551976629e+03
-3.581605002973607270e+02,1.107482565338912764e+03
9.538441463683617485e+02,7.788197998617883968e+02
-6.629574842484543069e+02,-1.786927405946116210e+02
-8.724449726143845965e+02,-1.146991839245111578e+03
-9.302536880613038193e+02,1.525578720746205363e+03
1.240815209085884817e+03,-5.321057568289337496e+02
5.939265263527508978e+02,-1.649690244693607383e+03
-7.837938320605595663e+02,-5.276752293238463380e+02
-5.604393911875715730e+02,1.044790787030169213e+03
-1.108600394326202149e+03,3.281119032703965672e+02
-3.026117694157944626e+01,8.330053681205100702e+02
5.327081595748159089e+02,1.007486839564100137e+03
-8.785141330889258597e+02,-9.633077049753733263e+02
-1.044338762596753440e+03,1.526263782984983663e+03
2.796473375194632922e+02,-2.640514742943389592e+02
1.163076044405413541e+03,3.820325804082399372e+02
6.566989827778445488e+02,-1.931217814573163878e+03
9.040813694708094772e+02,1.861883352029247817e+03
1.212790199923919772e+03,-7.061285820083061253e+02
-1.216406612138629953e+03,-1.554594411083961859e+03
6.148923906525872098e+02,-2.091069897276759662e+02
4.618786355515368314e+02,-1.215174877572518881e+03
-2.329853968426738788e+02,3.719251287300977538e+02
-1.088300181212645612e+03,-3.977945577347435346e+02
-2.868287035237797227e+02,1.537039004958129681e+03
-4.147413473885675899e+02,7.144378794592216764e+02
-2.837209293731756361e+02,-1.852247936483414605e+02
1.156976719206371854e+03,4.582886463767677014e+02
1.060136921548366217e+03,2.512302143738663460e+02
-3.937979889536391624e+02,-1.640969590019109035e+02
3.562690412232622634e+02,1.663787125456916101e+03
-6.835567333292345893e+02,-5.261750076416094544e+02
1.519271621053986507e+02,-1.079665644021849857e+03
1.149919820384397440e+02,5.663445504904253767e+02
3.303439584796917643e+02,1.238816174600503928e+03
6.461902112813558006e+02,-1.683628014005545992e+03
1.240259710068451795e+03,-2.435894488470190993e+02
-6.348889378430840225e+02,1.416779538901670094e+03
-7.722809478278048800e+02,8.275554350859275701e+02
-9.364497941219809718e+02,1.847573436250195300e+03
-1.552361576061402729e+03,6.277910057143365066e+02
-1.118249418630254013e+03,-6.436849062656973501e+02
4.935250294057482279e+02,1.649573693423845043e+03
-7.984283276887971397e+02,-4.571428571428573946e+02
1.136550123393148169e+03,8.069714840638052920e+02
-1.004060779104590665e+03,-3.412035006652542961e+02
1.110863826196038872e+03,1.372247998618628912e+02
-7.121577235720866383e+01,6.777701860754660856e+02
-7.701565703993635452e+02,-2.594454904157633734e+01
5.067692423049302874e+02,4.488619299933999400e+02
-8.560339600671018161e+02,-3.400471328194898888e+02
7.787568674648119895e+02,-1.236335944098228993e+03
-1.075036458473784251e+03,4.917621169887874544e+02
1.056511917191483008e+03,4.671654837017948125e+02
5.842506803954255474e+02,4.795004368161975208e+02
-6.899484762106205835e+02,-1.782326162599076270e+03
5.457787741926417766e+02,-5.730222760975110532e+02
-9.114420772173623391e+02,-9.979128741193482028e+02
-2.382476755414795662e+02,9.452203969427456514e+02
3.851240135620165574e+02,1.293450321791838405e+03
7.150711641627545987e+02,-8.090594912869225936e+02
-6.679248233260972256e+02,5.102521017641513481e+02
6.579414088258712354e+02,-1.234317310084141354e+03
-4.980331089879878732e+02,-7.517162088187687914e+02
1.506370656370626193e+03,-1.523276337562056597e+03
3.301101958725610075e+02,-7.284607150820939978e+02
4.972343792147671024e+02,5.071109346870144918e+02
7.191883685184421893e+02,1.496544257410959517e+03
-7.407052276468119771e+02,-1.036228670254217832e+03
9.122223032356649810e+02,5.423486871941999965e+01
-4.361098574101011422e+02,6.210045354017642012e+02
-4.242071438403103798e+02,2.855423599917409661e+02
9.393865342828138409e+02,-8.287227480395371231e+02
5.045309771248737434e+02,3.367402694921740363e+02
-8.116526091153103835e+02,-5.959961689532138962e+02
-2.416121707886288448e+02,1.798145844493009463e+03
-3.362690641866283840e+02,-3.732599095579284949e+02
-1.071947421997677452e+02,5.710845007235211597e+02
5.654424255270503181e+02,-1.762024683792278893e+03
-9.566849199352682831e+01,-3.585189135162859770e+02
-6.654957125450380317e+01,1.333283110718153921e+03
-3.550953608426592041e+02,2.899585912508010210e+02
6.210605269120098910e+02,-2.739089178887742264e+02
5.347191049480106813e+02,1.253928145361965107e+03
2.057819523103242147e+02,-5.949411934463804528e+02
-3.262706775143182654e+02,7.155046394569484391e+01
2.389380400043287693e+02,-1.118502083228082000e+02
-6.493219425516144838e+02,-5.634260245130351450e+02
-9.291910833047086271e+02,-8.364449824299715601e+02
5.742944609233120445e+01,1.501865487192335650e+03
-8.733637027836575726e+02,1.556506070879709569e+03
6.595033273620362024e+02,1.217839038829508354e+03
4.279736930325948947e+02,1.786964020987890081e+03
6.739092903167164650e+02,7.930558017978017915e+02
-9.813486835334982743e+02,8.812347722620838795e+02
-3.980262178888379481e+02,-1.355613504748642413e+02
-1.998525125857928231e+02,-2.166417077891279916e+02
-6.161512853955599667e+02,-8.404295091819295749e+02
-4.442834172633835692e+02,4.021343630983925550e+02
-1.091417143662437411e+03,-6.768078667467552805e+02
2.167766781480813734e+02,-8.136861956532487739e+02
5.175133454819405010e+00,1.953232067249623753e+02
2.142857142857155281e+02,-3.954081632653062002e+02
4.792188139981655581e+02,-9.489520598028340146e+02
2.010241280894624651e+02,1.139106847417406243e+03
3.435381822409551660e+02,1.302069114770270744e+03
-4.997078267448507063e+02,-1.095347356783820260e+03
6.243893211792490661e+01,-1.906483203532357265e+03
9.568803184537745210e+02,-5.584295988106666755e+02
-6.186742713790632706e+02,1.032231052197294730e+03
4.599512893400836333e+02,1.209937777554432614e+03
1.066960679419420558e+03,-1.202601853629445031e+03
7.608019740330105378e+02,-1.303494896187039785e+03
3.157629332146302090e+02,-4.286110737309694514e+02
8.387576186895549881e+02,1.924799305977120412e+03
-1.199467248578650242e+03,-1.015127941941042877e+03
-4.152039529813953891e+02,-1.156901067260389709e+03
1.060178213815453773e+03,-3.217990617325682479e+02
-2.294222322669434959e+02,3.287241412362025699e+02
5.133962120328038736e+02,1.579739531320617743e+03
-7.203717024071819708e+01,1.790398961264397940e+03
-8.130820447681697942e+02,-1.547587742833535913e+03
9.306569431646989869e+02,-1.166118443941011492e+03
-8.858917363199519741e+02,9.854067759390736683e+02
-1.607837148024138969e+03,-8.402163046729099278e+02
5.591266672884351010e+02,1.382896423925118370e+03
1.090235794712581537e+03,4.669735495538154737e+02
3.553682828550222439e+02,-1.303203628982994587e+03
4.252958484814878943e+02,1.166553503502872445e+03
-5.224611720052319015e+02,-1.072906010049133783e+03
-1.154531260086956536e+03,-3.004851274602767148e+02
8.743630874744741277e+02,8.929528977569459869e+01
3.746480877162250067e+02,6.037328176251573950e+02
-6.124843637674579213e+02,4.198872707288448964e+02
-8.363736553445314712e+02,1.870310804101909071e+03
6.657690418496957818e+02,1.943359643658777713e+03
5.983987004336131577e+02,9.599972658484391630e+00
9.015272564154125803e+02,-1.392280643453118046e+03
4.139368352374857523e+02,7.420967666349940828e+02
-8.040126233470590478e+01,1.762168412534202162e+03
1.996429792962625811e+02,-6.204835252172352966e+02
-2.334306192716817634e+02,-1.804932714009435131e+02
-4.872144485602248665e+02,-2.999999999999998295e+02
1.187956438180630585e+03,-1.589269698910954958e+03
-5.639741281040924150e+02,5.054627831654727288e+02
4.133077560873744005e+02,-4.944248977524889028e+02
-4.859559608948755454e+02,9.893653562543806856e+02
2.718042122196055175e+02,1.175784883888115928e+03
-9.858622471963246880e+02,1.136201942200702433e+03
8.262958293391908455e+02,-3.284560223221283195e+02
9.874541006925771853e+02,8.171848416096565870e+02
-4.115865231384581193e+02,1.064068829987500294e+03
1.301684381424134017e+03,-9.906303954169410986e+01
-2.908268525863674085e+02,1.401466360746523151e+03
-8.254372324447193421e+01,1.363313365117185185e+03
-6.195133771238519103e+02,-1.385318299379177461e+03
-5.893540673320873111e+02,-1.131002536092734999e+03
-8.285098162629856233e+02,7.964247619668633149e+01
6.537041854030434251e+02,-1.573895961200157444e+03
3.554524832924719249e+02,-1.644255935044586977e+03
6.235561352121433174e+02,-1.939119752410979572e+03
-6.389943758220040309e+02,-2.952861721958752810e+02
-4.782508194283275316e+02,9.359865806158029500e+02
-1.164796447841516738e+03,-1.696902501642726747e+03
-1.047679430368388239e+03,4.443103742692975402e+02
-9.304503187866889391e+01,1.121442948765801702e+03
-3.982911400560259381e+02,-1.115338939260484267e+03
1.144206014102401014e+03,-1.184175684697898305e+03
4.288030054927893389e+02,1.277914148884987526e+03
-1.037368654495383453e+03,3.633763179217705641e+01
-5.071450574158872371e+01,1.114531646055135752e+03
4.955416371705971414e+02,-1.416293606713932149e+03
-3.248758396843129503e+02,-3.946458379969274120e+02
3.550525572396992402e+02,7.730326048457121715e+02
-2.458690895649655204e+02,-8.131155936816425083e+02
9.543343133374086165e+02,8.190330323326907092e+02
-1.005720673774430111e+03,-6.500418631508101619e+00
-3.949381560175453387e+02,8.177592751806389515e+02
-7.010565341495471330e+02,-1.710015442152472076e+02
1.033709526923157114e+02,-4.661165582289020222e+02
6.037145767734468791e+02,-9.522536458581896568e+02
-2.873095609786076920e+02,-9.776943377129732653e+02
2.359326137936895975e+02,8.543615442346809914e+02
-9.139110525547232555e+02,-1.458351199786195366e+03
-5.696380374032669351e+02,-1.092183259893582999e+03
-9.471878064692263024e+02,-1.063950090121235917e+03
-1.096601267972163640e+02,1.149646968699776835e+03
-8.884854743858205666e+02,-3.594676313923130806e+02
-8.019127361060402563e+02,1.846636572507394931e+03
4.936416428137485468e+02,-1.191870919744093271e+03
-1.679065723312847638e+02,4.459604644155656956e+02
6.879906052454153951e+02,-2.470918738715566008e+02
-1.143024597031277381e+03,-4.119610211037482372e+02
-1.539835596493700223e+03,1.808492201325268525e+03
6.075584345977762268e+02,1.330573198836929123e+03
1.214842891636154491e+03,-1.029703568466015440e+03
1.290672028261162495e+03,-9.567549635166080861e+02
-1.087913540057814316e+03,4.492819607075566637e+02
-1.147130552028361308e+03,-7.276609769829436800e+02
9.440049008668589750e+02,7.441989634521146399e+02
-8.517758662038251032e+02,1.119266179461155701e+02
1.471514380735714269e+02,7.963066568936118017e+01
3.665162632596771459e+02,1.138296187609449817e+03
1.141622397330974536e+03,7.000696819309573584e+02
4.905609079031320334e+02,-1.739047753979941945e+03
-7.655146858270198891e+02,-1.661284245350466563e+03
-1.333545626005185909e+02,2.615596382826778381e+02
4.201551491098537667e+02,-1.077052842499536496e+02
1.038455818419835623e+03,-7.969956323160232614e+02
-8.755310138397456967e+02,-3.192057762736114910e+02
3.596709676628847774e+02,8.742095963832579173e+02
-3.512395328245148107e+02,1.165401361396435959e+03
8.561046822917300005e+02,1.107471411885524901e+02
6.734802813357000559e+02,-4.182320904310314518e+02
1.058895606294644949e+03,-3.902519030858440985e+00
4.165142325091323983e+02,-5.749802025768972271e+02
7.078990886871444843e+01,1.177896574815650155e+02
-4.017733658112042008e+02,5.213802828271323051e+02
-9.077282921127607551e+02,-1.570124657726066744e+03
5.253309677465057348e+02,-1.941356117529951689e+03
-6.053523901511011900e+02,-9.493173602121725025e+02
4.919286889446141231e+02,1.407609264462188776e+03
2.449117846900037421e+02,3.997734480317677139e+02
-4.756444210399085932e+02,-1.063899252885484202e+03
3.253830083125625094e+01,1.399985595435704681e+03
2.560507424484618468e+02,-1.717659366778239871e+02
-6.965645785882931023e+02,-1.304065080852500103e+02
-2.694501544060516949e+02,1.597693192848780882e+03
-1.026891433760865084e+03,-1.595571682498971313e+03
1.079298784938710469e+03,-9.656687516966585463e+02
-1.270827832300034714e+02,2.104118172180173190e+02
5.507279382520137005e+02,-1.013724304440186529e+03
1.110679207901483096e+03,5.316859398884791972e+02
5.663402473060667717e+02,-9.466755500643574806e+02
8.639839668061691782e+02,-1.363390763481325621e+03
1.037516795373583363e+03,-3.150629549062133492e+02
-6.302507525650970592e+02,-1.062079308781690543e+03
-1.055945315293923386e+03,-1.186291461938109251e+03
1.859738858966620398e+02,1.282919060768653935e+03
-9.302886323503827271e+02,-5.534116472559702515e+02
-1.335214055670800917e+03,-4.853290746742895863e+02
-1.075736942108057747e+03,-1.605401178428067851e+03
-5.438961188692112501e+02,-4.778229277166464612e+02
6.050068983981224164e+02,-7.967434893246203274e+02
-1.530669633198909594e+02,3.368951056631877918e+02
1.001718962899547023e+03,-9.711102547544552408e+02
6.951385491675840740e+02,1.385953595777654527e+03
5.459226781730844777e+02,1.556299884320573710e+03
-9.540472756573495872e+02,-1.346323883253545546e+03
1.090563833294090955e+03,-1.313413070137339673e+03
6.932659400581055706e+02,-1.300395744959039575e+03
-3.779772045926065971e+02,3.368875511063558292e+02
-7.974623103083392550e+01,1.255912036589150148e+03
5.463333567700021121e+01,8.215434552430838266e+02
2.565227068686230609e+02,1.131426885354192564e+03
8.759989144723721211e+02,1.027398796253505431e+01
-1.417619814574998998e+02,1.922399779501979310e+03
-1.168403563651397235e+03,-1.652229499474944532e+03
7.502216162904638850e+02,-3.703900850226103785e+02
-9.877791843282684567e+02,-5.895768302590688563e+02
-9.306396360636390455e+02,1.646155579017362697e+03
-1.135835865434650259e+03,1.686325511622186468e+02
2.167086823480381099e+02,1.069681176548019948e+03
-1.160446625339238153e+03,-1.101232845098154939e+03
4.706172974660676687e+02,1.767266606933418416e+03
7.442089117245586749e+02,-9.508665192368215457e+01
1.002013064153372000e+02,-9.199952968817351007e+01
2.179534056343978321e+01,1.762393363926200436e+03
1.270928897888440133e+03,-4.251696607354465414e+02
1.357584017371259961e+03,-3.581036239092869664e+02
-9.327303024743079050e+02,2.439485152702279436e+02
-6.025542544262076490e+02,-6.063806767348424955e+02
-7.880288663450659215e+02,-1.017116480720622121e+03
3.989763636463976582e+02,-1.320088388660363989e+03
-3.227563495917475507e+02,1.322531822660685293e+03
-3.948376980888393746e+02,2.324234757018688811e+02
5.354000188195516330e+02,-4.870439725034628964e+02
-5.929648176758100817e+02,-3.330680486673161909e+02
-2.910788872045330322e+02,-2.748052659072458823e+02
1.259697505033198013e+02,3.710319048039187919e+02
4.613395699172595528e+02,1.592607912317683486e+03
9.172092160914124861e+02,-4.167904343110222953e+02
-7.644888144543557473e+02,-5.749890785799420883e+02
-5.362570039129817587e+02,-2.163505552915402177e+02
1.627286061259557925e+02,1.499016039599638361e+02
7.597394208221756173e+01,-1.936165932552699473e+02
4.579143143127761846e+02,4.626522768356332449e+02
-3.528450309203742563e+02,1.088636983245115601e+02
-7.339075045892607250e+02,-5.963971793979427503e+02
1.395577082579391345e+03,-4.977754694846711345e+02
9.831937184929863349e+01,-4.360494286483884707e+02
5.741113957810633792e+02,-1.375564569387527399e+03
1.251262585036077098e+03,-1.124486282838862508e+03
-2.479610401927274665e+02,6.932000934113156063e+02
-3.055112283311585202e+02,-4.247947696744295172e+02
-5.690059571116403276e+02,1.424191491829735412e+02
9.818869574245090917e+02,8.446192096368504281e+02
-4.464430988402698972e+02,-8.395336562839079306e+02
-2.348617232167039788e+02,1.143321491865481676e+03
-7.813986758872395058e+02,1.571158744701979913e+03
-2.093829803256324738e+02,2.602673809403066230e+02
-1.438951985882044085e+02,5.051064243297263943e+02
-7.765551091996702553e+02,-1.634724726106699791e+03
-8.095323791275837948e+02,1.645038434420157273e+03
1.344985285104514560e+03,-3.920150080305620008e+02
2.255593209002918513e+02,1.865329741625422457e+02
7.288866122421549107e+02,-1.894607849459347108e+03
-1.127776400208868154e+03,-1.686258652061404064e+03
-5.469199421218838779e+02,5.771965370995860667e+02
4.324327924780675403e+02,-1.745196190981927430e+03
-7.657315158319612181e+01,7.952651592034738997e+02
-1.758659654912719361e+02,1.258575150141725089e+03
-4.622382054418535517e+02,-8.549919398339187637e+01
-1.850642526472396696e+02,-1.866042830067016212e+02
7.542917534497653378e+02,1.022083958059137672e+03
-2.448004998704913078e+02,1.362431823278333468e+03
3.152273187583972458e+02,-4.832969413228533995e+02
1.174827640693540161e+03,-8.034114211962998979e+02
8.330342146987106844e+02,-1.130972922965726411e+03
-3.476237701169373508e+02,9.553365422480339930e+02
-4.246343111322732398e+02,-8.127108596449903644e+01
5.594633787617913185e+02,1.266838891077408675e+02
7.758910920112295173e+01,1.759984917223042657e+03
8.135892070886931151e+02,1.715534748424683585e+03
-2.976584317273213856e+02,1.277076607019153016e+03
9.909787195210388973e+02,-1.041129096027547121e+03
1.375842295530572699e+02,2.483729003895120968e+02
-7.192069363434054594e+02,1.320290012366578139e+03
9.787370220624598005e+02,-4.430996093249642627e+02
7.816643784729353683e+02,-1.342666897185211837e+03
-7.214680076636188915e+02,1.137792455426811784e+03
8.650672365036849953e+01,-1.227212464822628135e+02
1.904856262959928870e+02,1.256671913569127668e+02
8.482582607739894911e+02,1.804242367146911647e+03
1.413551261215218346e+02,2.840714828698541510e+02
-3.874362635008842517e+02,-3.019667321733475092e+02
1.328472883256745718e+03,-4.771754889257774153e+02
1.293505867387325907e+03,-3.347929763420834774e+02
4.337369505258303093e+02,-1.263025507421001976e+03
-4.097661287307175826e+02,1.035807368261533156e+03
-2.803574851653173141e+02,1.207737197341811907e+03
6.249864538781309875e+02,-7.390574790721157115e+02
-6.178971680501298351e+02,-6.590725064160584452e+02
-5.232256226551314739e+02,1.308877587701467519e+03
1.319076358688553000e+03,-1.863900031629626710e+03
2.777107193053881815e+02,-5.041921504364869300e+00
1.352326319178624999e+03,-1.968934236306068897e+02
4.903895952490346986e+02,5.647361996137342430e+02
-4.784195841540574179e+02,-1.111778835480699627e+03
-4.303448612144911181e+02,4.921159726513261035e+02
-8.267339374463931563e+02,-4.212154069536434804e+02
-5.735065641553242131e+02,3.468772310456639048e+02
5.702263262607536944e+02,-1.684163873400323155e+03
1.110865244282206731e+03,4.530762267525493492e+00
6.657758808493964580e+02,-9.736622700697920436e+02
-8.932633189932558935e+02,-1.192058398183631880e+03
-1.053629091919321581e+03,-1.032068842634442944e+03
2.159098028121897244e+02,-5.439868768582024359e+02
7.924304055204593169e+02,-1.386808268603647321e+03
4.657507455803998937e+02,1.670089652625976669e+03
3.059628853148382177e+02,-3.497185868087569816e+02
-9.384448135462264418e+00,1.098682273737998912e+03
5.024227695382843990e+02,1.764517690516066750e+03
-1.041283376841091012e+03,-1.477575813137959585e+03
1.080445004312620767e+03,4.190915227327293451e+02
9.923223990709188058e+01,1.336254148752877427e+03
7.865079256276192154e+02,3.842484001774023454e+02
1.031440870158452526e+03,-2.945226652419624429e+02
-6.077658516408707783e+02,-2.986602493130750418e+02
-8.646372409794881833e+02,-1.707690752292699699e+03
-3.155875074371333540e+02,2.022606700140475766e+01
-9.277851271489977307e+02,1.884508379965008771e+03
-8.161685969161633238e+02,1.708353255166621693e+03
7.282076084268677505e+02,-1.679554098097349197e+03
1.656421028195337328e+02,6.385141973853145601e+02
1.289283757125225293e+03,-7.091837775660592342e+02
9.024943575287077024e+00,1.451014860424718336e+03
-1.294319770218357348e+02,1.621907279624057537e+03
-6.684552108951833134e+02,-1.272445957288937279e+03
-8.810861506389558144e+02,-1.594214400033231414e+03
-3.901475703556798180e+01,1.182050190521101740e+03
7.229848651657229084e+02,-1.150602269417930302e+03
-2.881977057950317089e+02,4.658247880800477958e+01
-4.236689445629988171e+01,1.523898067379241184e+03
-3.053735739081154321e+01,1.204884458394141404e+02
1.239300113402985744e+03,-3.713376782793856705e+02
1.311473780684676967e+03,-2.510462900813036811e+02
-9.102525272701558379e+02,-1.587169278057842803e+03
5.845938624898244598e+02,1.717274092944457607e+03
6.716964547316824792e+02,-6.348032867654583242e+02
-6.622018479639166344e+02,-1.038121130637474380e+03
-8.923159448703507906e+02,-7.142271500714759895e+02
-8.558550850050494319e+02,1.733698335992604825e+03
4.663326298249278352e+02,-1.396175200032678049e+03
8.779027543584895454e+01,1.313901786954137606e+03
-6.478548234015719345e+02,6.485076151780240252e+02
-7.972864017283385465e+02,1.240752543001915683e+03
-7.787335129972830146e+02,1.807897152796255114e+03
3.000348931848029679e+02,1.211246180526498620e+03
-2.445832888904452318e+01,1.623032955474627443e+03
1.067923788298957533e+02,1.006032269677408408e+03
6.763009876388882446e+01,7.844883363502707141e+01
-1.065468358283555290e+03,7.113395172245589038e+01
-3.429585888424386440e+02,1.444628534583257306e+03
-4.013198917899751450e+02,6.428478216332060811e+02
8.692166783435150137e+02,-1.309812472072223954e+02
-2.518839985890975584e+02,-2.071499027657793590e+02
1.007371932016875803e+03,-4.156669993156194209e+02
-7.366980199936466533e+02,-4.787267143670155747e+02
-9.937697215394971408e+02,-1.433131689385515983e+03
-8.044297523359159641e+02,-1.495967889839576628e+03
-1.626990358114044739e+03,1.404827670753567418e+03
-6.452539106085021103e+02,-2.315529422467822940e+02
-1.018838314994368602e+03,1.589238378375519233e+03
3.226560388208570771e+02,2.952257887999252262e+02
-1.079349904520864129e+03,-1.713323673565344052e+03
-8.817010989986134746e+02,-1.115698053077733221e+03
1.206794778270127381e+03,-9.811664831942849787e+02
-9.531834605818485215e+02,1.809972959084193008e+03
4.056381711466518709e+02,-9.129648032982000814e+02
5.973292589317103563e+01,-3.299475484839108930e+01
4.428184544304530732e+02,1.599431398573950446e+03
2.771411226204618288e+02,1.773496945533713642e+03
-6.136444134967791797e+02,-8.833182796571478548e+02
-8.455127393858920186e+02,-1.606899234176768005e+03
3.109302279447206274e+02,-1.019390118914623145e+03
4.958500054659485841e+02,1.780871990920981602e+02
-2.898436576167102174e+01,1.499373116453915600e+03
9.714285714285718996e+02,4.078931382050541288e+01
7.678427610739674947e+02,3.429161224885161801e+02
-1.062256062188895385e+03,-9.845284443235392473e+02
1.521507311586038668e+03,8.764004499437367031e+02
1.043303349937147686e+03,3.312386852380456048e+02
4.760475375550356603e+02,1.298820355094955403e+03
-8.768440896366363404e+02,1.654498706419324890e+03
-1.617131166681429875e+02,-4.996027762371044787e+02
-8.542999387157728961e+02,-1.424971664171213661e+03
-1.072614074801834249e+03,-9.117474826949171529e+02
-7.721156343895471537e+02,1.648865987404666384e+03
3.650954880913762857e+00,-4.209538018100898853e+02
-1.008485719519751910e+03,9.091825875373635881e+02
-6.081799426558437460e+01,7.357398673937366596e+01
7.700864585718818489e+02,-1.057940772837123177e+03
-2.755747397776161733e+02,4.410851007194838189e+02
-2.746579775594515809e+02,5.047386424815199462e+02
1.127641810573532666e+03,-2.848187296849502559e+02
5.371695575727252390e+02,-9.258656174737004676e+02
-1.062019273111767916e+03,7.277582420462157415e+02
5.637021649457706189e+02,-1.102334288867042233e+03
5.044732733735438046e+02,1.601636672500694431e+03
1.101934333271219657e+03,-1.038944943964099821e+03
1.035800701552346254e+03,-1.325156381689447471e+03
1.030545407936778872e+02,-5.750339214791243592e+01
-2.377493284097687933e+02,2.683890405598634121e+00
-4.627655527829952575e+02,-2.694569437975047776e+02
7.199711829939998324e+02,1.879597336061845454e+03
4.489308377365725278e+02,-1.213711319300115008e+02
3.502306627216017318e+02,-1.271548218862128437e+02
6.515312979167180174e+02,-3.101445666696274657e+02
-6.628069114258498757e+02,-1.577215216735573222e+03
-4.273001101878728036e+02,2.414346231488671037e+02
2.295645008702430516e+02,-9.365168270339980836e+02
7.205092631792188058e+02,-1.627122893076551463e+03
3.280843107855828293e+02,1.787756926752178742e+03
-5.355904167188854217e+02,-1.620826512250017402e+02
1.891038522218805085e+01,1.428368012698595749e+03
-9.418905110261453046e+02,-1.422635373340142451e+02
-7.646469258020022153e+02,-1.600849957412016010e+03
-4.950815164343083552e+02,1.158128714983133023e+03
-1.040301530744025740e+03,4.287034348265946164e+02
-8.821817639861028226e+01,9.749454377889716170e+02
7.079063990383357350e+02,-3.007887356881822143e+02
4.514935228545904806e+02,3.921477972455895724e+02
-4.936028339169646983e+01,1.306456755633352259e+03
-1.005113742105128267e+03,3.788461150225872984e+02
-3.493718239391126872e+02,-5.002394552480778316e+02
3.454915944682974782e+02,4.569628417973275418e+02
-1.025923374245224068e+03,5.181764771268819914e+02
7.579371174813437619e+02,1.693039023889728014e+03
-3.589473148435930625e+02,-3.078737495757240481e+02
-4.414778267710184423e+01,1.060561943366008109e+03
-7.077093839758796889e+01,-3.250355628762358151e+01
-4.934436240928619100e+01,7.680202631211452626e+02
-1.054961289582548034e+03,-1.901203742509261190e+02
1.165255529731868137e+03,-9.593032898557737553e+02
-9.540295789789850005e+02,-1.181719874909045302e+03
-5.799104487129826566e+02,-1.002871358386462816e+03
-9.891665336447417758e+02,3.406220891767304693e+02
-1.347231445061010824e+01,8.197104833261184922e+02
5.181395588937391494e+02,1.415013547835725149e+03
2.202086877824996236e+02,-7.758920446685074239e+02
-5.496149146469682734e+01,1.682085519317287890e+03
1.980072072326346984e+02,-1.173972082670895134e+03
-9.285714285714286689e+02,-9.901876283028211674e+02
3.156918221178699469e+02,-6.946710208124017072e+02
-2.637170526160864483e+02,2.333532269947470894e+01
-1.641039142713349293e+02,1.364735045957583225e+03
2.683163451424007917e+02,8.646565435280289194e+02
-3.980420434576560638e+02,6.603862167354346866e+02
-9.510144758428459681e+02,-1.094895270534310157e+03
-2.277522680035056339e+02,-4.766441566525764983e+02
7.282074748553177415e+02,-1.640059412389815350e+02
-1.077341129980884489e+03,-1.153813786155295020e+03
5.888963029053360287e+02,-7.517313834075441719e+02
-6.588010670038569287e+02,-6.545121907201546492e+02
-9.401729628170285196e+02,-1.212574030178263229e+03
-1.343981643909562251e+02,8.188487236020633020e+01
-3.378157699047327469e+02,6.431074018477017944e+02
-6.731314523922874287e+02,-1.551096945937723149e+03
-1.653846431630693132e+02,-8.974857297400750156e+01
1.719722160892116278e+02,9.861394889320321226e+02
2.146212917042841468e+02,8.034274700200395500e+02
-2.851479871479739359e+02,1.107296966002596946e+03
5.840661685839457959e+02,1.113859078351852304e+03
-2.640748313196947379e+02,-8.783154384404259645e+02
-1.287523471315481629e+03,-4.738846959619361883e+02
9.400024365363501602e+02,-2.022139265588661203e+02
1.100883641710191796e+03,-4.137125077090100262e+02
3.587326039764511734e+02,8.222952692989078969e+02
3.067792305185159307e+02,-7.644833383214062223e+02
-1.037267204464307724e+03,-1.202655850978643684e+03
-8.706937785199947939e+02,-6.709417629705529862e+02
1.060713548698884779e+03,-4.470716631928758602e+02
-6.835811655033161287e+02,-8.918519161939149171e+02
1.730169811113138962e+02,8.946098705355825587e+02
7.109530087544421804e+02,1.582649693429285435e+03
2.339298290324515222e+02,-6.325243449778425031e+01
5.629611442004139690e+02,4.092147230466736119e+02
7.113880655870242720e+01,1.315462968382844792e+03
-1.657117237813646966e+02,1.944287299693543901e+03
1.173502691225135322e+03,3.022343441237118213e+02
-1.843389713587549466e+02,1.401223110818568102e+03
-4.090877346686237388e+02,1.010610761945961940e+03
-3.792270899954029346e+02,-2.004108190470702766e+02
-9.558829558715713119e+02,-1.491561624643033383e+03
7.429881889660030083e+02,-1.800000000000000000e+03
-2.711207396201099940e+01,-1.486656989652309449e+02
6.134968962823239735e+02,-9.380267680545922815e+01
-1.240574444908107125e+03,-3.429739010720987835e+02
2.718474758276975081e+02,1.275223525546355887e+02
1.546773788601529304e+03,1.346472508159646623e+03
8.614072494668444335e+01,-1.423326226012798315e+03
1.232726428918597094e+03,-9.313637295812352477e+02
2.135553221981950855e+02,9.951294562830579480e+02
-9.624169585505796931e+02,1.233435934500742633e+03
7.519574390258092080e+02,1.895300705046076246e+03
6.465369310948992734e+02,1.307567519506167400e+03
-1.207773573440241393e+02,1.414596079468320795e+03
2.494619294924624455e+02,-6.349198732913769163e+02
8.784667626764011175e+02,-3.815302658742486415e+02
-5.857939088889937693e+02,-7.859262744717997293e+02
-4.036870826758465824e+01,2.888400478748451405e+02
-8.298505510614379546e+02,1.610374187974608958e+03
6.823560272420894535e+02,-5.155021149878773485e+02
4.402305800188681246e+02,-6.850993558258651319e+02
1.037607233687120470e+03,-1.094118528603318964e+03
3.609596067705675182e+02,-1.024817006827909609e+03
6.067748534420608166e+02,-1.617773683326297714e+03
-2.304745804659960982e+02,1.649342482208481670e+03
-1.277149154945218243e+03,-3.601237555457664143e+02
-4.325762505177538628e+02,1.178393804292461937e+03
-2.623200489398474815e+02,5.362202919701527435e+02
1.031165158162521948e+03,-1.039482691014870397e+03
-9.133084185416885248e+02,-1.078815215326936823e+03
-7.607117686994067185e+01,1.088510921732538463e+03
5.619794001251084410e+02,-7.945371148008006230e+02
5.457080531072750773e+02,1.519441476398975965e+03
-5.798267261512115738e+02,-1.186901593742858040e+03
-4.837279452510431810e+01,5.511747264405507849e+02
-6.380360374737185793e+02,1.161748080310947898e+03
-1.173828481234190122e+03,-8.642608001794149004e+02
3.959764456366120839e+02,-7.334507064162075949e+02
-7.722240659245622965e+02,1.722937015407117315e+03
-1.065927452983722333e+03,-2.825722804079084085e+02
7.605009931157798064e+01,-3.011027289194877312e+02
-3.528399311531828175e+02,-7.079173838209964060e+02
1.228717222892651080e+02,9.426711038557309621e+02
-2.991774620360205859e+02,9.464455979356330317e+02
1.430799700285275264e+02,1.169069133895539835e+03
-2.790337833915291981e+02,-9.429258803819463992e+02
6.311396250956278209e+02,-1.896010525413679943e+03
-7.941312170536646420e+01,1.547659539024441244e+02
-2.730624718195581409e+02,1.911304662001463612e+03
-1.071967775250488785e+03,-1.675516432232453781e+03
-5.315805412558910348e+02,-9.875135124916848781e+02
5.232151427479684571e+02,1.088725247432009382e+03
5.251820688806284352e+02,-1.436524886210121394e+03
3.116643954842556923e+02,-3.857768571965642082e+02
-1.004528599071375936e+02,8.139734469068105227e+02
-7.661166250874116486e+02,-4.372935536995204870e+02
-8.629850046538991819e+02,-1.044278450856974587e+03
3.033149982283723602e+02,-3.092751513340384690e+02
-1.346117757447810163e+03,1.391109547267159769e+03
3.778941353648000359e+02,4.210821982802388561e+02
8.880706674058981207e+02,5.740396187029587054e+02
-8.782198791667918840e+02,1.818776279880255970e+03
1.240376622417928047e+03,-3.214511333506836763e+02
-8.361867881488394687e+02,-3.641414161264738141e+02
7.047019368590254089e+02,1.545273582453486597e+03
3.332678740706500662e+02,-8.491886196387504242e+02
-1.332417452633486903e+02,7.465904158539002538e+02
1.601426787080539214e+02,8.434224931417893458e+02
-8.180399074286922314e+02,-1.365919001144363619e+03
-1.118942668974615344e+03,-1.490514010623578827e+02
8.431492145413253638e+02,-9.842682417454759616e+02
-5.474829836260960292e+02,-1.039771292542392530e+03
-1.119655781082136173e+03,-2.008125441388849879e+02
-1.009905256725324307e+03,-6.921007269379629179e+02
8.486192829196548928e+02,1.489009297088086214e+03
1.616683719397112213e+02,1.049549502818784504e+03
1.132721256776145083e+03,-8.052780064750432985e+02
-1.222440954085717522e+03,-7.630261582340483528e+02
5.270923407409270567e+02,-8.301208402112404201e+02
-9.971195428624530450e+02,-1.190102200736981104e+03
4.253242765499355755e+02,1.636401288144946648e+03
1.083358698321451584e+03,-3.620390610594625969e+02
9.944792732849956565e+02,-9.274616702306403795e+02
5.614730565941403029e+02,1.226488162495924598e+03
-5.902233687051735842e+02,-3.695034054954874136e+02
-1.105500944965716144e+03,-1.702563712519407090e+03
-1.039619790917855880e+03,-1.127244709750218135e+03
-1.025684544756097011e+03,4.044543740166513430e+02
1.244609820241152875e+03,-9.597478217250928765e+02
8.467777461480316106e+02,1.535874257338695543e+03
9.422410257831355693e+02,1.249594703975620860e+03
-3.399348238336675081e+02,1.213097689336792428e+03
1.250320723004003014e+02,-9.670778743101981263e+02
1.141182582556205887e+02,1.307478802638650905e+03
6.004755027564791590e+02,-6.365564660376218171e+02
-5.512118687791361253e+02,3.136589692383410011e+02
3.794090028059551400e+01,8.713744156037288349e+02
-3.558918482647387691e+02,-1.558514931396292241e+03
-4.680494959638421619e+02,9.682503590718288251e+02
-8.770649482931547709e+02,1.607047818534444104e+03
9.838091368281141058e+02,7.070376698053654536e+02
-6.304329033814801733e+02,-2.614859110513939413e+02
1.225638919652212735e+03,2.955140943021327971e+01
5.061231926756599364e+02,1.121115936624214555e+03
-9.650907856556517572e+02,8.226894830394461451e+02
5.197053396099797737e+02,-7.064565050819159069e+02
2.719966630060310990e+02,-1.254641193213747329e+03
9.717093040176958993e+02,-8.880840585220435059e+02
8.925663740724137369e+02,-3.458515103048033268e+01
-3.350689834227422352e+02,-9.606659635563599409e+01
1.600272010502663989e+02,1.999999999999996021e+02
9.077396119648305728e+01,-3.762977979082097022e+02
4.212906537463534846e+02,1.515485982449141147e+03
7.650981603675251108e+02,-8.260761607286458457e+02
-2.019782733965907369e+02,7.737998652884942885e+02
7.580525129730091294e+01,5.218433786021211063e+02
-7.871319533257427565e+02,6.746828994852601014e+00
-8.706450081679987534e+02,1.480665577351169759e+03
-2.171426749807027790e+01,1.817108882309870523e+03
-7.019241522431098019e+02,-5.110082757903407469e+02
5.205239587983921865e+02,3.797393277983263147e+02
4.203607265962672273e+02,-1.645059975999868982e+02
-9.489488376519245776e+02,-1.386912442227778001e+03
-1.177722647569924902e+03,-3.238992538506114442e+02
6.069383998958001314e+01,1.338973378415841808e+03
5.274576973702011173e+02,-7.400334869388824472e+02
-4.349834427182567538e+02,9.911823203448531103e+02
-7.918937284532062222e+02,-4.078169301413356038e+02
-9.129910319021355463e+02,1.804403306800544215e+03
7.215279659117450706e+01,1.371300976781406007e+03
6.013728675624122388e+02,-6.788029061667580208e+02
4.424751659019575527e+02,9.263463927107230802e+02
1.226376569920192424e+03,-5.735583585188727511e+02
1.877877375175562236e+02,4.702969245076283755e+02
-1.009033113794487235e+03,1.168115259402992478e+03
-9.177473445482182797e+02,-1.732289475415627066e+03
1.071289793771597942e+03,-9.368511379352930817e+02
-3.090805479820809865e+02,6.704992282728284181e+02
-1.098272826720531725e+02,1.407048090939534006e+02
-1.001695296867537195e+03,-6.818861539654750459e+01
-1.120488515328353742e+03,-1.606374470045738462e+03
1.303733257683796580e+02,-5.027804175568438723e+02
8.487331996036647297e+02,1.285337280573346334e+03
7.867910098387211519e+02,-1.736338933451977709e+03
9.093801006886574214e+02,-3.789788017850006554e+02
-9.400120317693003926e+02,1.607646814834490669e+03
7.535570083601036231e+02,-1.639793999494661193e+03
-7.571110354292031843e+02,8.286032502850828223e+02
1.188987690162985018e+02,-8.000533199462071252e+02
-2.124730146058939226e+02,1.314744095576646941e+03
-7.378889396904127125e+02,8.175854103150214769e+02
-7.174953382506000708e+02,1.401429210736570667e+03
-1.219980610545227364e+03,-9.422075692411992804e+02
6.657030404306308355e+02,2.901803170199294968e+01
3.960937464909355867e+02,9.687858157673665573e+02
2.885039806508201536e+02,-8.554316403755266265e+02
-1.008080131422203522e+03,-8.797925654346802276e+02
6.912550181062333650e+02,-1.752984892176333005e+03
-9.401961801165612087e+02,1.704956725601948619e+03
9.812321172002637013e+02,6.391587760440542070e+02
-5.903712360306975597e+02,3.835819396335064653e+02
1.629167671190596707e+02,8.073378267855507602e+02
8.451218222945186653e+02,3.815435540805570724e+01
-5.690761040225869465e+02,-1.286094749450971619e+02
-3.547470888176000017e+02,3.888800129754299633e+02
-1.188558149303725941e+03,-9.793584462166103322e+02
4.749101044975374180e+02,1.388335612958673892e+03
-2.071922696800361052e+02,1.107550623808031560e+03
9.791580373149702154e+02,-5.056457006261841798e+02
1.697708223068779034e+02,1.805609208333123661e+02
3.581322722083967847e+02,-1.210066574146650737e+03
-8.126438282051545912e+02,1.758813472122386656e+03
-1.453104443420605740e+01,1.455986608796617702e+03
1.191241967682494078e+03,-5.710821864299152821e+02
6.448342000306658974e+02,-1.056337631762754881e+03
-9.400566886460699152e+02,-8.937498340613490200e+02
-9.642011726830335192e+02,-1.430677589953012784e+03
-9.425403683942445241e+02,-1.263747310805741563e+03
8.078450839240929326e+02,-1.544874969498913060e+03
-1.016503501053023911e+03,1.844663040726830559e+03
-1.172009462650622936e+03,-1.528064520546110543e+03
3.136133272363240962e+02,-1.203536055042575754e+03
9.453237300172211235e+02,1.728398701066104195e+02
-4.995871938692876597e+02,9.246258592701277621e+02
-5.303347681196343046e+02,1.385215606102321772e+03
8.054290469308139109e+02,4.175211946405950130e+02
1.286956788863363954e+02,6.675226494840790110e+02
-3.459266919368571536e+01,-2.509030679172292082e+02
-9.791718246255862823e+02,-4.904240416540735055e+02
1.159158466417378804e+03,-1.920331646898378040e+02
9.751802492528453286e+02,-1.099678608173916473e+03
4.462244947597079658e+02,1.034664754472980349e+03
1.215066869580324692e+03,-8.140320517641488323e+02
4.804375197707226448e+02,-8.557862020539245123e+02
-2.979322539133582950e+02,-5.205001076199150702e+02
-1.289865195421384669e+01,1.267800278811397902e+03
4.221085856549442497e+02,-1.512428492662109875e+03
-4.130787681549023205e+02,9.069339365103405726e+02
-8.417759061581767810e+02,-6.449457999956753156e+02
-8.763331368153573067e+02,-9.365165146236563487e+02
-1.572310139542677518e+02,5.768363993734161568e+02
5.324895054950055737e+02,1.494257409893050635e+03
-4.905302339546020107e+02,-6.522822778816255322e+02
7.541845986054746618e+02,1.529650560327967526e+02
-7.163503983306914051e+02,-7.064926771942041341e+02
7.714285714285718996e+02,3.250208150723669291e+02
-2.216749422065957162e+02,2.922091080248760591e+02
-4.204649497197772234e+02,3.563296093535882392e+02
9.131158359834756766e+02,6.098177965874218671e+02
3.950307188455712435e+02,5.075018030822446917e+02
-2.587717932336927333e+02,-2.450651195305094916e+02
-3.434956307971749538e+02,-3.405512014478765650e+02
4.479584852977288847e+02,-1.456086361978139394e+03
-5.749354204313758601e+02,-9.128081516462385707e+02
-7.703860429064219488e+02,-2.717839294169642130e+02
-4.427421026508974933e+02,8.019845910633356425e+02
3.053898403091230875e+02,-8.826951858226532295e+02
8.571428571428612031e+01,6.986166109970781690e+01
2.461327967275638571e+02,8.985978894014015168e+02
-5.597658611423355524e+02,-1.905754437450312366e+02
1.108920119741078224e+03,-5.559064473376744786e+01
-6.584048412571942208e+02,1.580937317199127392e+03
-9.382707076733693157e+02,-9.128662257882719189e+01
-4.587762521139524097e+02,4.243804249876868084e+01
-7.703941650681969122e+01,2.694120495581980208e+02
2.536764449694865391e+02,7.699607437157876575e+02
-1.007628422954608482e+03,-1.531659178046428451e+03
-5.614703688989014552e+01,2.134801203271804226e+01
3.186551528318497262e+01,-1.290997201871684013e+02
-3.255524779275719425e+02,1.543692232375096410e+03
6.165014857777200774e+01,-6.863257870638263114e+01
-9.153350765260614708e+02,-1.581188903856108254e+02
7.051716095401913265e+01,1.722802931285455770e+03
-8.393650181451798744e+02,-2.440518453597196924e+02
-7.136779493888036541e+02,-9.355620191846151101e+02
-2.203265802390378667e+02,-1.880459875277275842e+03
-1.375860248006249833e+02,-2.927349818398830053e+02
2.197767432362240925e+01,9.120717874727964727e+02
-9.362221423373289326e+02,-1.689992430202407832e+03
-1.721165520032491827e+02,-1.341440712262246961e+03
5.843806882229224584e+02,1.611928828113162126e+03
-6.481956901332158623e+02,-1.104245068482517127e+03
1.515456674473045268e+03,4.885714285714138327e+02
3.584423842414302044e+02,-5.653096885480008496e+02
1.105169835591003213e+01,3.959284770046330095e+02
-1.207263713386386598e+03,-3.348147133617684972e+02
-4.836836420320420160e+01,8.714233887342667231e+02
-1.114998281102043393e+03,-9.177725642978629139e+02
-1.714630391261114539e+02,1.472959664324233245e+03
-7.554522884562893523e+02,-7.283089295696559873e+01
-9.447429403587340175e+02,8.552239834519778015e+02
3.616557188250178001e+02,1.206006145502740083e+03
6.264781519094774467e+02,-8.884168256989665906e+02
-2.140758741452338825e+02,-7.147025157577021446e+02
5.550552011201579035e+02,-8.518704664976888807e+02
-4.636986505790935666e+02,-7.964281160147386345e+02
4.464254873495109877e+01,2.261435009679011046e+02
1.534466365581152331e+03,1.779914428333688647e+03
-8.897429107313504346e+02,1.883532125133445788e+03
1.034881047585221950e+03,1.428571428571428648e+01
-2.494574711003728140e+01,1.295521032810030192e+03
1.358366649804974031e+02,-1.022882866581061535e+03
-5.060948114387661008e+02,1.544046502726368075e+01
5.511600894285911636e+02,1.167700482367681616e+03
-8.210602766365808520e+02,-6.707217846656832307e+02
1.308371811767068493e+03,-2.715058743364108977e+02
7.152659427787098139e+02,1.801388897783325092e+03
-1.278700057135872825e+01,1.476411106074214558e+03
-2.989323314761758184e+02,1.050343636845444735e+03
3.410626030053765021e+02,-7.835010175880618135e+02
-6.720278919807084321e+02,-6.039566566274461366e+02
8.993941481883634879e+02,7.343481222308818701e+01
5.297007811098711727e+02,6.176707980906753903e+01
-1.980392428911843581e+02,-5.715305744164425050e+01
-8.803779111727112650e+01,3.834848803149908463e+02
-7.347857083796297957e+02,-3.644644312866327596e+02
-1.028101153848760077e+03,8.486245463975410530e+02
1.569446998351846219e+02,-5.716267287362442175e+02
-9.585328694578373643e+02,-1.237641538313859883e+03
-9.491202584786850593e+02,-1.037978126660027101e+03
-4.997555820911933324e+02,-2.551990210231762433e+02
1.813224079324044169e+02,-9.351129041624968750e+02
-3.477191663625425235e+02,8.745220317724999859e+02
-1.093645224658552024e+03,-6.221476686041100947e+02
-3.178948330722633386e+02,-1.078951176492052127e+03
1.110798238523037298e+03,4.394940140311746291e+02
-6.009151578461161307e+02,-7.378210374851195184e+02
-1.119385008864067458e+03,-1.570937581018755509e+03
-1.165683767586738668e+03,-1.592773251939509009e+03
-3.685102337320740844e+02,2.051412311931000829e+02
-8.945103928938129911e+02,-1.745028480916045510e+03
-1.105049839421440083e+02,1.242739288587896453e+03
5.730991994365293749e+02,-1.140997268637531079e+03
1.395770020066180450e+01,2.709683386873694531e+02
1.138011553408056670e+03,-2.506902681938068440e+02
-6.438828581660516193e+00,-2.429727840802548258e+02
-1.076038337881355574e+03,-1.559125007209808473e+03
-2.432276997694704335e+02,1.450463189594080177e+03
5.276905626345389919e+02,-1.831507363833124600e+03
9.557982954127243147e+02,-1.056217710783742177e+03
5.271491838073322924e+02,1.455719537202078527e+03
-4.320362102652621843e+02,7.562844055302338120e+01
4.286848197515805055e+02,-1.168195174461809529e+03
-6.245260004083550029e+02,-9.869596710330220048e+02
6.472957983988051183e+02,7.045310150442069244e+02
7.990458823461580096e+02,2.551197590914431146e+02
1.603104542186295234e+01,1.674960267274502030e+03
3.531166946334938643e+02,-6.205291159105164667e+01
2.634290538537877069e+02,-6.646425401299368332e+02
1.037859677293923369e+03,-4.941426206627962188e+02
8.162233079136935885e+02,-9.428002137944948799e+02
-7.409047407139095185e+02,-1.656528451407302555e+03
-6.144452723831249159e+02,-5.054409379462848051e+02
-5.589646421105335321e+02,6.656213775252934965e+02
7.383913303740262108e+02,-1.780092920413461343e+03
8.484365396820769547e+02,-2.433550193427227271e+02
-1.045624637189985378e+03,4.118091570524525196e+02
-1.778044946736354177e+02,2.999746618139222960e+02
7.256718042505781341e+02,9.331848357809873278e+02
-1.031677716913322683e+03,1.079380708911642387e+03
-3.804023110499861673e+02,6.859392883336190607e+02
-7.126292066958845908e+02,-1.337737511685520531e+03
1.246906963668001936e+03,-1.236243346326034498e+02
1.889396664223113476e+02,-8.692296847888518414e+02
-6.245816961678086727e+02,-1.652926439877142911e+03
4.749044273668305891e+02,-9.231342247090955198e+02
-9.889874479802738279e+02,-2.367481122930637412e+02
-4.715527416297105106e+02,-3.379497212694216728e+02
-4.491315073221039711e+02,-1.073460592361180261e+03
4.272231665217536829e+02,1.134380456614695277e+03
4.130576433171760300e+02,1.555111633749479552e+03
1.278059777302504699e+03,-9.927730294840536089e+02
6.422090888327842322e+02,-1.773287526018051267e+03
-2.775444220939789375e+02,1.563892789765209955e+03
-9.643767557756921178e+02,1.669717293759347513e+03
-8.113895066680192940e+02,-1.800902446923391381e+03
1.405111132306298600e+02,8.866162073857741461e+02
-2.311396372587935844e+02,1.766703898281516103e+03
-1.221222692401692029e+02,1.490936528739859796e+03
4.189701348931850475e+02,1.237851474465274578e+03
-9.596981279620796386e+02,2.914535780948053230e+02
-2.632489699179069476e+02,3.177189046284025835e+02
1.112963481923891095e+03,-3.276396179479915531e+02
2.695896393067105805e+02,1.639287532204264153e+02
-3.085642074092362463e+02,7.669861342056269677e+02
-8.504468207384654761e+02,-1.511334216232988865e+03
-2.432431508600682264e+02,7.604689239850862350e+02
6.215964930096821384e+00,1.234659890051716275e+03
-6.704809395609936473e+02,-1.529186025195266723e+02
-3.214963558452599273e+02,-3.585705516170289542e+01
-9.477842510655143542e+02,-6.073635563739553618e+02
8.683770600371990440e+02,1.721717993641270368e+03
-1.662413536552612072e+02,7.594379163818096004e+02
9.469362924074350758e+02,-4.478889704277486317e+02
-1.108078593152640451e+03,-1.056912483126847292e+03
7.289930670286152008e+02,-9.413201631534643639e+02
-7.680479520793255688e+02,1.626225593204199185e+03
2.731159549895344298e+02,6.757147688171667141e+02
1.090889359369560225e+03,-9.995771165019759792e+02
-1.895978914255924508e+02,1.279217312925462920e+03
-8.293930587989787284e+01,-4.233887806991055527e+02
-4.048979372883017049e+02,1.253909370190535810e+03
4.386869313812606492e+02,-8.956287368988971593e+02
-6.683902786550421524e+02,3.364742635986330015e+02
7.597680017589738100e+02,1.571424370003527429e+03
2.541144044829496238e+02,-7.940618944594722279e+02
1.137885024908860458e+02,6.177939011965357849e+02
4.010483254185735547e+01,1.838946034200900613e+03
6.002745928643889783e+02,-1.148644099119000430e+03
-8.730909490415731398e+02,-1.474028484170015645e+03
1.392772704579599008e+02,5.273294705112164138e+02
1.930971513213182220e+02,-5.171678957953671443e+02
7.292829743811109893e+02,-1.538969395071635745e+03
1.290348450890454160e+03,-1.656740138132497577e+02
-2.154593852992854579e+02,8.441091940995571576e+02
1.357977027598540190e+03,-7.143076792881008714e+02
1.562893902984350518e+02,-5.569944117481185231e+02
1.997863535887380237e+02,1.192566433596344496e+03
2.698414510174152525e+01,-2.870540860559580310e+01
5.338753487814947221e+02,1.204776873574491447e+03
-3.677284930462931811e+02,-2.352928082137030685e+02
4.017106858839453025e+02,4.490971905347160487e+02
9.107253522151049765e+02,-1.315963399610609486e+03
7.030154690130956396e+02,1.342233970053690882e+03
-3.935318371982512531e+01,-9.287206429791987716e+01
-9.141491650044471271e+02,-1.138087298757875487e+03
-4.728261965675537226e+02,-7.012895536851368661e+02
-6.732892513032963961e+02,-2.583124122850676940e+02
-2.351364507130631978e+02,-3.221609241293819537e+02
3.387658164066083941e+02,-7.493869951059663208e+02
-9.595392499182272559e+02,-1.719455706307126320e+03
-4.445069617813605873e+02,3.112364456298232085e+02
8.636274753335958394e+02,4.340977171735505067e+02
3.135949916766878118e+02,-1.284433798835145808e+03
7.330549362435034482e+02,-1.820860459483749992e+03
-1.077379458989129716e+03,-8.378182528656175236e+02
-1.647385069955579695e+02,-2.342349574901857920e+02
7.983466300161946947e+02,1.142605558291965735e+03
-1.331433278738978458e+02,-4.245414550723576781e+02
3.326700912871356053e+01,4.223446656715899650e+01
-1.910398527141558702e+02,2.429856929967006351e+02
-8.649807075586339806e+02,-1.758388596416513792e+03
-2.310878853408297573e+02,-1.970515135978904198e+01
1.021317713806295842e+03,-5.697882822892654531e+02
4.525745207454252181e+02,-3.040661619772040467e+02
-7.566567256800019550e+02,-1.353172956659763486e+03
-7.918441120640939062e+02,1.616461020684800360e+03
-7.794318880537667837e+02,-1.771195932223472710e+03
-3.245995671886553282e+02,2.462859637671077451e+02
4.698719159960055549e+02,8.654763012511731404e+02
1.147224773257262768e+03,-6.724186226910660480e+02
-2.083948177973435918e+02,3.654088632294084960e+02
3.942425624839066813e+02,1.613212872778020483e+03
-4.922872256189825890e+01,1.805153153709966318e+03
1.251364134089619029e+03,-2.764189441113192629e+02
8.082940758705169628e+02,7.183721814941463890e+01
1.057654205216178525e+03,-1.151463467653399675e+03
1.076681860574889697e+03,-5.581327133912033105e+02
6.495093654680549662e+02,1.816076848456748394e+03
-9.606949980006598935e+02,-1.787552791184352600e+03
1.436114997777565350e+02,-2.377092999503517490e+02
-1.075653736814673039e+03,-5.745877490324097607e+02
-9.693277661405999197e+02,-1.135167804889338896e+02
3.995871295473477858e+02,1.786633447906658603e+03
1.133231617099782170e+03,-1.494308403681523316e+02
-1.095549909461147081e+03,-1.645080444305996707e+03
-8.571894855074145880e+02,1.625052864538859694e+03
1.079655411996764087e+03,-8.023554041085947119e+02
-1.054250223430641881e+03,-2.568919541974748810e+01
-6.397439961208920067e+02,-1.431059965447352624e+03
-1.135502683839170913e+03,-2.805360051086077533e+02
7.398875124481889998e+02,1.619448138137853221e+03
6.621454575356507348e+02,-3.725854560674000737e+01
2.650300164901896665e+02,1.724291318419392383e+03
4.994787304175885083e+02,-8.062229377543744704e+02
2.765004398232557037e+02,-7.378044130343572533e+02
5.658939367556022404e+01,-4.064211335806569991e+02
-1.221587256616840875e+02,1.780418708335349720e+03
3.154324249548507169e+02,-1.076645235133874166e+03
8.855878589362444018e+02,-6.169558113538129192e+02
-1.198855408059759156e+03,-1.705309473248437371e+03
1.083597072745559444e+03,-4.024205220009309301e+02
6.390651793534931357e+02,-1.016754571446070372e+03
-7.209616548095490316e+02,5.885847227506478703e+02
-4.144983824934237759e+02,-1.056002952972434286e+03
5.953409513744516062e+02,5.142604970733333403e+02
1.878593246899360736e+02,-7.927323683918244797e+02
1.223001700969835611e+03,-4.967885024038354800e+02
5.408615767230799065e+02,-5.276881340911162397e+02
1.735638211424604549e+02,7.008567344443951015e+02
3.255899842254552254e+02,-1.871245763287573425e+02
-7.879551679914351325e+02,-4.747789848617403550e+02
-2.191065231885553910e+00,1.254888054250827736e+03
3.211005896814368725e+02,1.848245733586793449e+02
4.336661585817897731e+02,-9.476390083091002907e+02
1.331974676047039452e+02,1.442736881526988782e+03
-9.851900424409868720e+02,-1.692296404791545228e+03
8.387457589391212878e+02,-8.646129435399693364e+01
-7.015054961372790103e+02,-1.239344517571470078e+03
1.042682472715622225e+03,-8.821284181566236384e+02
-2.860446257396306891e+01,8.095650828484472186e+02
-1.061006360654991340e+03,-1.229630013908544697e+03
5.665333609838569373e+02,1.070971128475594469e+03
1.091115724551724043e+03,6.521978988366441854e+02
9.298504372163141625e+02,6.903026578169727827e+02
-9.374251426277453447e+01,1.884866565335837095e+03
1.402392428346689030e+03,-5.507107457658000840e+02
-3.670392797288911879e+02,3.031059670169205411e+00
-1.128977190090689419e+03,6.287270048843051740e+01
6.014895859902188704e+02,-1.086196747341682567e+03
9.759339584904264484e+02,3.227989010934396106e+02
-8.593325266407308618e+02,-1.797092157565041589e+03
-7.197936922645058075e+02,1.537316396782357515e+03
-7.475819943525141298e+02,-1.685011307987511827e+03
-7.435265376503275547e+02,-1.313991226188373503e+03
1.350730730437162038e+03,-7.594927306176840602e+02
-6.928425983345412078e+02,-1.699968282850288233e+03
2.039246512251156105e+02,-7.447352422640076384e+02
-9.463623881123151023e+02,-1.005875033806688862e+03
1.160843438470245985e+02,-4.425255064795043154e+02
6.386725148422410712e+02,-4.061485741054738696e+02
-2.139428790168529417e+02,-5.494629655485405237e+02
1.316497060009284269e+03,-5.322580540795407842e+02
-7.752972181915732790e+02,-1.742283591540456882e+03
-1.651599423904433195e+02,8.579920624532901456e+02
-2.922863658609346658e+02,1.881273593357643222e+03
-5.127016844802431024e+02,1.560561073875292323e+03
-9.691567874096818969e+02,-3.517214113026057021e+01
9.351460192115947621e+02,3.496513513386828009e+01
3.200623256157594483e+02,-6.190674471288588165e+02
-1.028848137078985701e+03,9.569314347159942145e+02
-7.176002869780309084e+02,1.199885865172630702e+03
9.058889045967991933e+02,1.395010035080984608e+03
8.983055331745594003e+02,-2.757430284117463657e+02
4.467563985676532639e+02,8.897269186257583442e+02
2.463771444848130727e+02,1.077062505360590649e+03
-5.826519755713594577e+02,-6.396624068463502226e+02
4.791348046610989968e+02,1.566182132110636985e+03
4.998101719167087822e+02,-1.400000000000000000e+03
-1.843951715289928757e+02,1.877529760555050416e+03
3.916442354053539816e+02,9.068900287960076412e+02
7.689690629369287080e+02,-1.486812154979077377e+03
-1.073467767014779611e+03,4.696763029283935111e+02
7.039302010347545320e+02,-1.720349067878270944e+03
1.067004898357861293e+02,2.787682861096499209e+02
3.232210457351633295e+02,1.273125247346196375e+03
-7.939383033951404514e+02,-1.363490970833506026e+03
1.582245898540955125e+02,-7.551123075821329849e+02
-3.590522981912446880e+02,-3.286301024512965796e+02
6.474556116871760878e+02,-7.912313872917187609e+02
-1.207813951550587490e+03,-3.810937191954522518e+02
-3.253680264764022922e+02,-2.898781305709154026e+02
4.712046120171424235e+01,1.355592991396201796e+03
1.114268781046941285e+03,-7.997337746329119454e+02
3.107108160173096323e+01,1.415416079454239934e+03
1.300552128341865910e+03,-5.794570767963283515e+02
7.319547795174527209e+02,-4.919417259822174771e+01
1.372741464983916103e+03,-3.118296148969689057e+02
7.866914044086582862e+02,-6.156353060859203197e+01
1.233836467564336317e+03,-1.153684935861912663e+03
-7.169638421725780972e+02,-4.978853856122319712e+02
1.073286030691444921e+03,1.325966072877934323e+02
-7.631430347198961499e+02,-3.108467337314914403e+02
2.469767632778018083e+02,1.154505956582628414e+03
-8.722165482667677452e+02,-8.019398260727665502e+02
-9.774976440508770565e+02,1.765087365343097417e+03
-3.277832725020466000e+02,9.902906101136901498e+02
2.271228676820393488e+01,1.200928919807043030e+03
8.224477246903794594e+02,-1.184907077708534416e+03
9.889061080497507419e+02,1.299990500137937488e+01
1.114696524487044371e+03,-1.071693405773055929e+03
-3.848434892124085422e+02,1.138321321260296145e+03
1.117027241544318031e+03,2.233810573057671434e+02
4.683639277879665883e+02,-1.270090042240525690e+03
8.607263618339038302e+00,1.355552309400427191e+02
4.751416588422176233e+02,7.073818427777958959e+02
-1.217381534179462960e+03,-1.596046136126762121e+03
-3.986925248193874438e+01,2.292689203993514298e+02
1.469127377902676130e+02,1.129661769596990553e+03
8.434106518020688554e+02,-3.119228926689418557e+01
4.306119557736155343e+02,-8.096403666947870761e+02
6.739067208315642574e+02,-1.265891648034257059e+03
6.259447596289902549e+02,1.603949686910271794e+03
-3.611844425585391036e+02,-1.030627495282366908e+03
1.349516628344721539e+03,-5.905846144716670096e+02
-1.061905943329227057e+03,6.755490254134754196e+02
-1.349394732578872436e+02,-2.623808354268840048e+02
9.890538759235223552e+02,-1.142883982029778736e+03
8.463560162398413240e+02,-1.329717528155396622e+03
7.185386430846900794e+02,1.962266147385214254e+03
-6.682040641846854214e+02,-2.120792495923473666e+02
4.965927156127431203e+02,1.332292287498877613e+03
4.780188665807133361e+02,-1.384254591249844282e+02
3.856544508750748719e+02,1.537641459568575556e+03
-9.843764799032800283e+02,-1.466416035229665567e+03
-9.316107603283801382e+02,-1.293296145023717372e+03
3.702189965721296971e+02,-6.211107486195735419e+02
1.182902206385642103e+03,-4.997526247034457469e+02
1.260845037843316589e+02,-2.387047567511832824e+02
6.047327668899125683e+02,-3.356093016578380457e+02
-4.470410145340062513e+02,-9.840512711941983071e+02
-1.088263893617214109e+02,6.453004105971579065e+02
-1.044937379577953607e+03,-1.718568164206848905e+03
-1.114428112639755284e+02,4.395633297749425310e+02
1.012906299777106256e+03,4.139863410924497202e+02
-8.282690057399026955e+02,-1.394189270482255097e+03
-5.430803221327299646e+00,1.647232783988007668e+03
4.750546735057104115e+02,8.122449285174648139e+02
3.426430131192713020e+02,1.336175694128201030e+03
2.338217989250641438e+02,-1.224089280118761280e+03
-1.090896270712722981e+03,-5.949441101269997034e+02
7.776992555831194522e+02,-5.218014071849805759e+02
9.553284074029303383e+02,5.607404254036063662e+01
-6.417379021889922797e+02,-1.608037736841980859e+03
8.572845809792921727e+02,-4.686788161744212289e+02
4.562682487576446988e+02,-8.267033930558887960e+02
8.076641408954247936e+02,-4.211481042564385007e+02
1.270104797540126583e+03,-1.022399719841473484e+03
-1.084647629700010839e+03,-7.986705968832818598e+02
-6.833025103696711540e+02,3.709356209227694876e+02
-8.816690564942064157e+02,-4.402305708074404151e+02
1.170905794680212466e+03,-5.441361155846919928e+02
-7.903669753346031257e+02,2.988429405767760727e+01
4.817329329169110679e+02,-4.718536971813861669e+02
9.031441524553921454e+02,2.063523541207396477e+02
-1.251187768096813898e+03,-1.619031834657310583e+03
1.144929752059641032e+03,-3.127672267586655153e+02
-3.005306161624828292e+02,6.071487100523878553e+02
-2.649420434409626637e+02,1.823918213938646659e+03
7.930998861116336229e+02,-2.062094327145859438e+02
5.272778408063954885e+02,-1.412108416147576918e+03
1.252328814656633767e+03,1.317638081245283956e+02
1.152737642445321171e+03,-1.237641438181974308e+03
9.770273565104182580e+02,-4.421307056193199969e+01
6.319207286537269930e+00,6.913824033762344925e+02
9.289588984480714089e+02,1.303252534079192174e+03
6.262873109740699817e+01,3.567574526666809334e+02
5.404495706996666513e+02,3.049774184875352603e+02
4.214548885194209333e+02,1.206394364794642115e+03
7.319845315495371096e+02,1.307122663210585415e+03
-7.216689579003372046e+02,-1.704181007774382124e+03
4.602231237161265085e+02,1.102442319118450484e+02
-1.068049758405807552e+03,-9.508782628897027962e+02
-9.799088541292028367e+02,4.439600578802794644e+02
-5.265825706046071275e+01,-3.304840682924370867e+02
1.245298543244514576e+03,-1.047401811798959898e+03
1.120001652770039982e+03,6.381311013588471042e+02
5.036905594583901689e+02,-9.693237968401556373e+02
-9.921923073242517148e+02,-1.385283595295842588e+03
9.555475782032862071e+02,8.812736352907356832e+02
4.681164712192230013e+02,-9.902477235661700661e+02
7.236027080842319492e+02,-6.794317245579557039e+02
-1.012308093178334957e+03,1.762429321055966057e+03
-1.333162251727364946e+02,3.047716599690797352e+02
-9.786011472708740939e+02,-6.544926780833409339e+02
-7.027342805601002738e+02,-6.645302308074747089e+02
1.078073625748476161e+03,7.623441008420433036e+02
6.767710165504890938e+02,-1.674634552106502042e+03
4.359190958127308591e+02,-1.875777232771868285e+03
-4.054370271238923351e+02,7.631058079386284589e+02
-3.542959949535446071e+02,8.568965330124188995e+02
1.317596858373226723e+03,-1.830948618008583253e+02
3.199387969263800073e+02,-1.121747309314676926e+02
-8.087198961485734117e+02,-2.744892312235326131e+02
-6.872015041592882199e+02,-5.775778376193823078e+02
1.040342826416021353e+03,-4.486057039545293001e+00
-4.968454726647079838e+02,-2.784543764681069433e+02
1.043184924345949014e+02,2.487736530593074349e+02
8.148517314122265134e+02,1.400087055695143818e+03
8.851686395492298516e+02,1.882107922408049944e+03
-1.009525464431175806e+03,-1.493807779472173252e+03
4.753991179632797639e+02,-3.956400282799320394e+02
-5.746234111353910521e+02,-1.066042373224216590e+03
3.192164282310670842e+02,-7.155831888314545495e+02
1.247083595663338428e+03,-1.087372445225379124e+03
7.137880261004775093e+02,9.018852231146322538e+02
-6.159674606274921871e+02,-4.744581424373686218e+01
-1.070620373448463170e+01,1.542896469651581128e+03
-8.245282672351116844e+02,-1.721288761008842584e+03
-6.124166588936303697e+02,-1.560608385182008533e+03
-9.087682394418483227e+02,-3.384505767212011165e+02
6.068052635304476325e+02,-1.502038746611180841e+03
-9.877942453973304282e+02,1.827977460770683592e+03
3.206927400555835561e+02,-9.612282060688677348e+02
-6.914206516791558670e+02,-1.016503403660347089e+03
-8.877567897280432589e+02,1.745687835812645972e+02
2.618178155362622306e+02,-6.946311416599176880e+01
1.178137844538339550e+03,1.942393038194118162e+02
-2.684004123529788899e+02,1.157142857142857110e+03
1.208324193640633666e+03,-1.188018029603796776e+03
7.403718846087705288e+02,-3.120527756284330394e+02
1.647286550174515298e+02,5.729557144566156239e+02
4.881263848433004000e+02,1.316075268412245805e+03
1.118824956217298904e+03,-4.614924613253634789e+02
5.875606441951565273e+01,1.599859675319716530e+02
-8.562613669949012092e+02,-1.554581021665221670e+03
4.232212820415392684e+02,6.915403203213401184e+02
6.138445269860994813e+02,-7.050326611887612671e+02
1.103072467946619639e+02,7.207015386633997878e+02
-8.272304370966691067e+02,-1.582283639918074186e+03
-3.262558547419768047e+02,1.294709074842141945e+03
2.851859414859396793e+02,1.193645464035192390e+03
5.014753036842003553e+02,-1.455346459728174523e+03
7.400883586443050035e+02,-1.740228953409957512e+03
-8.031045895126952701e+02,-1.612092005788631241e+03
4.431834316077750486e+02,1.244889668107295847e+03
1.208006775449899351e+03,-8.970034424161062816e+02
1.241631379573908589e+03,8.205214857709231069e+01
2.923560813054544028e+01,-2.943619463950954582e+02
-2.931920944403125517e+01,1.012632497955987105e+03
-2.723817273221261530e+02,-1.091826508619310090e+02
-4.432302806524321568e+02,-4.740208802863890014e+01
-3.025905971559494105e+02,1.852820863004281591e+03
4.464395344934628156e+02,-1.151459975026104303e+03
-2.651792788529693894e+02,1.177213246315413926e+03
2.508188992874185885e+02,-1.365780192569238807e+02
-1.857487938144783755e+02,1.384327341814657984e+03
-2.056238841706640414e+02,4.913630232683179884e+02
-2.185637669192794590e+02,5.627726023607493744e+02
1.060722490364828587e+02,-7.548703556376034385e+02
-7.424886350002183235e+02,-4.562763782513501951e+02
9.608869103040019581e+02,-9.187676378788216525e+00
4.637159952962491616e+02,-1.963181164968562484e+02
1.125386596063183561e+03,-5.767689683663545566e+02
3.818614946425579433e+02,-6.740766847370431378e+02
9.710064708737860428e+02,-8.422451866507552722e+02
1.260949438256172698e+03,-4.828885244027164845e+02
3.869597094487192521e+02,-1.132485184190948758e+03
3.864037615668300987e+02,1.331758364490853637e+03
-3.713213043915268941e+01,2.687636414903031437e+02
9.433066743488885777e+02,-1.212320421434095351e+03
1.151747813317443388e+03,5.642095484311564633e+02
-9.874363286837857459e+02,1.239850656664686312e+03
5.066093260446158411e+02,-8.763932686396781264e+02
7.350346438599534622e+02,-1.854219607550307728e+03
8.033501739417156386e+02,-1.653573125465565681e+03
-3.685619583859594854e+02,8.870273855590706944e+02
7.184976717495114684e+00,1.818410452542247867e+03
2.663617518249270120e+02,8.126815561208843519e+02
-9.712646170811090087e+02,-1.525277140062030185e+03
-1.144402200510188095e+03,2.423931425380061455e+02
9.184599596563098203e+02,-4.871438441446871934e+02
4.741483825474513765e+02,-1.821361445840257829e+03
7.129085135454098463e+02,2.450413772146033295e+02
7.197178584956410532e+02,1.848471471322150364e+03
4.585443998320621972e+01,1.074288169290753103e+02
-6.255581120816551675e+02,2.556733802887895024e+02
-1.506228412326095167e+02,1.004743371673935485e+03
-7.701046594213013350e+02,8.471064628219323822e+02
-5.361820048527541758e+02,1.457448668803953979e+03
8.850315271517672500e+00,1.049855528800737147e+03
1.036176822118467499e+03,-8.509191239044808981e+02
1.732818625304844318e+02,7.898142620703286809e+01
-1.185498142394430943e+03,-6.602359550239760893e+02
-6.248356636099842945e+02,-5.826272212107973019e+02
-5.488338756479834046e+02,1.579997895868548994e+03
6.854541683277863562e-02,5.612951328297259579e+02
5.292556334801089406e+02,1.771177943442810601e+03
1.007100835767417379e+03,-3.422845365847925905e+02
9.857142857142857792e+02,3.576759006859293066e+01
1.131607229982775380e+03,-1.222620341982170515e+02
1.260011290700873587e+02,-9.154062059069308361e+02
1.252529931057998738e+03,4.973878921326299718e+00
4.449472581886494709e+02,-1.559927877118915603e+03
-6.999044642255726103e+02,1.576430602668380516e+03
-8.279835811796317557e+02,-1.001995177914419628e+03
-3.787551611573255741e+02,9.093035178064790216e+02
8.080528063141896382e+02,-1.412470205806130025e+03
1.952525587078956448e+02,1.420158088567925688e+03
-8.945491615252198017e+02,7.069196808707062019e+02
-1.019884443872534803e+03,-1.564747281163623029e+03
-4.430812120301800974e+02,5.853864980694672795e+02
-5.400454256657747010e+02,4.041131095012640913e+02
9.992230648096897028e+01,8.124951399192204917e+02
2.830498853528533232e+02,1.145235023365467896e+03
-7.973521426162241141e+02,6.842640562842316285e+02
9.456359585251570365e+01,1.967497581199276340e+02
-8.631008226264690393e+02,6.546305106320643290e+02
5.306815535921637093e+02,1.683791413099203282e+03
-5.459337209630260759e+02,4.617149768829567620e+02
-2.474561369305230869e+02,-2.815746403775218027e+02
-7.882400731840436947e+02,8.673815181778987835e+02
-1.830361185063738674e+02,1.925660002081808216e+03
7.183153679942950021e+02,-1.113727230246285671e+03
-6.825216217586533958e+02,4.012243189395568521e+01
-4.397280811980002646e+00,-1.303683271355660338e+02
9.172298568150613107e+01,1.590986530109359762e+02
-8.600341564481466321e+02,-1.660040000095557389e+03
-3.342010971140782658e+02,-3.548192319590352213e+02
2.639851545539698918e+02,2.067886455494240465e+02
-5.023875695446134841e+02,1.946731115187487546e+02
-3.394183183388323641e+02,4.411773148893035454e+02
8.387078343320452234e+01,6.861473843408361972e+02
4.910211759152669515e+02,1.020288042209193691e+03
2.908059230535989315e+01,3.343005218826379519e+02
1.009173317700037046e+03,3.821189355993348613e+01
-6.311705551125003666e+01,2.949353823983943244e+02
4.525633055859872798e+02,-7.695225454045738616e+02
1.187507814576159262e+03,4.306954005500277560e+01
6.858841851983299875e+02,1.311038395574909146e+03
8.658145896652765714e+02,4.978589098963661286e+02
-9.042597258546459216e+02,-1.409401747401859211e+03
-1.130332665676442048e+03,2.870806220540487175e+02
-7.455121574479902620e+02,-9.135910733572327445e+02
2.095416157945769555e+02,7.514817645328812432e+02
-2.414548567782373922e+01,1.144322670731564813e+03
9.761222353414001418e+02,2.431562917018408996e+02
-5.982158770349356018e+02,-5.366520196298872634e+02
4.238263006078930175e+02,1.320395831262517049e+03
-1.092504354634310744e+02,7.143179638965469849e+02
-1.458827833354429799e+02,2.083857270739031264e+01
5.409160062480912075e+02,-4.353507477189059500e+02
6.575830034294934876e+02,-1.637599984731296900e+03
-9.174798934318097281e+02,-1.020770199104422204e+03
5.887514907675921449e+02,-4.920663230570615383e+02
4.964631274935470628e+02,1.622076934428979939e+03
-3.719678412713120679e+02,-4.687386832435598905e+01
1.307898431740028400e+03,-9.140425917025008857e+02
-6.789991858929799946e+02,-1.333776979528826359e+03
-7.096538448275658766e+02,-5.486561410476075480e+02
6.317916866058592262e+01,1.113122557454220896e+03
6.053053098195846360e+01,9.302793689080203876e+02
-9.882420488156802776e+02,-1.300913804308656381e+03
9.882447551968280095e+02,2.849084997443656562e+02
-1.296981618178717497e+02,1.673867269248268940e+03
1.103735157408912073e+03,-3.766402195969092759e+02
6.686545862522406196e+02,1.540651571591886295e+03
1.453839310939031293e+02,1.382130346475169972e+03
1.091700634919391632e+03,-2.292168953529402131e+01
9.377314692803249727e+02,8.154912125475358664e+01
-9.470533153483534079e+02,-9.426569154250663587e+02
5.064051330325380462e+01,1.135049075967520594e+03
-6.385804249625703051e+02,-1.713792887143314147e+03
-3.221390768871174259e+02,5.550397673873436588e+02
3.973812584135731072e+02,1.665688181799328049e+03
-6.756699998612906199e+01,1.148798156510992840e+03
-9.102560260114221364e+02,-7.691861383266879102e+02
6.241765485133190623e+02,-1.632877902053528487e+03
4.414302733585649321e+02,1.618612913096892044e+03
6.646787150901222958e+02,1.612453270094717027e+03
1.036244243293473346e+03,3.325306339290737867e+01
-2.813138059915526767e+01,4.076931728284868086e+02
5.851785440099978075e+01,-2.055279251412967199e+02
-1.423629353739636088e+02,-3.294398123400366103e+02
-9.006698770481300471e+02,-1.248777880939129773e+03
9.439074765046683524e+02,-1.369685110768158438e+03
5.863139963045638297e+02,-8.906364710290788480e+02
1.246951982432969146e+02,1.201913219600138746e+03
1.135969156400462225e+03,-1.159286908386678306e+03
-4.048888947855967331e+02,-9.086847098875369966e+02
9.650356388235582017e+02,8.295928075658635237e+01
-1.183364197617182299e+03,-9.413556134315125519e+02
2.254984492636436642e+02,-1.105149115493484487e+03
-1.132551572187541296e+03,1.180636409757401708e+02
-2.731429945267020116e+02,-4.578014394674800087e+02
3.087249824008393944e+02,3.500988763890124460e+02
-7.984146007045203532e+02,1.494255133913253985e+03
-1.117248247856132366e+03,-1.135032132706704488e+03
-2.095761052683924106e+02,1.499125274479378504e+03
8.791976803980536488e+02,1.459856683285488998e+03
8.390943262775364246e+02,3.552740055412775746e+02
-1.091275722991257879e+02,3.557851345534053280e+02
8.487650104231827299e+02,3.853087249417021667e+02
-6.230842982786379025e+02,5.941879233728327563e+02
5.747745543544190241e+02,-1.806957215596988590e+03
6.444080291277791730e+02,1.685489523654983486e+03
1.214270581050331202e+03,1.708447571236157785e+02
3.580900433527257860e+02,9.517492961946544483e+02
-8.012448592966804881e+02,-4.386749342419601589e+02
6.613947152546180632e+02,-1.836158268336406536e+03
-4.891420041320164387e+02,-2.060986125359655929e+01
5.087446499453079696e+02,-2.577963922381384165e+01
-3.392408797877544657e+02,-2.523462218051924424e+02
4.889030166719838917e+02,-5.508894605185466844e+02
1.017791354030236675e+03,-8.230870660158968803e+02
9.514632187356771738e+02,1.401150263175127719e+01
1.172288757681851393e+03,-4.555771817581129994e+02
6.557099728556189575e+02,1.749973677188682359e+03
6.849683939543480165e+02,-1.066738109459873385e+03
-1.315377307493216904e+03,-5.688006530991740419e+02
-7.608918286294874633e+02,-6.878992169789981972e+02
1.006765112388327680e+03,6.206906665352838814e+01
8.207787403003903819e+02,-6.693535266163053166e+01
5.130488853508313696e+02,4.067483013296254057e+02
1.705552148198604456e+01,1.654421293221837914e+03
-1.095104088501229626e+03,-7.426546239801764386e+02
6.133204249020241150e+02,5.690380266091941621e+02
-1.002234906579774361e+03,-1.758931484919152581e+03
3.639806649456939454e+02,-8.096812747113065143e+02
8.701093819507317448e+02,-1.933267054038529977e+02
6.061419803305235519e+02,-1.735865391471842713e+03
5.430754034092404936e+02,3.204661855827096133e+02
-5.973574441163766551e+02,5.453380974269761055e+02
-7.362770085717847905e+02,7.925465422319795152e+02
-1.547765669859286106e+02,-1.809367201164126016e+01
7.438767060788178469e+02,2.895781437927261095e+02
5.641586927059580603e+02,-3.657724255937383759e+02
7.970113369264879566e+02,-1.707968915001470123e+03
4.566951975588860364e+02,-1.360080469451240333e+03
1.179890158667691225e+02,4.441771908209075264e+02
8.731630086281744525e+02,1.907020691400234682e+03
-7.266970647636884451e+02,-1.798265306591695207e+03
8.300083797276577116e+02,9.472936547078307967e+01
-1.269003638880704443e+02,8.359837528042021404e+02
5.969130967764374418e+02,1.139533948753320601e+03
-4.647264674337559427e+02,8.655981459706612213e+01
-2.123679690566632416e+02,3.400732724979187083e+02
1.025033707514991647e+03,5.805584849807636374e+02
6.833165155916094591e+02,1.263960130036730789e+03
1.021605263084585431e+03,-1.257577570685256887e+03
-5.911881309027425857e+01,1.551691887695464175e+03
-6.989233267578271125e+02,-1.745287112611878229e+03
-9.139162037110618542e+01,1.200588450952767971e+03
-1.066181451458001902e+03,-1.514182312747546803e+03
6.077796698729364380e+02,-9.940175344461248415e+02
6.965368886445577346e+02,-1.920383793122385669e+03
1.016825106022312752e+03,-2.614808256471515620e+02
1.099617437077605757e+02,-5.725704466787998399e+02
-1.002952174444231218e+03,-1.099665949869018050e+03
-8.039977233992648280e+02,-2.263710244574383523e+02
9.588510508373398125e+02,-3.930887462148281770e+02
-6.621608286330626925e+01,9.049332584104198531e+02
-9.645468691428202419e+02,1.393679427294637208e+03
8.251914329780834123e+02,4.604519859852782133e+02
4.265658147102207067e+02,-1.236189462947098946e+03
2.444455146434588073e+02,-6.988857729182871026e+02
-2.443254273715029399e+02,1.506971866612484064e+03
-8.896646145060606159e+02,-1.439626578647125598e+03
8.488397971261281327e+02,-3.511153272922686028e+02
-2.599531616767781088e+02,1.633430499458904706e+03
4.394916279398907477e+02,1.661633658013081686e+03
7.089823578011009886e+02,-3.535977715479749577e+02
1.288231909817662029e+02,4.855432690862390928e+02
-3.034639364130685522e+02,-2.245785026547736152e+02
-4.858948982483899499e+02,8.553103382116132707e+02
6.780332496952565862e+02,-1.719374404066229545e+03
3.500457941272141511e+02,-1.172055403291246193e+03
-6.580791524580417899e+02,3.094837366423080880e+02
5.184920326993027402e+02,-9.006173882369057537e+02
-3.641311685781171832e+02,4.610148901793110099e+02
-8.779225099134110906e+02,-4.994187260826117836e+02
8.629900790503183998e+02,1.348565134786879526e+03
-8.251454271664605358e+02,1.136834307693746041e+03
-7.258279116758914142e+02,-1.113683552052240913e+02
4.589219820439455475e+02,9.283317651107747679e+02
-4.557834362371041834e+02,-7.446785156870560058e+02
-9.729834685679099593e+00,-7.662252259747261007e+01
-5.096955215485591566e+02,-1.007580621124991239e+03
-1.122531341426545453e+02,1.281760632405112801e+03
-8.652719046916191701e+02,1.149194721721264614e+03
8.358354443908663143e+02,1.440663357432269549e+03
4.181852838692651062e+02,1.358043898598231635e+03
6.124699910220487453e+01,1.696231526300973883e+03
6.764881697183203642e+02,-9.083343944298583210e+02
-6.099500206893211498e+02,1.565438048652544921e+03
-3.781461880964830584e+02,1.491047763922665581e+02
9.357936123444630994e+02,-2.994006934120912433e+02
-2.302408089707886063e+02,1.076925454244579754e+02
-5.215912251065423106e+02,-5.357126584771166335e+02
-1.137681489189797048e+03,-7.011355788583035746e+02
9.061579853459717242e+02,-8.932219332684695701e+02
-6.170664179988854130e+02,-1.484683328509691137e+03
-9.396638357763649765e+02,-6.320431931403496861e+01
3.635598034160442182e+01,1.380086972710479131e+03
1.874777684594647553e+02,3.483392829866476745e+02
-2.097407007291010927e+02,-1.764485238213353568e+01
7.900796228824244736e+02,-2.934904947673138622e+02
1.258894782369387940e+03,-1.985959306474730113e+02
9.324940693624098458e+02,-9.618092949685380972e+02
-1.030924986888496733e+03,1.129163803867898878e+03
-2.968325470967783986e+02,-1.008639913944466798e+03
4.865790948691564495e+02,6.736514002445395590e+02
-4.426205382109925068e+01,8.521907909373189796e+02
-2.891980923771624816e+02,1.816228402384151082e+02
-1.031608874554656495e+03,1.288416190424142542e+03
5.649190332784314705e+02,-6.862325539838691384e+02
4.499997812636004824e+02,1.347304155891064283e+03
-6.961200541778136994e+02,7.330827636760067207e+02
-9.115434651397682728e+02,1.028008427479622014e+03
9.462070200138978180e+02,4.895997726285807516e+02
-4.674251763759920664e+02,1.214707722127401894e+03
1.226386892785256805e+03,1.835901121011751002e+03
-1.060086369458974076e+01,-3.148559310238031799e+02
7.456541967484388067e+01,1.090994098470316885e+03
1.622992418358478517e+02,7.728597673998000346e+02
-4.249567687318887010e+01,-2.141312935439099192e+02
5.048121477201452763e+02,1.543406238029417864e+03
-8.509614496066216134e+02,-3.940270885362835429e+02
1.432073539715495372e+02,1.309951031858243482e+02
7.161661749937593413e+02,-1.343485631422325469e+03
-8.928920716903232915e+02,-9.116768386282020629e+02
4.736898429028684632e+02,1.178002859120233325e+03
6.781950619584596325e+02,-3.851332383873473759e+02
-9.521443258468094655e+02,-3.930257525138840151e+02
1.182366681026464676e+03,-8.588207226029605863e+02
1.125802475655179251e+03,-8.809993970366382143e+01
-6.742843060665310304e+02,1.078407372160351088e+03
4.161916901240131210e+02,1.409546093009859305e+03
5.368327641767259593e+02,-1.544609126060957124e+03
2.657519125708883507e+02,-2.142355896192680973e+02
-6.425067975658732848e+02,2.863550212756548490e+02
-2.353139282191662573e+02,-2.452615663069719574e+02
-1.055395718845700458e+03,-3.538225317084833250e+02
8.900069547550268680e+02,-1.584920522408184809e+02
-1.160629312863532505e+03,2.037968590187359439e+02
-7.231224606097459855e+02,-7.313516985926469260e+01
1.230962153065325765e+03,-1.585920312254809801e+02
2.561854217192494048e+02,1.107681074297164514e+03
4.591727131999042513e+02,7.852838424994457682e+02
-1.328150748724378218e+03,-5.271798649560164449e+02
1.979871588130667703e+02,1.024687383118886373e+03
-1.640124089621973553e+02,1.235768845075647278e+03
3.399297504791389883e+02,-1.132074749083221604e+03
-4.142016519972569881e+02,1.917646567780727764e+02
-1.007545763684364033e+03,-7.473462011843828350e+02
-1.045630899937409367e+03,7.627861324308762505e+02
-7.848664251083324643e+02,-8.690515261327700500e+02
2.582155535665334511e+01,5.149141087409074089e+02
-1.166444029073213642e+03,-7.821438222813750372e+02
-1.158645868637985927e+02,-3.941057342567912514e+01
8.535484801414969525e+02,1.657271847460876870e+03
1.344392824165615366e+03,-4.351312551871885148e+02
-3.666211205123604486e+02,1.340438647027970546e+03
-1.753998431902942912e+02,1.795839836996037093e+03
7.757139817716267771e+02,1.351472245234414686e+03
-1.045841044521855338e+03,-1.088085821131061948e+03
-7.965507362597791143e+02,1.182105649896886689e+03
-1.146493678740776659e+03,-1.719260809223645310e+03
1.151308657078170882e+03,-4.044984585733786275e+02
-6.486627996400084157e+02,1.273567796103842056e+03
5.996119716083338744e+02,5.488372581167811859e+02
1.081581878515466315e+03,4.252724941107593537e+01
1.343859185001559581e+03,-4.142857142857143344e+02
-7.565050222782066385e+02,1.101664553408386837e+03
6.334269007314208011e+02,6.574759915084879367e+02
1.227393988429070532e+03,-1.906490481174779177e+02
6.876139281161166537e+02,1.430595945084873847e+03
-1.102339279720728882e+03,-8.750613728529917807e+02
-8.644682787299994970e+02,-1.076052353785085188e+03
1.090904079951844921e+02,4.003257541011704461e+02
5.542340329769839400e+02,1.747404066515732211e+03
-8.353774058387210744e+02,-8.518956277911373718e+02
-4.547965712163298235e+02,-1.183912932999754048e+03
-2.835973497970441031e+02,1.288555860121729893e+03
-6.159421951561323567e+02,-9.222752553120760695e+02
5.624836901709817312e+02,-5.916495733501311349e+01
-1.237625052066507436e+02,1.833461475043782229e+03
6.170100566532564699e+02,-1.821266676483843867e+03
1.413212273683052160e+02,1.027214222943716351e+02
2.276228939947019967e+02,-1.415767383402542912e+01
1.592447338114746174e+02,1.085669415335466510e+03
1.136928973901567133e+03,-5.059067022845600832e+02
1.227290964455452951e+02,-3.395145013342428797e+02
4.592507685860149991e+02,-1.121604840506660366e+03
2.062890618262258613e+00,7.600331855986788696e+02
1.302189586114789790e+03,1.137730307076070176e+03
6.377290403515766002e+02,-1.206874385386612403e+03
1.277851311044392560e+03,-3.816501149952642891e+02
8.713620963174703320e+02,1.401160004207556312e+03
4.020880138620437378e+02,-1.915191059954971251e+03
-7.837759870866299252e+02,-6.654104783256865403e+02
-7.228615278498256203e+02,7.873924209898177651e+01
-1.748745670979106706e+02,-5.864456155753081248e+02
4.118652134621966070e+02,-7.719419575589508895e+02
1.324877545279531432e+03,-2.080517108507822286e+02
5.704467747615296958e+02,-1.051121363189153726e+03
-8.104868453072963348e+02,4.689000798965098937e+01
1.480232860681728191e+01,6.315837162554877295e+02
-4.753612065700849598e+01,1.826546084740483309e+02
