x,y
-1.306197081156067043e+03,9.393939393939398315e+02
5.381955325593531825e+02,-2.121212121212121247e+02
3.618108798831699460e+02,1.251186564439576614e+03
-1.182011834080664357e+03,6.847399243327571412e+02
9.800750073399686926e+02,-1.440499512482885166e+03
1.005893745036351561e+03,1.636363636363636942e+03
-1.454545454545454504e+03,9.090909090909091219e+02
-1.314263515612035690e+03,9.696969696969692905e+02
1.010915206101076024e+03,-1.303030303030303003e+03
4.242424242424238514e+02,-1.822676820501280019e+02
-9.393939393939394904e+02,-3.939393939393939377e+02
8.140128398795990279e+02,1.387393666171908535e+03
-4.242424242424242493e+02,4.848484848484848726e+02
8.845403507334526694e+02,1.030364367846465257e+03
1.151515151515151501e+03,-2.121212121212123520e+02
8.484848484848489534e+02,-9.393939393939394904e+02
-3.048187069695467954e+01,2.121212121212121247e+02
7.575757575757576205e+02,-1.575757575757575751e+03
-1.303030303030303003e+03,1.063382223492381854e+03
-1.030303030303030255e+03,4.545454545454545610e+02
-9.136073623478067418e+01,8.751747161823620900e+02
6.378556055972576360e+02,-4.540156144253829780e+02
1.088759911644794101e+03,1.611709031993908411e+03
-8.134294124816592557e+02,1.272727272727272748e+03
-5.948868770514418429e+02,9.532671441151244380e+02
-3.333333333333331439e+02,-1.028933663445707680e+03
3.939393939393948472e+02,-1.485213479171769109e+02
-3.939393939393939377e+02,-1.636363636363636488e+03
7.931049646877697796e+02,-1.167036321572937140e+03
-6.363636363636366013e+02,6.335546955834184928e+02
-5.454545454545454959e+02,8.465342938626080240e+02
6.428591588861571609e+02,1.611175994851366795e+03
6.970043899312054236e+02,-5.839575614505002932e+02
-1.151515151515151501e+03,-1.212121212121212182e+02
6.363636363636368287e+02,-1.060606060606060737e+03
-1.067796022292522821e+03,-1.281745071202497456e+03
0.000000000000000000e+00,-1.205282843247591700e+02
8.181818181818182438e+02,-9.393939393939394904e+02
6.633463588316687698e+00,5.757907012770040183e+02
2.424242424242424363e+02,-2.121212121212119257e+02
1.212938926636758623e+02,1.060687832057615196e+03
-6.893335961632994895e+02,6.971875824381578468e+02
3.636363636363636260e+02,-6.032044303036401516e+02
3.076923076923087663e+01,1.060606060606060737e+03
-4.198993090081112882e+02,1.002819956397421265e+03
-6.993043187356790895e+02,-3.377660645238646566e+02
6.697487569699255801e+02,-6.969696969696969973e+02
-6.969696969696969973e+02,6.409306990759539531e+02
8.388273910469703196e+02,-1.250900028005351032e+03
7.878787878787878753e+02,-1.042705783383216612e+03
0.000000000000000000e+00,-1.759144060232869606e+03
-1.181818181818181984e+03,9.696969696969697452e+02
1.476893939393940173e+03,4.655303030303038554e+02
-1.360032105449699657e+03,7.272727272727272521e+02
-1.212121212121212182e+02,9.393939393939394904e+02
-8.815328086110994263e+02,-1.515151515151515298e+02
-1.030303030303030255e+03,2.616277417105438303e+02
8.787878787878788671e+02,-1.242424242424242493e+03
1.204205943182916599e+03,-1.363636363636363740e+03
-4.213689937221810169e+02,5.757575757575757507e+02
-1.002788818954109729e+03,-1.212121212121212182e+02
1.242424242424242038e+03,2.415217269080691551e+02
-1.060512305803634035e+03,9.090909090909095767e+02
-2.108519703381979014e+02,4.600725562851964696e+02
-2.121212121212121247e+02,2.121212121212121247e+02
-8.749551591710057892e+02,2.572720101007719222e+02
3.426283653528006425e+02,-6.363636363636363740e+02
5.454545454545454959e+02,-1.696969696969696997e+03
-4.900809254913773998e+02,-9.696969696969697452e+02
-8.491967015736108806e+02,-2.727272727272727479e+02
-1.454545454545454504e+03,1.121566259944630019e+03
7.575757575757576205e+02,-9.073139249634139105e+02
1.145328045242689768e+03,-1.605002925354740682e+03
-1.394238998275684480e+03,-6.969696969696969973e+02
-4.847079785621965016e+02,-6.665261603803780872e+02
-1.110617683560035260e+02,5.545622067567081785e+02
1.278379593568216706e+03,2.121212121212116983e+02
1.247314862963527503e+03,9.393939393939394904e+02
5.149527457204723078e+02,5.577803279401335885e+02
1.249798140316023819e+03,-3.028689925510283274e+02
-1.242424242424242493e+03,1.030303030303030255e+03
0.000000000000000000e+00,-1.121212121212121247e+03
3.223353607564470025e+01,-1.727272727272727252e+03
1.393939393939393995e+03,-1.484848484848484986e+03
-5.974300534909023099e+02,7.683244213286579907e+02
3.030303030303030454e+01,-1.494823639070352215e+02
6.969696969696969973e+02,-1.151515151515151501e+03
-7.567079766582750153e+02,-3.030303030303030454e+01
-3.199673927373982352e+01,-1.181818181818181984e+03
-1.424242424242424249e+03,6.969696969696969973e+02
-8.421514704486330629e+02,-1.818181818181818130e+02
-6.666666666666667425e+02,-3.636363636363636260e+02
-5.508183276340768089e+02,-6.323039990497854888e+02
-1.421326929728110144e+03,4.545454545454545610e+02
5.854587257417282444e+02,-4.242424242424242493e+02
1.121212121212121247e+03,-1.484848484848484986e+03
-8.787878787878788671e+02,-1.332215347374096609e+03
2.765518952308112262e+02,1.588993926948836588e+03
-7.878787878787878753e+02,1.333333333333333485e+03
-7.878787878787881027e+02,6.943807170249591536e+02
-8.648069793454330920e+02,-7.618546713654639007e+02
8.510913348561188059e+02,1.606060606060606460e+03
-4.848484848484848726e+02,9.425480610519350648e+02
5.034784266120590246e+02,7.712059424431110983e+02
1.818181818181818130e+02,-1.818181818181818130e+02
6.999168869053636399e+02,-7.575757575757573932e+02
1.303030303030303003e+03,-1.454545454545454504e+03
-1.247592691371861662e+02,1.303030303030303003e+03
-1.303759477859071922e+03,-1.515944428095160390e+02
-1.277167731840149827e+03,-1.002673449295375235e+03
7.773175044887921104e+02,-6.409989319373138414e+02
1.782003710575139621e+03,-4.638218923932585724e+00
3.030303030303030454e+01,-1.089356702181689798e+03
-5.478150454478037545e+02,1.117577893728042000e+03
7.227205725811409138e+02,8.916633165936008254e+02
-1.260968862707435392e+03,7.899602299607551004e+02
-1.181818181818181984e+03,-2.150219784792699897e+02
3.939393939393943924e+02,4.178558372632431883e+02
-4.545454545454545610e+02,3.078554832439374422e+02
-1.060606060606060737e+03,5.175375232651872466e+02
-7.878787878787878753e+02,-1.493743047054590534e+03
9.090909090909091219e+02,-2.723114064434896022e+02
1.042261515057289216e+03,-1.668172519502581054e+03
-1.837318406446903793e+02,-5.417777980533018933e+01
-6.666666666666667425e+02,-5.454545454545454959e+02
-5.260888235848522072e+02,-1.222559107977872372e+03
1.400233226476912478e+03,-1.423931515958289538e+03
5.145501189871944234e+02,2.826473760750771476e+02
9.803778922754376026e+02,-1.121212121212121247e+03
-5.497789549270256515e+01,1.399769756707351689e+03
-1.090909090909090992e+03,3.030303030303030596e+02
5.454545454545454959e+02,-4.848484848484848726e+02
-1.393939393939393995e+03,3.548277344747304483e+02
2.751245084918023167e+02,-1.727272727272727252e+03
8.181818181818182438e+02,1.545454545454545496e+03
-9.090909090909093493e+02,-1.081196246248587016e+02
6.978985887888400157e+02,9.393939393939394904e+02
1.373139061935915606e+03,-1.515206603257599681e+03
1.212121212121212182e+02,-9.214208707554556099e+01
-1.420060508018043947e+03,-8.946831400936315504e+01
-1.030303030303030255e+03,1.456334453564378691e+03
-4.242424242424240219e+02,2.749639119312786306e+02
-9.090909090909090651e+01,-1.216027794120754351e+02
-7.211886045747831986e+02,-7.513152902564975193e+02
4.545454545454545610e+02,-5.424842923739652178e+02
1.210437574106199918e+03,6.060606060606060908e+01
-1.818181818181818130e+02,-1.726106920410220255e+03
-1.403939061180099088e+03,1.060606060606060737e+03
-6.060606060606039591e+01,1.253977886766922893e+03
9.090909090909091219e+02,-1.242424242424242493e+03
-1.818181818181818130e+02,2.115681621345307519e+02
1.324115757913615425e+03,-1.393939393939393995e+03
-1.213229202856905431e+03,6.064680344897924442e+02
-8.501237527710627546e+02,5.454545454545450411e+02
-1.424242424242424249e+03,8.181818181818182438e+02
-9.090909090909090651e+01,9.090909090909091219e+02
1.234094172343326818e+03,-1.393939393939393995e+03
-8.181818181818182438e+02,1.363636363636363740e+03
-6.642891073708522072e+02,-9.001859124502079794e+02
4.848484848484848726e+02,-1.666666666666666742e+03
7.973734230012128421e+01,2.034672984577943566e+02
-9.077315556812371824e+02,-3.855166330167403999e+02
-9.682725363883463388e+02,1.061137394077767567e+03
6.969696969696969973e+02,1.006780441157761857e+03
8.181818181818177891e+02,-6.118490079898596150e+02
6.111563234044120918e+02,1.515151515151515241e+03
-9.001122334455667442e+02,-6.704545454545454959e+02
-1.121446516132093848e+03,6.044979732607892231e+01
-1.828372013460710150e+03,-1.156263321846339750e+03
-1.332687215926285717e+03,1.459004824032419492e+03
-1.183841230486467566e+03,-1.125349207411692760e+03
-2.404884437061691926e+02,-1.655194745271181318e+03
-7.575757575757576205e+02,-2.194128652115852844e+02
4.848484848484853273e+02,1.760661249395973755e+03
-1.186122939538842957e+03,1.278509484673136058e+03
7.575757575757576205e+02,8.484848484848484986e+02
-1.581550802139037387e+03,1.659982174688056830e+03
-7.272727272727274794e+02,1.272680689879051897e+03
3.030303030303030454e+01,6.060606060606060908e+01
7.878787878787878753e+02,-6.060606060606061192e+02
1.281478274049059564e+03,9.089726523162908052e+02
-1.555173187425548917e+02,5.519650647204119878e+02
8.361710768497172239e+02,-3.982197340546931059e+02
1.090909090909090992e+03,-1.454545454545454504e+03
-1.515151515151519561e+02,8.536345392930214757e+02
2.121212121212121247e+02,-7.914231733948740839e+02
-1.060606060606060737e+03,1.463656229392475780e+03
1.354197714853452226e+03,-7.223050173869833088e+02
1.250196792793601389e+03,-1.335258255036222181e+03
-2.473022942711474741e+02,1.077069485589366650e+03
2.740406036721274745e+02,-1.195437044932876233e+03
1.818181818181818130e+02,-1.087913340586056165e+03
1.077811012218624683e+03,3.475603414430673865e+02
7.640151725149701178e+02,1.196204609746120468e+03
2.153159805333637034e-13,-1.029512119916208803e+03
-6.063671802142746401e+02,-6.065059094028714526e+02
-9.096305692377338801e+02,9.391241093205270545e+02
2.121212121212125510e+02,1.643180113260692224e+03
-7.878787878787878753e+02,-3.030303030303030454e+01
-9.631363370789072178e+02,-1.212121212121212238e+03
3.333333333333333712e+02,-1.763987513974277135e+03
-1.073781291172595047e+03,-8.833992094861655460e+02
-7.554802053349646940e+02,-1.262784970379825836e+03
1.111618046372952222e+03,6.203193890393362153e+02
1.212121212121212238e+03,-1.333333333333333485e+03
-7.878787878787878753e+02,0.000000000000000000e+00
1.144395078605604795e+03,6.630211893369789777e+02
-1.060606060606060737e+03,3.030303030303030596e+02
-5.454545454545454959e+02,1.000000000000000000e+03
-5.011642250505065022e+02,7.575757575757576205e+02
-1.393091522297426309e+03,8.504780547100330068e+02
-9.696969696969697452e+02,-1.272727272727272748e+03
-1.034106149486428649e+03,-1.309874003005299755e+03
1.155576300386384673e+03,1.393939393939393995e+03
4.848484848484844179e+02,-3.044371553424194872e+02
1.123946767371913438e+03,-9.090909090909090651e+01
3.030303030303030454e+01,5.440741076926880169e+02
1.130412988118666135e+03,1.515151515151515241e+03
1.399641056001169943e+02,-6.990014373774323531e+02
-2.544624325446235673e+02,1.625985886259856670e+03
5.583427747274512285e+02,-1.727272727272727252e+03
7.139693840462414300e+02,2.044495635974835182e+02
-4.848484848484846452e+02,4.554743463645975794e+02
1.030303030303030255e+03,-1.395285864516265519e+03
1.181818181818181984e+03,-2.727272727272729753e+02
1.615335730907912648e+02,1.599967293995847513e+03
-1.336091164480236841e+02,3.333333333333333712e+02
0.000000000000000000e+00,1.424242424242424249e+03
-5.151515151515151274e+02,1.000000000000000000e+03
4.242424242424238514e+02,-1.505536902425156143e+02
-1.508350518878982257e+03,9.696969696969697452e+02
5.151515151515151274e+02,-1.757575757575757734e+03
1.366124227733993166e+03,-1.393939393939393995e+03
-1.000000000000000000e+03,1.056391705880229438e+03
1.181818181818182211e+03,9.476580388844407707e+02
5.757575757575757507e+02,-9.047208869536525526e+02
-8.193774156188248980e+02,1.212121212121212182e+02
-9.143197779359940114e+01,3.689076659011795414e+02
7.958136568454293638e+02,1.149054861361468738e+03
-8.061180262911415184e+02,3.674190094985976316e+02
7.518654316106293436e+02,-2.727272727272725206e+02
8.787878787878788671e+02,-3.998982958876503062e+02
5.340983922106598811e+02,-2.471832159073182424e+02
-5.375392765162503110e+02,5.151515151515147863e+02
6.162136791196763852e+02,-1.755834877915651191e+02
-1.365366997189699532e+03,-8.253013116910497047e+02
-6.363636363636363740e+02,-8.787878787878788671e+02
-4.240046880910918503e+02,8.497201617635598723e+02
-9.696969696969697452e+02,1.030303030303030255e+03
2.762947296866452120e+02,-1.356236856973213207e+03
1.210313055323075559e+03,-1.574951990927427914e+03
-4.848484848484848726e+02,3.333333333333333712e+02
7.238175571072329149e+02,-1.212121212121212238e+03
-1.575757575757575751e+03,1.060606060606061192e+03
-1.303030303030303003e+03,1.391982002978520313e+03
-4.883377455948336774e+02,-1.121212121212121247e+03
-4.876814216971048381e+02,-6.973909932407005954e+02
6.968405954290599311e+02,-1.181947283358818822e+03
1.272727272727272293e+03,-1.364950225292806408e+03
-2.121212121212121247e+02,-1.726521951667405574e+03
5.454545454545450411e+02,-1.616902920484313654e+03
-3.673507211085643007e+02,-1.090909090909090992e+03
-3.584130471424704751e+02,-1.608734944105479372e+03
-1.241218253218454493e+03,3.240124499093782902e+02
-9.371304930426081228e+02,6.496270271641784575e+02
-1.485167029233587755e+03,-2.883861426394396403e+02
8.787878787878788671e+02,-6.060606060606061192e+02
-1.303030303030303003e+03,0.000000000000000000e+00
1.090909090909090992e+03,1.195225747872376587e+03
-1.545454545454545496e+03,1.121212121212120792e+03
-4.751204507538569146e+02,-1.632063672265403056e+03
7.878787878787878753e+02,-1.094541380498020771e+03
-5.952544195809435905e+02,-8.118004976091636991e+02
-4.555466742116336150e+02,2.698449123649936041e+02
1.030303030303030255e+03,-1.636363636363636488e+03
-9.037469676052086243e+02,9.090909090909090651e+01
1.151515151515151501e+03,-1.424242424242424249e+03
6.057854701359099181e+02,1.062273483107371021e+03
-5.757575757575757507e+02,-1.606060606060606233e+03
-9.911379996467846354e+01,1.398918259292919174e+03
-8.787878787878788671e+02,-1.427540451019021702e+03
-6.044258751591997907e+02,1.090909090909090992e+03
8.181818181818182438e+02,1.666666666666666742e+03
-1.151515151515151501e+03,1.000000000000000000e+03
-2.496267263263334257e+02,9.393939393939394904e+02
-7.839880433156306481e+02,4.916028414147268677e+02
-4.217145798776627998e+02,9.595279372530867477e+02
1.151481011292182075e+03,-1.273393698728008530e+03
-1.027771151412145628e+03,1.620915307067519109e+02
1.215231585578880185e+03,3.030303030303030454e+01
-1.225072355285258681e+02,1.103965335445956725e+03
6.058718402944235493e+01,-1.545386086279867754e+02
-1.453545822490047385e+03,-3.314055446168287062e+02
-1.424156841616191514e+03,4.848484848484848726e+02
-7.585053045977166448e+02,-7.641623476220377142e+02
2.728514043126522779e+02,-1.194208602443381153e+02
9.393939393939390357e+02,-2.722980327702341015e+02
-1.424242424242424249e+03,-3.855727406562538135e+02
1.232445712823079020e+03,-4.209086519542723863e+02
-1.420875420875420787e+03,-5.454545454545454959e+02
-7.878787878787878753e+02,-3.636363636363636260e+02
5.151515151515151274e+02,6.363636363636363740e+02
8.420936576332638879e+02,-6.791000073018631156e+02
6.969696969696965425e+02,1.486811717041568045e+03
-1.212121212121212238e+03,-9.374354939627798444e+01
-8.787878787878788671e+02,-5.454545454545454959e+02
-1.185005897146824736e+03,1.536460265379728014e+02
8.181818181818177891e+02,1.090909090909090992e+03
-3.651237794826103027e+02,5.300562439726222692e+02
2.637953433251240298e+01,1.246604502015617584e+02
-6.655428453196083183e+02,4.416851982349822379e+02
-1.515151515151515298e+02,8.181818181818182438e+02
1.216837729637166603e+03,6.661881896741336959e+02
-1.606060606060606233e+03,1.152849819309286431e+03
2.742633175156276479e+02,-1.270117614556771059e+03
-4.572801007052467526e+02,3.939393939393939377e+02
1.121212121212121247e+03,-1.454545454545454504e+03
6.363636363636363740e+02,7.902718432891932707e+02
-9.696969696969697452e+02,-1.242424242424242493e+03
9.130001858722662291e+02,1.523986996270968575e+03
-1.212121212121212238e+03,1.000000000000000000e+03
-8.149504995379502361e+02,3.333333333333333712e+02
6.969696969696969973e+02,9.696969696969692905e+02
-1.090624107748376673e+03,1.486605601368857606e+03
1.823924759409354692e+02,-8.194739799580135013e+02
1.151515151515151501e+03,2.929608654379741211e+02
-6.060606060606060908e+01,3.939393939393939377e+02
1.030303030303030710e+03,-1.115269615188309444e+03
8.971652348342839787e+02,2.366671540694701150e+02
-1.515151515151517287e+02,2.741683354927081382e+02
-1.121212121212121247e+03,9.352094377627199151e+01
-1.121212121212121247e+03,9.090909090909091219e+02
-1.424242424242424249e+03,1.000000000000000000e+03
-1.010116302795459205e+03,-6.060606060606060908e+01
1.254034034654911238e+03,3.487609322446032252e+02
-9.393939393939394904e+02,1.424242424242424704e+03
-7.406755154909862995e+02,-1.343426101075887800e+03
-1.001241452463868200e+03,-1.334574785797201457e+03
-1.303030303030303003e+03,5.454545454545454959e+02
-1.272727272727272748e+03,9.393939393939394904e+02
1.150754029140294506e+03,5.757575757575762054e+02
9.393939393939394904e+02,-5.454545454545454959e+02
-1.212121212121212238e+03,1.303030303030303003e+03
-1.242424242424242493e+03,9.090909090909095767e+02
2.716929616894941546e+02,-7.570127499584498310e+02
1.057671330538349366e+03,-4.207950179304148151e+02
6.060606060606061192e+02,-6.060606060606061192e+02
-1.151515151515151501e+03,-1.151515151515151501e+03
9.090909090909091219e+02,-1.209214117448749221e+03
-1.160217054890772488e+03,1.454545454545454959e+03
2.727272727272727479e+02,-2.121212121212123520e+02
8.259828505884697734e+02,-3.549181178796436029e+02
-1.030303030303030255e+03,8.181818181818182438e+02
-2.424242424242426637e+02,2.129145707214088645e+02
-1.121212121212121247e+03,1.454545454545454504e+03
1.186236163784799601e+03,-1.212121212121214313e+02
1.278091550315423319e+03,-4.008286721649137121e+02
8.787878787878788671e+02,1.696969696969696997e+03
8.119838224479815381e+02,7.770564951580083743e+02
-1.312507268646315197e+03,1.509526193519033086e+03
-8.484848484848484986e+02,-1.326971335448484524e+03
-1.636363636363636488e+03,1.121212121212121247e+03
2.727272727272727479e+02,4.521724056336269086e+02
1.052996094883970727e+03,3.161597880463937145e+02
5.454545454545454959e+02,6.363636363636363740e+02
2.727272727272727479e+02,-1.757575757575757734e+03
1.088323447939663765e+03,-1.682732178249802359e+02
-1.545454545454545496e+03,1.060606060606060737e+03
4.848168598894682759e+02,-6.629167210967547135e+02
-9.696230872561238812e+02,-1.631272384449371202e+02
6.669016125148441461e+02,-2.117296357075844071e+02
8.378109296370052306e+00,1.363511950691685115e+03
5.409444198838532429e+02,9.370877991060610839e+02
-9.393939393939394904e+02,-1.363636363636363740e+03
6.969696969696965425e+02,1.789361871640993513e+03
-4.545454545454545610e+02,1.211853117512938752e+03
-7.272727272727272521e+02,-6.969696969696969973e+02
-1.606060606060606233e+03,1.097850120977213464e+03
1.062158449333461931e+03,-1.393939393939393995e+03
8.199046108206987356e+02,1.793062387905897140e+03
-1.210149667400023418e+03,5.757575757575757507e+02
-9.957914041463400281e+02,5.151515151515151274e+02
7.621345990781607043e+02,1.272727272727273203e+03
-2.180286921737053074e+00,-1.696969696969696997e+03
9.755516488494206442e+02,-8.828754208693097780e+02
-1.090909090909090992e+03,-1.212121212121212238e+03
-1.121212121212121247e+03,9.393939393939394904e+02
4.545454545454545610e+02,-1.029605418546905867e+03
-1.000270875317172070e+01,1.330680432456556218e+03
3.428839704671052004e+02,5.156123896508883035e+02
-2.727272727272729753e+02,-1.676714792900650764e+03
-7.372967113404304484e+01,-1.759999551375415876e+03
-6.060606060606061192e+02,-1.606060606060606233e+03
-1.181818181818181984e+03,1.000000000000000000e+03
-5.183323821080122116e+02,-8.737227164914337436e+02
1.155400985608295741e+03,1.091811016980166414e+03
8.847752703740281959e+02,-1.606060606060606233e+03
-1.841847873517835296e+03,1.629763092994497583e+03
-1.518750547670275409e+03,9.368483695390633557e+02
-1.031548111609391526e+03,6.969696969696969973e+02
-1.575757575757575751e+03,1.090909090909091447e+03
9.393939393939394904e+02,-1.666666666666666742e+03
9.696969696969697452e+02,-1.030303030303030255e+03
-8.182126398395065507e+02,-1.301718249122473480e+03
-5.151515151515153548e+02,8.492587993927455727e+02
-1.669234720082177773e+03,4.904982023626105274e+02
9.461673063902143213e+02,-1.187552210942873899e+03
-1.121212121212121247e+03,-1.027689279063382855e+03
3.141576841723409075e+02,-7.567130791646141006e+02
6.325285155107983428e+02,7.286286472535833809e+02
8.484848484848484986e+02,1.666666666666666742e+03
-1.030303030303030255e+03,3.939393939393935398e+02
4.499352742223455834e+02,-1.616030220574401255e+03
-5.521010836197042408e+02,-1.637968476525560618e+03
-8.210288189566632582e+02,1.228376339138889307e+03
5.259990121927545488e+02,7.272727272727272521e+02
-1.138730439115372974e+03,-1.063247374715163687e+03
-8.503706352992264783e+02,-1.460241469851811644e+03
1.000000000000000000e+03,-1.090909090909090992e+03
-1.607466326382133275e+03,9.315345281947647891e+02
2.121212121212121247e+02,4.491243326809670862e+02
-3.021891065330286708e+01,-1.212121212121212238e+03
1.212121212121212238e+03,2.727272727272727479e+02
-1.212121212121212238e+03,5.072362462132199994e+02
7.721347681562397156e+02,1.454306946305733391e+03
1.122281351597458979e+03,-1.208856725569905848e+03
-1.484269435376978208e+03,1.465636940263584975e+01
1.121212121212121247e+03,-3.007847822069092558e+02
-3.030303030303030454e+01,-1.212121212121212182e+02
-8.181818181818182438e+02,-1.333333333333333485e+03
9.696969696969697452e+02,-1.268035030699709296e+03
-3.573102045360402030e+02,-7.259198330988685939e+02
5.271243049411874608e+02,-6.363636363636366013e+02
7.272727272727272521e+02,-2.398352624795045358e+02
-1.121212121212121247e+03,4.032539446674746273e+02
-2.424242424242422089e+02,4.316926944388569041e+02
4.545454545454545610e+02,-2.716951949371664341e+02
-8.181818181818182438e+02,-2.727272727272727479e+02
6.060606060606065739e+02,-9.692474694650233005e+02
-3.366785807947833860e+02,-1.653936174723928843e+03
1.151515151515151501e+03,-2.727272727272727479e+02
-6.060606060606060908e+01,-1.229638018600098803e+02
6.597630351675675229e+02,-9.393939393939392630e+02
1.277419487805469316e+03,2.426948457110414381e+02
4.814814814814814099e+02,6.969696969696969973e+02
1.052849557423836814e+03,4.868932401395653642e+02
-4.219470038061498371e+02,5.151515151515147863e+02
-1.151515151515151501e+03,9.696969696969697452e+02
-1.090909090909090992e+03,2.121212121212121247e+02
1.182043897742685431e+03,-2.237669289461265976e+02
-2.837252453041590883e+01,4.242424242424238514e+02
-7.575757575757578479e+02,-4.286895902405802872e+02
-1.018287569457587267e+02,3.316022015654424138e+01
7.575757575757576205e+02,8.170995670995673663e+02
-6.363636363636363740e+02,1.242424242424242493e+03
1.216809835433881972e+03,-3.030303030302987466e+01
1.146882955379650411e+03,6.574800772905662427e+01
-1.333333333333333485e+03,1.001930505772614424e+03
-1.473259675177522752e+02,-6.060606060606060908e+01
1.303030303030303457e+03,-1.363163947432195300e+03
7.257835378914933244e+02,-1.534298417498041090e+03
-1.115620598984048229e+03,1.102711733598069713e+03
5.759381791068188932e+02,-1.625656069453439841e+03
8.981586780328742634e+02,-7.272727272727274794e+02
1.047508532572426702e+03,-5.423364975539070656e+02
-1.197128737238820804e+03,-1.080833073516123477e+03
5.757575757575762054e+02,-6.089340365808493516e+02
-7.767409451840528618e+02,8.557572965462209140e+02
3.636363636363640808e+02,-1.763323992469134055e+03
-1.333333333333333485e+03,1.060606060606060737e+03
-7.575757575757576205e+02,-3.939393939393939377e+02
-1.121212121212121247e+03,3.636363636363636260e+02
-7.878787878787878753e+02,-1.333333333333333485e+03
1.121212121212121701e+03,-4.242424242424242493e+02
7.575757575757576205e+02,1.545454545454545496e+03
5.419359032579020550e+02,1.798000575836070539e+03
-5.757575757575757507e+02,-6.060606060606061192e+02
-1.458519867312891847e+03,6.666666666666667425e+02
-1.233019966244759644e+03,7.312689404652447820e+02
-6.652404318262690595e+02,-3.333333333333335418e+02
-1.090909090909090992e+03,4.996013270465504092e+02
2.121212121212121247e+02,-1.757575757575757734e+03
6.363636363636363740e+02,-9.857661341875320886e+02
-1.189365732399946580e+02,9.090909090909090651e+01
1.060606060606060737e+03,-1.151515151515151501e+03
-4.545454545454545610e+02,-1.124990020620369933e+03
1.149964643006754386e+03,1.057125902595250636e+03
5.215742830969377337e+02,1.727272727272727025e+03
9.411087405644650516e+02,2.349568861964811788e+02
-1.454545454545454504e+03,1.090310242442215440e+03
8.484848484848480439e+02,1.726165148258172167e+03
1.153627774401250235e+03,-1.239647127519719788e+03
1.210056839822432266e+02,-1.837758910500942591e+02
1.283212581586057013e+03,-3.327541605921117593e+02
8.484848484848484986e+02,-1.511669161884103687e+03
-8.181818181818182438e+02,8.787878787878788671e+02
-9.944306275526387253e+02,-2.121212121212121247e+02
-1.181818181818181984e+03,-1.212121212121212182e+02
-9.462428937414608754e+02,-1.174131278981604055e+03
6.637742872318170839e+02,-1.090909090909090992e+03
-9.272598369097913746e+02,1.333333333333333485e+03
-2.743620036286790196e+02,-1.636363636363636488e+03
6.227178435249979884e+02,-8.852536062772339847e+02
-5.899221778838826822e+02,-6.831874606634975180e+02
-1.454545454545454504e+03,-6.060606060606060908e+01
9.090909090909090651e+01,3.079209235695884104e+02
-7.878787878787878753e+02,-6.060606060606060908e+01
-5.452812888334946138e+02,-8.461776237186729759e+02
-1.272727272727272748e+03,5.092369505280504995e+02
4.512673958167430328e+02,5.665327494933362686e+02
-1.151515151515151501e+03,9.090909090909091219e+02
1.708121212121212920e+03,-7.083636363636356919e+02
9.163567411457913181e+01,1.522417347206397551e+02
-6.666666666666667425e+02,-5.151515151515151274e+02
-2.767696240151792040e+02,1.096769479454736029e+03
-8.746887857603403518e+02,-9.090909090909090651e+01
-1.515151515151515241e+03,1.119105008685671919e+03
-1.269955112547443377e+03,1.295404888815389954e+00
-1.262391751452109219e+02,1.340972345162755119e+03
3.152878863507337428e+02,3.013761122834013122e+02
5.454545454545454959e+02,-5.151515151515151274e+02
-1.272727272727272748e+03,-3.030303030303030454e+01
-7.784325962283952549e+02,1.168403670910104637e+02
-2.126742621078934974e+02,-1.393939393939393995e+03
5.454545454545454959e+02,-3.077345626850205349e+02
-9.090909090909090651e+01,1.363636363636363740e+03
-1.182596910300459058e+03,4.545454545454545610e+02
9.090909090909048018e+01,-1.089532644264659893e+03
9.393939393939394904e+02,-1.060606060606060737e+03
5.151515151515151274e+02,-1.727272727272727252e+03
-1.389975728098612080e+03,-5.916617829210194941e+02
9.297153644966856518e+02,3.287933388195042994e+02
1.146321833719355709e+03,6.969696969696969973e+02
-5.151515151515151274e+02,4.639798254188928581e+02
1.000000000000000000e+03,1.668525689174992294e+03
-1.151172790026556413e+03,4.280361840041172741e+02
-3.030303030303008782e+01,1.303030303030303003e+03
-1.045609149770899421e+03,7.878787878787878753e+02
7.371577324535863909e+02,1.572176407804066685e+03
6.093065579485473791e+02,9.393939393939394904e+02
6.926733648885729053e+02,1.151515151515151956e+03
1.121212121212121701e+03,-1.368143827238063295e+03
-4.848484848484851000e+02,8.209579810681398158e+02
6.060606060606061192e+02,-2.121212121212121247e+02
-6.060606060606060908e+01,5.159037997994236093e+02
9.896740597957676755e+02,1.606060606060606233e+03
5.587683465457206466e+02,1.696969696969696997e+03
-4.242424242424242493e+02,8.181818181818182438e+02
-1.454545454545454504e+03,8.787878787878788671e+02
5.149925030295140687e+02,-4.846894727264835865e+02
1.000000000000000000e+03,-1.670348556086370536e+03
1.221042040875404609e+03,-9.275477961685440675e+01
7.915103449675428919e+02,1.698900317189608586e+03
3.636363636363636260e+02,-1.493269016086587442e+02
2.727272727272722932e+02,1.674186750123484899e+03
9.555757789369948796e+01,9.663231936793894192e+02
8.039394829221904502e+02,2.070411898823594754e+02
-8.457670008928297420e+02,1.394029846019926254e+03
7.908220190655742954e+02,1.030303030303030710e+03
2.414462930535055705e+02,-1.666666666666666742e+03
-6.317460119735640092e+02,-3.939393939393946198e+02
8.638231642053160613e+02,-1.634663262086007080e+03
-4.230867089042392877e+02,6.060606060606056644e+02
-1.126519855859358358e+03,7.575757575757571658e+02
-1.370146479835153968e+03,9.344926696357085802e+02
-1.818181818181818130e+02,1.151515151515151501e+03
-1.212121212121212238e+03,8.484848484848484986e+02
9.090909090909091219e+02,-1.641466426261139077e+03
7.878787878787878753e+02,-9.090909090909091219e+02
-8.773958031663352131e+02,4.242424242424242493e+02
3.701032787713882755e+01,1.131343446477041198e+03
-1.515151515151515298e+02,-1.758085690131764522e+03
-1.482697191291598983e+03,6.060606060606104251e+01
5.454545454545454959e+02,6.060606060606061192e+02
2.423480691975293837e+02,-1.696969696969696997e+03
1.000000000000000000e+03,-3.008981998726207507e+02
-1.201756426453357562e+02,1.272727272727272293e+03
-1.424242424242424249e+03,6.119751706840712586e+02
-5.757575757575757507e+02,-8.725122439119421642e+02
-1.484848484848484986e+03,1.123912723000300502e+03
6.074674583727222625e+02,-4.848484848484846452e+02
-8.787878787878788671e+02,-6.363636363636363740e+02
1.772302463891250227e+03,4.466156896063449722e+02
-6.599473986636000973e+02,-2.950228144276011335e+02
-8.108792476268736209e+02,-7.319552063768104517e+02
-3.030303030303008782e+01,-1.035282099184802519e+03
1.005721376901476560e+03,-5.151515151515151274e+02
7.441764764442485784e+02,7.519401991127231213e+02
5.406384799763769706e+02,1.005538538159206382e+03
7.878787878787875343e+02,1.788851613323400898e+03
6.362494049539134267e+02,-6.711426835161233839e+02
-9.696969696969697452e+02,-2.727272727272727479e+02
-1.030303030303030255e+03,-1.242424242424242493e+03
1.263644314753305054e+02,2.759683486661561460e+02
7.575757575757559152e+02,1.789536710690782002e+03
-5.146470169092666538e+02,6.969696969696974520e+02
-4.219648544904518417e+02,3.578721554904900586e+02
1.242424242424242493e+03,-3.365589551168262687e+02
-8.484848484848484986e+02,1.363636363636363740e+03
1.086799071057107767e+03,-5.254053482681797504e+01
1.075231383221450187e+03,-1.286385452493758294e+03
1.163257862517107924e+03,-4.304778140270250333e+02
1.242424242424242948e+03,-1.572436813982749072e+03
5.151515151515147863e+02,-1.812026509998507606e+02
-2.727272727272725206e+02,4.566368526641094263e+02
-1.424242424242424249e+03,-4.826332548506396165e+02
-1.074533955357458126e+03,-2.447359626024207842e+02
1.030303030303030710e+03,1.540563924915260259e+03
-1.181818181818181984e+03,8.787878787878788671e+02
1.188063345312059027e+03,1.400170414916980803e+02
9.346370279221399642e+02,-9.090909090909091219e+02
6.363636363636359192e+02,-5.754715714081384021e+02
-7.575123846007958264e+02,1.333396706308295052e+03
-1.060606060606060737e+03,1.448759024171391729e+02
-8.181818181818182438e+02,8.484848484848480439e+02
-1.424847854547302859e+03,3.333333333333337691e+02
-1.212121212121212182e+02,5.149635614219587296e+02
-8.484848484848484986e+02,-6.363636363636363740e+02
-1.330391926337496670e+03,-8.484848484848484986e+02
3.938338373482640691e+02,-5.756520191664457116e+02
1.059071038602837234e+03,-1.182267681947866322e+03
6.971902155983275406e+02,1.181818181818181984e+03
-7.900342258422010673e+02,-6.969696969696969973e+02
-1.869513222665954686e+02,2.436608705458512247e+02
-1.530022595391657489e+02,9.696969696969701999e+02
1.212121212121212238e+03,9.379275912734641452e+02
3.333333333333333712e+02,-2.121212121212121247e+02
2.121664399543965089e+02,-1.087658236253952850e+02
8.541284826732464808e+02,1.760392089954549192e+03
-5.757575757575757507e+02,6.060606060606061192e+02
-4.545454545454545610e+02,-1.060606060606060737e+03
-2.951957308051484929e+01,2.553676993664147687e+02
1.187833250514335305e+03,-1.424242424242424249e+03
-1.821732399905079660e+02,5.019200602870496937e+02
1.067142072094137120e+03,1.508704177808958320e+03
-1.121212121212121247e+03,-2.183940804544786829e+02
-3.939393939393939377e+02,-1.667748917748917847e+03
1.120143114076109441e+03,1.545454545454545496e+03
1.363636363636363740e+03,-1.424242424242424249e+03
8.181818181818182438e+02,-8.484848484848484986e+02
9.393939393939398315e+02,-1.574044031737957766e+03
-1.860542568997636181e+03,-2.767257908303323006e+02
-9.090909090909091219e+02,6.060606060606060908e+01
-8.526011509535697996e+02,-1.363636363636363740e+03
1.721634954193093336e+03,-3.925299506694863112e+02
-6.363636363636363740e+02,-1.575056448248414199e+03
-1.000000000000000000e+03,6.969696969696969973e+02
2.915356330161960159e+02,-1.000347744044962383e+03
-5.122042814476551484e+02,-6.304642440079264816e+02
-9.716039309320100301e+02,-3.030303030303032870e+02
1.515151515151511035e+02,-1.769884140006384996e+03
-8.178700569982057687e+02,-1.364233141122256029e+03
-1.055351145368218795e+03,1.156323712547387004e+03
9.090909090909090651e+01,-1.789362309356778724e+03
1.214609076218841665e+03,0.000000000000000000e+00
1.181818181818181529e+03,-9.090909090909113388e+01
9.060269341083252357e+02,-5.414193625920587465e+02
1.149962762787750762e+03,-2.424242424242424363e+02
-1.363636363636363740e+03,1.093246705647141653e+03
-2.424242424242424363e+02,-7.878787878787878753e+02
-6.304889822059546987e+02,-8.442812881517675123e+02
-1.695887445887445892e+03,-3.300865800865739175e+01
-5.936302690109112064e+02,6.307617575776473586e+02
9.090909090909091219e+02,-9.393939393939396041e+02
-6.329612608974300656e+02,-5.454545454545454959e+02
-9.696969696969697452e+02,1.424242424242424249e+03
-7.575757575757576205e+02,-1.515151515151515298e+02
-1.490103756705310161e+03,7.570395752412918000e+02
-1.090909090909090992e+03,-1.181818181818181984e+03
7.990215206345836805e+02,-1.636458407230275043e+03
-4.246644151020771574e+02,-1.244703026822077618e+03
7.007066553335206436e+02,1.368501564530441556e+03
1.212603329353671171e+02,-1.757061972268006684e+03
3.333333333333333712e+02,-1.066265261334182469e+03
5.757575757575757507e+02,-1.696969696969696997e+03
-9.956750727984108380e+02,2.727272727272727479e+02
1.196876501523140405e+03,3.054325719154156786e+02
-1.212121212121214313e+02,-1.760573986047164908e+03
-1.417540004510222161e+03,4.242424242424238514e+02
9.430202582382527225e+02,-1.146308374097636033e+03
-1.480965286179213308e+03,9.394092286483571570e+02
-1.028097464019452900e+03,1.121924853519315320e+03
7.272727272727269110e+02,-8.119992932839332980e+02
1.121212121212121247e+03,-1.977530078903243407e+02
-7.255472247402435642e+02,3.634065035998220878e+02
-6.322027300015527089e+02,-4.242424242424242493e+02
-1.363636363636363740e+03,1.037177361628443805e+03
9.104788098032566950e+02,-6.074485067729538059e+02
-2.508966318876387618e+02,-9.905838366071769769e+02
8.181818181818186986e+02,-2.744943455453305319e+02
8.484848484848484986e+02,-6.060606060606061192e+02
-3.629241616929814427e+02,-1.515151515151515241e+03
2.782938174949347285e+02,-1.695997693976376695e+03
6.223493523506689371e+02,-1.758108891679425142e+03
5.756709303218683544e+02,7.910431016473644377e+02
-5.189092157985980975e+02,7.278390618715358187e+02
-1.424242424242424249e+03,8.484848484848484986e+02
7.608104014648122302e+02,1.242424242424242493e+03
-7.506073200770472340e+02,3.363869342390087240e+02
2.089939476117932884e+02,-1.307719128895625090e+03
4.848484848484848726e+02,6.666666666666667425e+02
-9.090909090909090651e+01,-7.211668037490770899e+00
4.463005522915595975e+02,1.760306374216316954e+03
8.566616167402913788e+02,-1.933258137824963796e+03
4.545454545454545610e+02,-1.757575757575757734e+03
5.454545454545454959e+02,1.757575757575757734e+03
-3.939393939393939377e+02,3.254180643950381864e+02
8.237557603262600878e+02,-1.303030303030303003e+03
1.053731181063247732e+03,1.283346299877031470e+03
-1.501303684402429042e+02,1.212121212121212238e+03
-9.090909090909091219e+02,4.242424242424242493e+02
9.065109867340073606e+02,-7.575757575757576205e+02
1.158130647436425761e+03,-1.639289395753526605e+03
2.263022149718213143e+02,-6.666666666666665151e+02
1.515151515151519561e+02,5.438675333009404085e+02
5.454545454545454959e+02,-1.757575757575757734e+03
-2.424242424242424363e+02,3.208231929348339122e+02
-5.454545454545454959e+02,-9.148596337405315353e+02
-8.690272353145944351e+01,1.181195393345343064e+03
6.958874458874457787e+02,-8.181818181818182438e+02
-1.151515151515151501e+03,3.878604787438406447e+02
-6.969696969696969973e+02,-2.970084379846798015e+02
6.776854453184816975e+02,7.873335386019799671e+02
-1.456950034773298967e+03,2.727272727272722932e+02
2.861952861952874514e+02,8.417508417508415732e+02
3.030303030303030596e+02,1.689793575850603474e+03
1.217399924619960757e+03,-2.721838511357837547e+02
-1.812193879434164955e+03,2.467316856647147745e+02
8.204184573858236718e+02,9.696969696969697452e+02
9.393939393939390357e+02,-1.452438342019005177e+03
6.635098960944062583e+02,1.242424242424242493e+03
-8.211006706106153388e+02,-3.030303030303030596e+02
-1.159555410276191196e+03,-1.196882714301287024e+03
2.353092710366338167e+02,1.570952423524430515e+03
1.212121212121216445e+02,-1.089236842326086162e+03
7.559635417234327406e+02,-1.034305106372734372e+03
6.965027760096966176e+02,1.117745091423359781e+03
-1.274260521156577397e+03,1.358742040229017448e+03
-1.266001689816760745e+03,-9.696969696969697452e+02
-4.545454545454545610e+02,8.181818181818182438e+02
-6.408365937666102354e+02,1.212121212121212238e+03
-9.393939393939394904e+02,-3.636363636363638534e+02
-8.204063966186461130e+02,6.060606060606060908e+01
-9.972642400191214165e+02,8.495791524771993863e+02
-7.930262411537383969e+02,8.069053440958423380e+02
8.191576075726716226e+02,9.393939393939394904e+02
-9.131900021184476373e+02,2.727272727272727479e+02
-8.787878787878788671e+02,-1.393939393939393995e+03
6.721694267459952243e+02,1.310199136275659157e+03
-1.548216142820143659e+03,9.948039363263744690e+02
-8.484848484848484986e+02,-1.409090909090909236e+03
-1.058521992961540036e+03,-1.003248200362878606e+03
-5.864467198768875278e+02,8.459937740443937173e+02
5.579681917960999726e+02,1.666064603576347054e+03
-1.454545454545454504e+03,-3.636363636363636260e+02
-1.393130943889407718e+03,7.878787878787878753e+02
-4.848484848484848726e+02,1.242424242424242493e+03
-9.393939393939394904e+02,-3.030303030303030596e+02
-1.246486634102496055e+03,-5.926932579372714827e+02
7.995738754614926620e+02,3.596521130351007969e+02
-7.575757575757576205e+02,-2.748186708459278407e+02
-1.090909090909090992e+03,3.636363636363636260e+02
-1.365617730700088941e+03,1.454496679763682778e+03
5.294765840220393329e+02,3.250688705234217935e+01
1.045660154163157642e+02,-1.029694780600629883e+03
-9.289174036131875027e+02,-1.257656775565413454e+03
1.000000000000000000e+03,-1.160444088051166773e+03
-3.588512624320730993e+02,6.363636363636372835e+02
4.846243682242274531e+02,-5.132024682232860187e+02
8.484848484848484986e+02,1.515151515151515241e+03
-1.090909090909090992e+03,8.787878787878788671e+02
6.654086172939960306e+02,1.212121212121211784e+03
-3.654798518839936037e+02,-1.060606060606060737e+03
-1.151595749539744020e+03,9.082849288449823177e+01
-1.483968046853776514e+03,-1.212121212121214313e+02
-2.727272727272727479e+02,-7.848380940263689354e+02
2.398334674450476882e+02,-1.619522028447505591e+03
-1.181818181818181984e+03,-9.090909090909090651e+01
1.060606060606060737e+03,1.554233869665262773e+03
3.030303030303030454e+01,-6.060606060606060908e+01
6.060606060606060908e+01,-8.227455302543373818e+02
-1.090909090909090992e+03,9.090909090909095767e+02
-1.127667160368366694e+03,1.216348296100711423e+03
-7.272727272727272521e+02,1.304398592396861432e+03
1.030486004248221434e+03,1.669211769742526258e+03
-7.126633222644514944e+02,-1.218676083256480752e+03
-2.727272727272727479e+02,1.937776031648933497e+02
1.438379389085448111e+03,-1.454040562943918076e+03
-1.580728768998214573e+00,1.092658927065759826e+03
-3.030303030303052125e+01,3.939393939393939377e+02
-1.098844517976108591e+03,1.651918755685257452e+02
-9.006786663616697979e+02,-1.114098572228309877e+03
1.515151515151515298e+02,-8.088672674537377816e+02
2.723749449328244623e+02,-1.151515151515151501e+03
-1.194665357343127141e+02,8.181818181818182438e+02
5.168297185169885779e+02,-6.671436725808184747e+02
-7.955612534179484783e+02,-4.024223676201644935e+02
1.181818181818181984e+03,-3.030303030303032870e+02
1.181818181818181529e+03,8.962484733207174941e+02
-1.915750548913041769e+02,-1.000453896467405343e+03
1.148313884258321423e+03,1.454545454545454504e+03
9.696969696969692905e+02,-1.333333333333333485e+03
4.254483417319983687e+02,-1.415560591627613348e+03
9.083664609962207805e+02,-7.878787878787878753e+02
9.511347365736743598e+01,1.093360702341998831e+03
2.121212121212121247e+02,-1.089152815854427217e+03
3.636363636363636260e+02,-1.818181818181818130e+02
7.396017426433669470e+02,-8.484848484848482713e+02
1.145212251103709150e+03,7.442752324868328060e+02
-7.382172786781413834e+02,-8.329664076643024373e+02
6.874500867763024416e+02,-8.484848484848484986e+02
1.664429227411309000e+02,1.431292543051284156e+03
-1.498965110855598368e+02,1.247880972131689532e+03
-7.836022060091703452e+02,6.060606060606060908e+01
-1.028372524530416058e+03,1.212121212121212182e+02
-8.484848484848484986e+02,-2.121212121212121247e+02
-7.878787878787878753e+02,-1.291446292783197123e+03
1.212121212121212182e+02,1.515151515151515241e+03
-9.997018768237297763e+02,-9.090909090909090651e+01
-9.090909090909090651e+01,2.121212121212121247e+02
5.151515151515151274e+02,-9.984118786872386409e+02
5.151515151515151274e+02,-1.689310949627918035e+03
-7.844164628464867519e+02,1.366588967398383829e+03
-6.060606060606061192e+02,-5.757575757575757507e+02
6.809278223639763610e+02,3.904918517186678741e+02
9.696969696969697452e+02,-3.070450658900803091e+02
-1.195839775253315338e+02,1.212121212121212182e+02
-1.992606787884765538e+02,-1.063038491089475201e+03
4.035576134249143934e+02,1.729971271283529404e+03
-2.117757980207983053e+02,1.041694665926484049e+03
-1.030303030303030255e+03,8.484848484848484986e+02
2.125364626596822575e+02,-1.166668649287095150e+03
9.696969696969697452e+02,-5.151515151515151274e+02
1.101289263378725764e+03,-1.638079284121809451e+03
-1.457514688632972138e+03,-4.848484848484848726e+02
5.757575757575757507e+02,9.696969696969697452e+02
-7.087686531857461887e+02,4.326558255020805177e+02
-1.424242424242424249e+03,8.837554054593001638e+02
-8.787878787878788671e+02,1.393939393939393995e+03
5.490146283139689558e+02,4.311248238908499957e+02
2.121212121212121247e+02,-1.788180582635417977e+03
5.840445654586928868e+02,1.756961422518609197e+03
-3.598063530976915558e+02,-1.575757575757575751e+03
-1.002333089809530520e+03,-1.515151515151515298e+02
1.212121212121212238e+03,-1.303030303030303003e+03
-8.867975904675001857e+02,4.558615844752666817e+02
-1.131794729395749073e+03,1.391393011995226743e+03
-1.186455663582452189e+03,-5.640532471862306920e+02
8.553297838452476753e+02,7.790371519896622203e+02
-1.404428904428896487e+02,-3.350815850815846488e+02
-7.543941726546021300e+02,5.454545454545454959e+02
-1.425116282146842195e+03,3.636363636363636260e+02
-7.878787878787878753e+02,-1.288234714741618916e+02
9.176125357026343181e+02,1.478136372730662970e+03
6.060606060606060908e+01,-1.089333885491011642e+03
1.170093148049209731e+03,6.059532187974034514e+02
9.696969696969697452e+02,-1.666666666666666742e+03
2.424242424242424363e+02,-1.684800092867886576e+02
-8.526419785469298631e+02,1.270787132018178681e+03
-1.485506386623680328e+03,8.758974224513236777e+02
2.092583748544914215e+02,-6.150968452394238284e+02
1.593650064069789494e+02,1.509588538221529006e+03
1.072695248662312906e+03,-3.030166187010417502e+02
-1.515151515151515298e+02,2.415386296229608547e+02
-1.211663488293448154e+03,7.878787878787878753e+02
-1.330390659644874177e+03,3.387203069751427620e+01
3.164378690844977200e+02,4.848484848484848726e+02
-7.336154110417858192e+02,-1.303428154776808242e+03
-8.514187751739485748e+02,5.802680231117446965e+02
2.121212121212121247e+02,5.216541427680102743e+02
-3.037296515736148876e+02,-1.729137656721559779e+03
9.090909090909091219e+02,-5.757575757575757507e+02
4.242424242424238514e+02,-1.030303030303030255e+03
-8.787878787878788671e+02,9.439289506761788289e+02
8.557183752860289587e+02,-8.484848484848487260e+02
-7.575757575757573932e+02,5.795354751658244368e+02
-7.575757575757576205e+02,-7.161010779583875774e+02
2.095852017349980940e+02,-1.222669886592802868e+03
-6.060606060606039591e+01,1.312495558618604946e+03
-1.242424242424242493e+03,-1.004065020686622461e+03
-1.486146763482829101e+03,1.991304517674807926e+02
-4.239901477160888135e+02,7.123645089693478667e+02
-1.274670485740774211e+03,3.801051886820586105e+02
9.365364913111824308e+02,-8.181818181818182438e+02
-1.818181818181820404e+02,4.242424242424242493e+02
-8.181818181818182438e+02,-5.757575757575757507e+02
9.090909090909091219e+02,-3.095697489656159291e+02
4.611465668214157745e+02,6.363636363636363740e+02
9.393939393939394904e+02,-3.061570946970878708e+02
1.121212121212121247e+03,1.181818181818181984e+03
-1.486500549575723653e+03,-1.818181818181820404e+02
-1.418047056042341865e+03,1.122363517935748177e+03
-5.659582122450029829e+02,-5.521824314507770168e+02
-7.859609454632329744e+02,1.657591727640589454e+02
-1.485218644545200732e+03,-6.060606060606060908e+01
-1.520760092020795540e+01,-8.497187353960966902e+02
-6.365248324128215245e+02,1.090747894859905500e+03
3.333333333333333712e+02,1.694632082231646564e+03
-1.201544321592496544e+03,9.090909090909091219e+02
-1.242424242424242493e+03,-9.339695500672010553e+01
-1.121212121212121247e+03,-1.526423769162046540e+02
9.342911494964369012e+02,-8.787878787878788671e+02
-3.030303030303052125e+01,4.848484848484848726e+02
8.785999250583223557e+02,-6.971576506992536224e+02
-7.016794355260191196e+02,-7.878787878787878753e+02
-2.421598795387368597e+01,3.183051663703065515e+02
3.209903827023653662e+02,-2.810984963032340147e+02
8.178626773911169039e+02,-9.696969696969697452e+02
-1.636363636363636488e+03,1.151941290473529989e+03
1.610082049463074725e+02,-1.121212121212121247e+03
-1.333333333333333485e+03,-5.187461518069873136e+02
1.212121212121212238e+03,9.696969696969697452e+02
-1.424242424242424249e+03,1.090909090909090992e+03
1.090909090909090992e+03,-3.333333333333333712e+02
1.442370129870130086e+03,-1.021103896103895181e+03
7.330505342330289977e+02,-1.175048763427183758e+03
-7.229812128079815921e+02,-2.424242424242424363e+02
-1.293257428667277736e+03,4.374766206279763310e+02
-3.030303030303030454e+01,1.424242424242424249e+03
9.138384947736611821e+02,1.666666666666666742e+03
-3.648569350169276504e+02,-1.545454545454545496e+03
-5.151515151515151274e+02,9.696969696969697452e+02
-7.819046656918428653e+02,1.239587144014358728e+03
1.212121212121207918e+02,5.443436621512744296e+02
9.090909090909090651e+01,1.060606060606060737e+03
2.615009201363498619e+02,-2.433815985030571767e+02
-3.636363636363636260e+02,2.096573130771653268e+02
5.908411042879016577e+02,6.270039717727776178e+02
-1.189393939393938581e+03,1.822727272727274794e+03
1.181818181818181984e+03,-1.454545454545454504e+03
-1.219922355302035385e+03,8.181818181818182438e+02
1.060796569255925533e+03,1.640399592467583716e+03
-9.864598084722159044e+00,-1.528702818785218938e+02
3.333333333333333712e+02,-2.424242424242424363e+02
5.757575757575762054e+02,-4.545454545454545610e+02
0.000000000000000000e+00,1.058675554833446768e+03
6.597637154501429677e+02,1.032971121722316866e+03
7.879976315815254111e+02,8.483660047821110766e+02
-1.242424242424242493e+03,-5.603899789374302287e+01
-4.914877339464974284e+02,1.212121212121212238e+03
1.566168743143409188e+02,1.229159522029517149e+02
1.312529547883982787e+03,-1.586146314276179282e+03
-3.958698997120083618e+02,-1.606060606060606233e+03
1.458907377936170860e+03,-1.858919105690889637e+03
2.121212121212121247e+02,-2.134037488583271056e+02
-1.212121212121212238e+03,9.416979638527869838e+02
-4.545454545454545610e+02,-1.669154530764295941e+03
1.089211035404533732e+03,1.030303030303030255e+03
2.127542110528929413e+02,-1.121212121212121247e+03
8.045426524442026448e+02,-1.212121212121212238e+03
-5.269079166776522527e+01,1.515151515151515298e+02
-3.030303030303052125e+01,1.041366209732431798e+03
-8.164037491186618354e+02,-1.454213723460959272e+03
-1.454545454545454504e+03,8.465822493044139492e+02
-1.121212121212121247e+03,8.787878787878788671e+02
3.333333333333333712e+02,-1.536525756361004937e+02
8.743927197237259179e+02,-9.696969696969697452e+02
5.807099298788044734e+02,-9.869968920403736092e+02
-1.242424242424242493e+03,8.634838344673080428e+02
9.376638350477251151e+02,-1.490494035631846600e+03
4.306319610667274068e-13,-1.089071570616224790e+03
-9.245313394801883078e+01,-1.100161824605423135e+03
8.792626044849495202e+02,1.727747452969797905e+03
-1.000000000000000000e+03,-1.245352705258938386e+03
-9.090909090909113388e+01,5.151515151515151274e+02
1.515151515151515298e+02,-1.851116919581662614e+02
-1.820905110692911819e+02,1.191872056069825021e+03
1.003367003367003463e+03,-1.060606060606060737e+03
-1.305287300363178701e+03,-9.435896097339443713e+02
3.030303030303026048e+02,5.160079938964540816e+02
-3.963107267348505616e+02,2.102822998623225601e+02
-1.241503456640902414e+03,1.061184888668591611e+03
1.181818181818181984e+03,7.272727272727272521e+02
8.181818181818186986e+02,-1.727782659828734268e+03
1.060606060606060282e+03,-1.635850849183658511e+03
5.735235999116448369e+01,-9.949166386361804371e+01
-9.699885834656791985e+02,-3.333333333333335418e+02
6.401828935111683450e+02,-6.060606060606061192e+02
5.926314683289741652e+02,2.340934081074016717e+02
4.545454545454545610e+02,6.060606060606061192e+02
9.696969696969697452e+02,-1.558050518028729357e+03
4.861677859501953947e+01,-1.789557017007578452e+03
-6.969696969696969973e+02,1.272727272727272748e+03
9.090909090909090651e+01,4.782803083848465917e+02
1.068140214504217511e+03,-1.111221222584974385e+03
1.064008561705960801e+03,1.229211321745417990e+03
1.818181818181818130e+02,-1.212121212121212182e+02
-6.666666666666669698e+02,-1.571183382788237850e+03
-4.545454545454545610e+02,-9.696969696969697452e+02
-9.090909090909090651e+01,3.030303030303030596e+02
-3.030303030303030596e+02,-1.034504692679526897e+03
-1.232920832576323619e+03,6.363636363636368287e+02
-1.000000000000000000e+03,-9.723662793025985138e+02
2.184072820062849303e+02,-1.026090713158695507e+03
1.789968652037618085e+03,8.491814698711253868e+02
-1.399898295887650420e+03,-4.242424242424240219e+02
9.421827583480493331e+02,-7.878787878787876480e+02
-3.845413608171110695e+02,-1.004620804704553279e+03
-1.171516734293066293e+03,1.418520979847463877e+03
1.154664910683001153e+03,-1.391574476433469499e+03
-1.057466302945061670e+03,8.787878787878788671e+02
1.212121212121212182e+02,1.030303030303030255e+03
2.662322941333711412e+01,9.090909090909090651e+01
6.666666666666658330e+02,1.787676514670785764e+03
4.848484848484848726e+02,-5.757575757575757507e+02
6.666666666666667425e+02,1.484848484848484986e+03
1.121212121212121247e+03,2.727272727272727479e+02
3.087068133115511870e+01,1.000000000000000000e+03
9.090909090909086672e+02,-1.127389469386200062e+03
4.242424242424242493e+02,1.658917338429037954e+03
-3.208006802259898222e+02,2.836942096646870937e+02
9.696969696969692905e+02,-1.303030303030303003e+03
-6.366752866339226102e+02,-5.757575757575759781e+02
-1.515151515151515298e+02,1.143599882576856771e+03
1.121212121212121247e+03,3.050186830718411670e+02
-1.330346843412134376e+03,-4.205936653554820737e+02
-1.485007890140141399e+03,-2.121212121212121247e+02
-6.363636363636366013e+02,4.687506846620399870e+02
1.212121212121212238e+03,-3.333333333333333712e+02
-8.484848484848482713e+02,-5.376883023195360920e+02
4.545454545454545610e+02,-1.835698624660707026e+02
-1.155870988924524909e+03,2.650578375318736448e+02
-9.949289596377180942e+02,5.510410499512039451e+02
-1.212121212121212182e+02,2.269921614769012592e+02
-6.969696969696969973e+02,-4.848484848484851000e+02
-3.951147707313176625e+02,-1.121212121212121247e+03
-3.974494621766640989e+02,7.878787878787875343e+02
8.604170510906250229e+02,-3.333333333333333712e+02
5.462549360436241841e+01,2.576584653167829515e+02
1.263856467249725739e+02,3.495877489434478775e+02
-1.040119968846634038e+02,6.256107014129745494e+02
-5.410780753242527226e+02,-1.604692959144889755e+03
1.247189440641077681e+03,2.741531395297503195e+02
6.666666666666667425e+02,-1.665676754032113195e+03
-9.716735485938050942e+02,6.363636363636368287e+02
6.060606060606060908e+01,-5.983512472955663952e+01
-1.244970724973059305e+03,9.747939501544769882e+02
-6.060606060606061192e+02,1.212121212121212238e+03
1.176514249449181534e+03,2.389438618633843134e+02
-2.292428867672626041e+02,-7.421665593421154199e+02
3.086594899203495288e+02,-1.171243973957557955e+03
-1.181818181818181984e+03,9.393939393939394904e+02
9.306994380369083331e+01,-6.033595399423556671e+01
1.124418151330876071e+03,1.582129274008831089e+03
8.064411155752434297e+02,1.575757575757575296e+03
-6.679966336743526654e+02,1.120167147134654215e+03
-5.232307039943597147e+02,3.344989147014795776e+02
9.090909090909091219e+02,-3.994576266801397537e+02
1.060606060606060737e+03,-1.424242424242424249e+03
1.212214377817653258e+03,1.000093165696441133e+03
-1.150314305230180253e+03,-9.013387028632453735e+01
7.103772630238917145e+02,2.424242424242424363e+02
1.852677145218297383e+01,3.730300887842737438e+02
3.696376931716766876e+02,-2.424242424242424363e+02
1.037298474901252348e+03,-2.727272727272725206e+02
6.087782734671151275e+02,9.794873170223614807e+02
3.030303030303030596e+02,-6.335107280595652810e+02
4.242424242424242493e+02,-1.726791806587317524e+03
1.515151515151515298e+02,-1.515151515151515298e+02
-9.701741386271635292e+02,6.666666666666667425e+02
-4.545454545454545610e+02,5.909090909090909918e+02
1.120212061763541442e+03,3.999889149894069647e+02
-9.641199097295869933e+02,-9.717476494698653369e+02
7.575757575757580753e+02,-1.242424242424242493e+03
3.636839061317876940e+02,-1.062662266903127602e+03
-8.787878787878788671e+02,-4.848484848484848726e+02
1.393939393939393995e+03,-1.454545454545454504e+03
1.212121212121212182e+02,1.478449082318849378e+03
7.575757575757580753e+02,9.903850494146230403e+02
9.516116091995569377e+02,1.636363636363636033e+03
1.000000000000000000e+03,-1.515151515151515241e+03
-6.125593517620632156e+02,5.151515151515147863e+02
-6.099182685429276489e+02,1.181818181818181984e+03
-4.545454545454545610e+02,4.545454545454545610e+02
7.575757575757576205e+02,-2.414687673551934211e+02
1.212121212121212238e+03,1.212121212121212182e+02
7.810502322136375142e+02,1.757575757575757279e+03
8.489510489510486195e+02,1.545454545454545041e+03
-1.176012199340432744e+03,7.272727272727272521e+02
-1.906083080794947815e+00,-1.628844181397895227e+03
-9.673792518665138687e+02,-1.333333333333333485e+03
7.272727272727272521e+02,1.058918406073907818e+03
1.243242115996989014e+03,1.127575444855600040e+02
-1.073698557193323495e+03,-1.818181818181818130e+02
4.519443085811035417e+02,-1.575757575757575751e+03
7.283068741288288948e+02,1.606367019943895912e+03
5.461344152641501069e+02,-1.041569705937129811e+03
-4.230643138900139775e+02,-6.944897163050545714e+02
9.696969696969692905e+02,1.575757575757575296e+03
-8.060292371316901381e+02,7.429840410547283227e+02
-6.069450650068815776e+02,1.059887437712211977e+03
-1.030303030303030255e+03,1.090909090909090992e+03
-1.212121212121212238e+03,1.487946145492914638e+03
7.272727272727277068e+02,9.855813049065224050e+02
-1.198410863842433400e+02,1.818181818181818130e+02
-9.060135627735754724e+02,1.818181818181818130e+02
1.769667388727334867e+02,1.639067034625241604e+03
-7.902107035578256955e+02,-9.090909090909069334e+01
-1.153445657287765926e+03,-1.515151515151515298e+02
-8.236901100179023842e+02,-3.411863638662278504e+02
1.303030303030303003e+03,-1.484848484848484986e+03
-7.270302132753175783e+02,-1.513898764129750361e+03
-1.515872903152159097e+02,9.393939393939394904e+02
-9.696969696969697452e+02,3.939393939393939377e+02
7.552189801528629687e+02,-9.696969696969697452e+02
-1.060606060606060737e+03,3.448935075455279531e+01
-1.112389719984571101e+01,1.841580360567702428e+03
-1.300483242960772031e+03,-8.783661438086138560e+02
9.393939393939394904e+02,-1.626085985564766361e+03
5.284982184153428761e+02,-1.575706164853103246e+03
-1.062425591854307186e+03,2.718816310205896798e+02
-1.344869586161772304e+03,1.349728560471589162e+03
-9.062150649996526681e+02,1.515151515151515298e+02
6.243878062499346697e+02,3.922385420019769526e+02
-5.781519869535771932e+02,1.160666160707851759e+03
1.432974837259432888e+03,-1.486775418185547096e+03
6.969696969696969973e+02,-9.395010286460350244e+02
-9.696969696969697452e+02,-3.636363636363636260e+02
8.905097800460023336e+02,9.090909090909086672e+02
1.101901137590296457e+03,1.445840003426998237e+02
9.696969696969697452e+02,-1.090909090909090992e+03
-1.515151515151515298e+02,5.150058714736991305e+02
-1.089095657172382971e+03,6.060606060606061192e+02
-1.539044289044288689e+03,-1.267482517482516869e+03
-8.523198040476644337e+02,7.878787878787883301e+02
6.661276045304280160e+02,-1.121212121212121247e+03
2.636719243766973477e+02,-1.053299999474434344e+03
1.179950499835614892e+03,-6.060606060606060908e+01
1.212121212121212182e+02,5.156927350757865725e+01
9.090909090909090651e+01,-9.271724257912522660e+01
-8.511090356987218684e+02,-2.424242424242424363e+02
-1.000000000000000000e+03,3.333333333333333712e+02
-6.440455904116190595e+02,-1.606181581714905178e+03
9.696969696969697452e+02,1.667088535123903739e+03
-1.300685584215470044e+03,-1.186611222664739671e+02
6.629754542027327489e+02,1.272876725115775344e+03
1.119398979078338925e+03,4.689062271646076852e+02
5.757575757575757507e+02,9.393939393939394904e+02
3.030303030303030596e+02,4.545454545454545610e+02
-6.060606060606061192e+02,1.121212121212121247e+03
5.757575757575757507e+02,-4.881276091312756193e+02
-2.551846062566220397e+01,5.454545454545454959e+02
-1.333618299876221727e+03,5.969390338987598170e+02
-7.040265670402648084e+02,1.632627646326276135e+03
-1.484848484848484986e+03,1.029417417501748332e+03
-8.786288666658774673e+02,0.000000000000000000e+00
7.142417175802015663e+02,8.222890298802525422e+02
-8.478967091340634852e+02,-1.515151515151515298e+02
-4.218645951016785034e+02,-9.696969696969697452e+02
-7.910492410620940973e+02,-1.216906588035458299e+03
4.902777898279377382e+02,-1.027230268716695264e+03
3.636363636363640808e+02,4.222179370186473193e+02
-1.212121212121212182e+02,8.484848484848484986e+02
4.292625503618100424e+01,1.555900003678237454e+03
8.484848484848484986e+02,-1.183443411880265785e+03
-7.922428740091916097e+02,-6.666666666666667425e+02
-1.151515151515151501e+03,1.240668045485706159e+02
-1.151515151515151501e+03,1.242424242424242493e+03
-1.484848484848484986e+03,9.090909090909091219e+02
-1.355555933488255391e+02,-1.082665988921739199e+03
-1.363636363636363740e+03,-4.242424242424242493e+02
8.787878787878788671e+02,-1.212121212121212238e+03
-9.070512584258460720e+02,-6.090633370805145432e+02
9.393939393939394904e+02,-1.303940226831562995e+03
-9.113664570630354547e+02,2.121212121212121247e+02
6.666666666666667425e+02,9.459235350628022161e+02
-6.060606060606060908e+01,8.484848484848484986e+02
-1.212121212121212238e+03,1.030303030303030255e+03
5.753477059658131338e+02,1.033860309634516625e+03
4.640308697034317902e+02,-1.504532437998382477e+02
5.421893318066024676e+02,-6.051444985890611861e+02
-1.030303030303030255e+03,-1.272727272727272748e+03
2.727272727272727479e+02,-6.352517406735560144e+02
-1.100826840685088655e+03,-3.984926620249970028e+02
-1.335030879155387311e+03,-8.860993398468898476e+02
-1.033091849257139984e+03,1.424242424242424249e+03
1.212602212602213058e+03,-6.060606060606060908e+01
-6.029030938993799964e+02,4.787821079902182078e+02
-7.272727272727274794e+02,3.939393939393939377e+02
-2.500981358756182544e+02,9.777199117846013223e+02
1.030303030303030255e+03,-1.515151515151515241e+03
3.939393939393939377e+02,-1.762442513959710595e+03
2.424242424242424363e+02,-1.188342920713752449e+02
-1.004085586502841238e+03,-2.734458960665079417e+02
1.184803583823999588e+03,1.061672438424449410e+03
5.494023754188551720e+02,-9.393939393939394904e+02
4.296690403535394864e+01,9.629183625773976019e+02
7.272727272727272521e+02,1.090909090909090992e+03
-4.715454472145661953e+02,-7.746762003029242578e+02
-6.060606060606060908e+01,3.636363636363636260e+02
-9.371864338751756804e+02,1.475215733493878133e+03
8.181818181818182438e+02,-1.125936520358949792e+03
7.299635833082024874e+02,1.482923065004328691e+03
6.363636363636363740e+02,1.063387954201871935e+03
-8.109690462266308941e+02,6.429209645323239783e+02
9.696969696969697452e+02,-1.060606060606060737e+03
-6.060606060606060908e+01,-1.098176181188397550e+03
-1.242061437869557494e+03,1.365290882684031658e+03
-4.580410200292408831e+02,-7.272727272727271384e+02
1.030303030303030027e+03,1.575757575757575751e+03
7.964659436817355527e+02,-2.422256222497409794e+02
-1.151515151515151501e+03,-2.148997138195517778e+02
1.212121212121212182e+02,-8.176932452943069620e+02
-1.151515151515151501e+03,9.393939393939394904e+02
1.242424242424242493e+03,9.090909090909091219e+02
7.610914540559533634e+02,1.053532441496141701e+03
-1.111135962009848981e+03,-9.684704492553784121e+02
-1.917902816574998042e+02,-1.759416876272557147e+03
8.181818181818182438e+02,1.757054452777810411e+03
5.454545454545454959e+02,-1.000000000000000000e+03
1.078557051027253465e+03,9.799133589267784146e+02
1.242424242424242493e+03,-1.485332442362954680e+03
3.939393939393939377e+02,-1.050111086239276574e+03
3.636363636363636260e+02,-2.732098247597782006e+02
-1.090909090909090992e+03,1.150211392761026900e+03
-8.478149651854791955e+02,4.780059290538641221e+02
-8.489510489510488469e+02,6.666666666666667425e+02
1.156626506024097807e+03,1.870390653523184255e+03
1.492937770715317356e+03,-1.456177984835597044e+03
1.186020791860208419e+03,-1.521787215217870823e+02
8.467078643573528325e+02,-1.030303030303030255e+03
-4.242424242424242493e+02,-1.060606060606060737e+03
2.727272727272727479e+02,-1.555987001688928331e+02
9.171199638869485398e+02,-6.963665429684676837e+02
-8.203088130486760292e+02,1.330909798405426955e+03
-9.393939393939394904e+02,1.000000000000000000e+03
-1.390289407551918885e+03,-7.272727272727272521e+02
7.878787878787878753e+02,-8.170465161255683597e+02
1.181818181818181984e+03,-1.272727272727272748e+03
-1.151515151515151729e+03,1.486084976451923694e+03
1.030303030303030255e+03,-3.030303030303030596e+02
4.842830702320190994e+02,-9.368781328575543057e+02
7.697127576295947620e+02,-3.118081880686629006e+02
8.517672834997032396e+02,-1.151515151515151501e+03
1.063752514809762033e+03,4.395179982982961064e+02
9.283327612683865482e+02,-1.000000000000000000e+03
-1.575757575757575751e+03,1.121212121212121247e+03
7.575757575757576205e+02,1.090909090909090537e+03
8.787878787878788671e+02,-9.393939393939394904e+02
7.575757575757576205e+02,1.151515151515151501e+03
6.390982825234285656e+02,-6.363636363636363740e+02
1.181818181818181984e+03,-1.303167101665727841e+03
-9.090909090909090651e+01,9.495973579263028341e+02
-1.000000000000000227e+03,1.455499052610828812e+03
-1.151515151515151501e+03,8.181818181818182438e+02
6.363636363636363740e+02,-2.121212121212121247e+02
1.208356538105973414e+03,9.090909090909090651e+01
1.181818181818181529e+03,8.484848484848484986e+02
-9.112660966280554931e+02,-1.325905169223567555e+03
4.168636736221355221e+00,-3.030303030303030454e+01
-9.928449562418919641e+02,-1.836770243423948301e+01
-9.042002885516239985e+02,3.030303030303030596e+02
-1.028416858239090743e+03,9.090909090909090651e+01
-2.727272727272721227e+02,1.863636363636365104e+03
-5.795146682942640837e+01,1.363636363636364194e+03
3.957238031430843535e+02,1.675504572572143388e+03
-7.272727272727272521e+02,-4.598663099036760968e+02
9.069166834503637347e+02,-1.447381196311827125e+03
6.969696969696965425e+02,-2.846594753330489880e+02
1.159528365299840289e+03,1.182053864576555725e+03
7.575757575757576205e+02,-3.636363636363636260e+02
7.575757575757576205e+02,9.090909090909091219e+02
-8.824282423164612510e+02,-5.151515151515151274e+02
-1.091142280115039739e+03,5.636349166766194685e+02
4.848484848484848726e+02,-1.724641404619199420e+03
9.393939393939398315e+02,-9.671079897522319015e+02
-1.424242424242424249e+03,7.575757575757576205e+02
1.248280624396798970e+02,2.418687535074201662e+02
1.002669309605629451e+03,-4.848484848484848726e+02
-2.121212121212121247e+02,1.152690528307075283e+03
-1.121212121212121247e+03,1.486282157879363922e+03
-1.021279876508462934e+02,1.151515151515151956e+03
-6.666666666666667425e+02,1.242424242424242493e+03
-3.029586430512715651e+02,-9.703014992486799883e+02
-3.877616770390224588e+02,9.202800779654602366e+02
7.878787878787878753e+02,-8.484848484848484986e+02
-4.260810942379554831e+02,-1.703900068491314642e+03
7.878787878787878753e+02,1.545454545454545951e+03
6.781211801416950493e+02,7.241967080565306105e+02
-2.950967170283399454e+01,4.545454545454545610e+02
2.121212121212121247e+02,-1.811851828865016500e+02
-1.180377728680711016e+03,4.969364681542609787e+02
-1.555609563908381006e+03,1.030303030303030710e+03
-1.328858600190741527e+03,-4.582923915321003960e+02
1.121212121212121701e+03,-1.243037343114652003e+03
2.473148629635273608e+02,1.636363636363636033e+03
4.848484848484848726e+02,-5.454545454545454959e+02
6.994575610673259689e+02,-1.121212121212121247e+03
1.363636363636363740e+03,-1.484848484848484986e+03
8.230052046690777843e+02,-1.339189871728606931e+03
5.167345092718227306e+02,-1.545454545454545496e+03
7.575757575757576205e+02,1.727272727272727252e+03
1.008617942503550012e+03,-1.545454545454545496e+03
7.559286761601032367e+02,-1.272727272727272748e+03
-1.389305987951503539e+03,2.849412458787068090e+02
-1.242424242424242493e+03,9.393939393939394904e+02
1.126018478826997580e+03,1.212121212121212238e+03
3.402761455051708595e+02,4.569925906418341128e+02
-1.202781474308006409e+03,7.575757575757576205e+02
-7.260273972602740287e+02,-1.818181818181822678e+02
-6.666666666666667425e+02,-4.848484848484848726e+02
1.141733956295723374e+03,9.696969696969692905e+02
-9.711323307969781808e+02,-6.054975069461546582e+02
4.109119749959124874e+02,-9.752414909354217798e+02
-1.242424242424242493e+03,6.811596508420996088e+02
-9.090909090909090651e+01,1.327111459217923084e+03
2.727272727272727479e+02,-6.666666666666667425e+02
-1.391500994328223669e+03,-6.666666666666669698e+02
-5.151515151515151274e+02,4.242424242424242493e+02
5.454545454545454959e+02,6.671552395541780243e+02
-6.666666666666667425e+02,6.381866069176270457e+02
-7.575757575757576205e+02,-1.818181818181818130e+02
1.059018699791734434e+03,-1.479845667368432260e+03
-7.020871850762950999e+02,-9.440943908985161670e+02
-6.385032093281675998e+02,8.497969853806473566e+02
-1.181818181818181984e+03,4.188391565524774478e+02
-1.333333333333333485e+03,1.422245543743894814e+03
-1.210223845798997672e+03,-5.657176398319501942e+01
-1.182446589024280911e+03,1.208530313800646638e+02
-9.952850954666533880e+02,3.636363636363636260e+02
1.561771561771563029e+03,1.003885003885005972e+03
-1.090909090909090992e+03,5.761031028302627277e+01
-7.564262111910629756e+02,-6.060606060606060908e+01
-1.521528076558202656e+03,-1.341646937921060214e+02
6.078328290092254065e+02,1.579297194815191688e+03
5.454545454545454959e+02,-9.696969696969697452e+02
1.151515151515151501e+03,-1.454545454545454504e+03
-3.457212959477380991e+02,-1.931149573619763714e+03
-1.219113785312736354e+03,-2.145919057321090122e+02
-1.684550792533309149e+01,9.074438448712480749e+02
8.145557956503892001e+02,-1.695219243985603953e+03
8.771943373332720739e+02,1.449464577867464413e+03
4.228664916245412542e+01,-1.121381745392154698e+03
3.218126917949991821e+02,4.241262022586741409e+02
7.926302483714393929e+02,-5.731212218223290620e+02
-1.060606060606060737e+03,4.848484848484848726e+02
6.666666666666662877e+02,-2.742039406213276607e+02
8.875660989750373346e+02,8.785437060547518513e+02
-5.783170466465068102e+02,-9.095534705350719378e+02
-1.242424242424242493e+03,1.333333333333333940e+03
-8.185630126212353161e+02,-4.235745690252159079e+01
-4.592698536922832773e+02,8.787878787878788671e+02
-1.667730755593058575e+03,1.120802856240432220e+03
-3.976367218668259511e+02,-9.393939393939394904e+02
4.206956767232421726e+02,-6.960724329340035865e+02
-1.515151515151515298e+02,-8.204943043519958792e+02
2.424242424242424363e+02,-7.908152527827135145e+02
1.574072640646948571e+02,9.090909090909048018e+01
1.061761775944245528e+03,1.121212121212120792e+03
-1.151515151515151501e+03,-1.009966859694101004e+03
-1.482139341436642781e+03,1.212121212121212182e+02
5.757575757575757507e+02,-2.121212121212121247e+02
6.954930290756420845e+02,1.695493029075642198e+03
-1.211655011655011549e+03,1.333333333333333485e+03
-1.515151515151515241e+03,1.001517962556923521e+03
-3.251276691213205936e+02,-7.573437734397566601e+02
-7.869917510714399214e+02,-5.997544134140116512e+02
1.043502219459888920e+03,1.678877581730772022e+02
-3.939393939393939377e+02,2.436878221889888891e+02
-9.122689234892412742e+02,4.306319610667274068e-13
2.424242424242428626e+02,4.507722928546695016e+02
-8.858473299800574523e+02,-3.117799957248167289e+02
1.147428324261636362e+03,8.476674830341455618e+02
8.281721075538861214e+02,8.829547661029801020e+02
2.568270159099195666e+02,5.162157800970819608e+02
9.090909090909091219e+02,-1.568160943605918419e+03
-1.002979751299801478e+03,3.030303030303030596e+02
8.527990049098458485e+02,1.091572029547078046e+03
-1.212121212121212238e+03,-1.806569047223833877e+02
1.090909090909090992e+03,-2.126339993011903005e+02
-9.963316849897279326e+02,2.247457616483751224e+02
-1.121212121212121247e+03,-1.188851522626969199e+03
-3.337253972371780009e+01,7.878787878787878753e+02
-7.849355566920012279e+02,-6.363636363636363740e+02
-9.090909090909091219e+02,-4.242424242424242493e+02
-3.636363636363636260e+02,-9.376268031411798347e+02
4.854714028180655419e+02,-1.636363636363636488e+03
5.757575757575757507e+02,-1.757575757575757734e+03
-3.636363636363638534e+02,4.828401771648600516e+02
1.181818181818181984e+03,1.000000000000000000e+03
-5.024234575617113023e+02,-9.393939393939394904e+02
1.155275082733197678e+03,-1.818181818181818130e+02
-1.859939863014292087e+03,1.036831554914789876e+03
0.000000000000000000e+00,1.393939393939393995e+03
6.369238425197361408e+01,1.512625397661704028e+03
1.030303030303030255e+03,1.606060606060606233e+03
-5.183056368095105881e+02,3.939393939393939377e+02
-3.851142680377332681e+02,3.948799956280238348e+02
9.696969696969701999e+02,-2.725613254977870952e+02
-1.145954124062221354e+03,8.493341325439217826e+02
1.272727272727272748e+03,-1.542166184881660911e+03
1.055230813330518686e+03,1.075827379639135643e+03
-1.030303030303030255e+03,3.662637472804979666e+01
3.328064384009736614e+02,-6.042549400753047166e+02
9.393939393939394904e+02,1.606060606060606233e+03
-1.389727102685168575e+03,-3.928021408245862744e+02
-2.781364318917732135e+02,-1.072998745510617482e+03
9.090909090909091219e+02,-9.696969696969697452e+02
-1.369495244838943108e+03,1.488985740339026734e+03
-3.825684847327007105e+02,8.181818181818182438e+02
8.256724636029254043e+02,1.123712952486539052e+03
7.575757575757576205e+02,1.393939393939393995e+03
-6.666666666666667425e+02,-7.878787878787878753e+02
3.930681418073549338e+01,6.843241434528059699e+02
9.117925753858824010e+02,1.703492389640582587e+03
-1.060606060606060737e+03,-1.209514725749942045e+03
1.199134748186249908e+03,-1.488579931510256756e+03
-7.878787878787878753e+02,6.058337436831700415e+02
5.151515151515151274e+02,-5.151515151515151274e+02
-4.545454545454545610e+02,-6.939001875490095017e+02
-1.369122676383842645e+03,-5.172463517825527788e+02
1.558515846078437050e+02,5.941536860553821242e+01
-7.878787878787878753e+02,-1.818181818181818130e+02
-8.498662503836698079e+02,5.151515151515151274e+02
-6.969696969696969973e+02,1.238409479564465073e+03
2.170118326604970491e+02,-6.969696969696969973e+02
8.484848484848484986e+02,-2.739946067052495096e+02
4.296043897908502345e+02,-7.289404612729142627e+02
6.832363271312373172e+02,-1.696969696969696997e+03
-4.242424242424240219e+02,4.049143595261399469e+02
-7.567105472448471346e+02,5.151515151515151274e+02
-1.330702010679805426e+03,-8.181818181818182438e+02
1.151515151515151501e+03,1.000000000000000000e+03
-9.107631576739139518e+02,1.212121212121216445e+02
-1.480355024471233492e+02,-1.725418583921741856e+03
-7.840796716246308051e+02,-4.713075776640085337e+02
-9.668235391767266265e+02,-2.395508119039992039e+02
3.013788926999305318e+02,-1.426500525097005720e+03
7.575757575757576205e+02,9.393939393939390357e+02
-1.634730901406254544e+00,-1.727272727272727252e+03
-1.242424242424242493e+03,1.424533270566231522e+03
-1.162517440434108266e+03,-1.818181818181818130e+02
1.000000000000000000e+03,1.807642902643058846e+02
-1.302842793425449599e+03,-5.149640055466619515e+02
2.595769010863361927e+02,1.905660377358490450e+03
4.242424242424242493e+02,-1.758867681335684438e+03
4.848484848484848726e+02,-1.845963796549242488e+02
1.523042929292930467e+03,-1.597222222222220864e+02
-1.333830051838077225e+03,-1.655728349146384781e-01
3.030303030303026048e+02,-2.378571797119248572e+02
-1.000000000000000000e+03,1.419494838559672644e+03
-3.030303030303030454e+01,-2.965967674188575742e+01
-3.128264467875808350e+02,-7.912516098137638210e+02
-2.424242424242424363e+02,-1.060606060606060737e+03
-1.098014065726626086e+03,6.472929410018870158e+02
7.116180046568960051e+02,-1.080290303110066134e+03
-5.429291445844273767e+02,6.114944035675310943e+02
3.076580140394908653e+02,-7.903558974995005428e+02
1.032688877183977638e+03,-4.385181780566734346e+02
-1.458589221221529897e+03,-4.545454545454545610e+02
-3.128370140393039733e+01,7.575757575757571658e+02
-7.272727272727272521e+02,-4.242424242424242493e+02
-1.033056825072063020e+03,-9.696969696969697452e+02
-8.787878787878788671e+02,1.303030303030303003e+03
6.969696969696969973e+02,-1.664082427846259179e+03
1.582733812949642811e+02,9.965118814039682320e+02
-1.056457250150098162e+03,7.575757575757571658e+02
5.151515151515151274e+02,1.757575757575758189e+03
6.175476078046607142e+01,6.060606060606017564e+01
1.212121212121216445e+02,1.382785481905945062e+02
-7.869498960596450843e+02,3.939393939393935398e+02
7.348942538060233574e+02,-1.666666666666666742e+03
8.484848484848484986e+02,-1.694789410047960018e+03
3.939393939393939377e+02,-7.300633198983365446e+02
-6.278693239977943676e+02,-5.151515151515151274e+02
-1.272727272727272748e+03,-5.433631473358906305e+02
6.969696969696969973e+02,-1.727272727272727252e+03
1.005197067837419922e+03,-1.027468266028074140e+03
-2.623014199154441712e+02,8.729172136909139681e+02
-1.303030303030303003e+03,1.424242424242424249e+03
-5.106202926004693268e+02,1.096408402757740987e+03
-4.848484848484848726e+02,9.090909090909091219e+02
9.036430163483113631e+01,1.009057121684570120e+03
6.678223820048521020e+02,9.090909090909086672e+02
-2.449692236467811881e+02,-1.449507898298580130e+03
-4.852181961567150665e+02,-1.668561437121345762e+03
-2.424242424242424363e+02,1.121212121212121247e+03
-6.969696969696967699e+02,-7.232253022831164344e+02
-1.397532231140538215e+03,-7.582787039846771222e+02
-4.242424242424242493e+02,1.214332514332514620e+03
5.844037740832101235e+02,-2.548387134407296344e+02
-1.303030303030303003e+03,-5.454545454545454959e+02
-3.913874501094782659e+02,-1.182076606509818930e+03
1.185414367514278638e+03,1.030303030303030255e+03
-1.366858953772505174e+03,-7.878787878787878753e+02
8.484848484848484986e+02,-1.121212121212121247e+03
-2.507214663896529885e+02,1.030303030303030027e+03
4.243246515517358262e+02,2.322477390101668107e+02
1.224294224294224705e+03,-1.608736942070275518e+03
2.587151925231660243e+02,3.561370169987247323e+02
-1.558936128499286724e+02,3.035703135571073830e+01
-6.363636363636363740e+02,-7.878787878787878753e+02
-6.654698513798290378e+02,1.272843919917398125e+03
-3.333333333333335418e+02,-1.062496193527399328e+03
4.351691424196768025e+02,-5.787395646311663313e+02
1.175698308739075401e+03,7.764270195341969156e+02
1.058265476657194313e+03,-1.914046075757256915e+02
1.090909090909090992e+03,-1.181818181818181984e+03
-9.501863005849143065e+02,-1.404540914611460266e+03
-1.479006936838261709e+03,1.864914202263600146e+03
-1.483092209793821212e+03,-1.515151515151515298e+02
-2.928775389337527599e+02,1.181173934913568701e+03
-1.053317224074212618e+03,1.387682587546897594e+03
1.151515151515151501e+03,-1.486706022996896081e+03
1.082993821970795807e+03,-1.349890650387719006e+03
6.667039635312589780e+02,-1.060568763741468501e+03
1.828590941858695089e+02,5.439064832416950139e+02
8.190819358981887035e+02,1.484767975872422085e+03
-1.060606060606060737e+03,-1.242424242424242493e+03
-8.484848484848484986e+02,-5.757575757575757507e+02
-9.364654765592434842e+02,-3.333333333333333712e+02
1.683209156860652911e+02,-1.029595703247914571e+03
1.818181818181818130e+02,-7.870427553155666374e+02
6.365042953198047826e+02,-3.389355926916389308e+02
4.075797912014965618e+02,2.845520164227043551e+02
1.181818181818181984e+03,-1.606060606060606233e+03
-9.660927115103057758e+02,6.969696969696974520e+02
-7.870109484243714348e+01,2.424242424242420100e+02
7.878787878787878753e+02,-1.303030303030303003e+03
-6.060606060606060908e+01,-1.981521445632261091e+01
-1.090909090909090992e+03,1.181818181818181984e+03
4.848484848484848726e+02,4.244198172041622001e+02
-9.182611807498432199e+02,3.939393939393939377e+02
-1.121631628747772538e+03,1.180971601352700873e+03
1.042012658688324791e+03,2.130043350430823352e+02
-1.675851026112845375e+03,1.160918186186240746e+03
-1.425299657823894677e+03,5.151515151515147863e+02
3.030303030303030596e+02,-1.074368280899524734e+03
-1.815275048687366052e+03,7.601946196199296537e+02
-2.108025613171705572e+02,-1.440286324764734218e+03
-5.151515151515151274e+02,-6.666666666666669698e+02
-5.151515151515150137e+02,-1.642481941621777651e+03
-1.060606060606060737e+03,8.181818181818182438e+02
-3.631001372018394591e+02,8.674085691462908017e+02
-8.787878787878788671e+02,-1.212121212121212182e+02
-4.779519266621908713e+01,-9.090909090909090651e+01
1.813353645459404788e+02,-2.137765856260401733e+02
6.060606060606061192e+02,-5.732992086356053960e+02
-1.482906999584386767e+03,9.090909090909090651e+01
4.188037834958813619e+02,3.333333333333333712e+02
4.480961566297654599e+02,-1.533696298117287597e+03
-1.797038431664189375e+03,-5.865240159111319826e+02
4.592327031948403260e+02,-6.904243384549880602e+02
7.856776226151332594e+02,1.354260359927351146e+03
8.812847129933983297e+02,-1.514072984151880064e+03
-6.060606060606039591e+01,2.834081953057400938e+02
-1.870981211415705047e+03,5.367563052852182270e-01
-1.203739958434225855e+03,2.989139111516402636e+02
-2.972663647414507437e+01,-1.247810974222021514e+03
-1.033250220238697011e+03,6.666666666666667425e+02
1.063575705577919052e+03,1.165428817664480903e+03
-1.030303030303030255e+03,-3.989495749327808767e+02
-1.423377451441641369e+03,2.656012510552844219e+02
-6.969025070598960383e+02,-1.544547865266277313e+03
-3.226217320078924899e+02,7.998206202429499854e+02
8.734763780209287916e+02,1.061059018017517928e+03
3.939393939393939377e+02,-1.726194603000249572e+03
7.931088715526906299e+02,-1.606060606060606233e+03
8.181818181818177891e+02,-9.032227223011440174e+02
1.586395873629918469e+03,1.808510638297891830e+02
6.363636363636368287e+02,-2.424242424242422089e+02
4.652263771239219636e+02,1.727272727272727025e+03
-5.151515151515151274e+02,1.060606060606060737e+03
-1.429232280288399124e+03,5.757575757575757507e+02
4.214154474439917522e+02,6.163867397404147823e+02
2.727272727272727479e+02,-7.882807089981580475e+02
1.249767711550246759e+03,5.891141388467548978e+01
-1.212121212121210050e+02,-8.202311923822572908e+02
-3.333333333333333712e+02,1.181538891216310958e+03
9.393939393939398315e+02,-1.267629831816507249e+03
5.757575757575754096e+02,6.739001934678472026e+02
-6.060606060606061192e+02,-8.787878787878788671e+02
-1.048659797710548446e+03,-1.151506568539897671e+03
6.060606060606060908e+01,-1.757575757575757734e+03
-1.272727272727272748e+03,9.090909090909091219e+02
-1.088127436932481942e+03,3.333333333333333712e+02
-9.393939393939394904e+02,-4.242424242424242493e+02
-8.704925452028014377e+01,3.333333333333333712e+02
-1.212121212121214313e+02,9.696969696969692905e+02
-2.308633027913142755e+01,1.000000000000000455e+03
9.775373548449692862e+02,-8.400269324386670178e+02
8.601502014794101569e+02,2.121212121212121247e+02
8.834588774932989281e+02,-6.666666666666667425e+02
-9.090909090909091219e+02,1.424503354621559993e+03
-7.435497055143778198e+02,6.444236432960969978e+02
-8.188794299379427457e+02,1.515151515151511035e+02
1.515151515151515298e+02,-9.211693649855740773e+01
1.272727272727272748e+03,-1.576119104783298098e+03
-8.791844746034604441e+02,9.088926111831186745e+02
-8.484848484848484986e+02,1.303030303030303003e+03
-5.136214033085260553e+02,6.666666666666667425e+02
-1.818181818181818130e+02,8.787878787878788671e+02
-1.272727272727272748e+03,1.061230538348491791e+03
1.247509925410158303e+03,7.575757575757576205e+02
5.985509244449490041e+01,3.032958103700520383e+02
1.980951886442644252e+02,1.544426913156913770e+03
-8.186954780243839878e+02,3.030303030303030596e+02
-1.212121212121212182e+02,3.030303030303030596e+02
-1.427144993281212692e+03,5.454545454545454959e+02
-1.121212121212121247e+03,7.888076796979305527e+02
-5.454545454545454959e+02,9.696969696969697452e+02
-2.889953969737953230e+02,4.242424242424247041e+02
1.092488152863997357e+03,-1.424242424242424249e+03
-1.331544334314409753e+03,6.363636363636363740e+02
-1.024548769579103237e+03,-9.392666928719156658e+02
7.347698657838176359e+02,-3.751161097018920714e+02
-1.030303030303030255e+03,-1.299517108355813200e+01
8.652552591071454344e+02,-8.886905965966370786e+02
8.974909100629396335e+02,-3.636363636363636260e+02
9.922921463819171777e+02,1.539078077898637275e+03
-3.333333333333333712e+02,2.053601253316265343e+02
-1.304626441598468773e+03,-3.230296353812759946e+01
-3.366755061245845582e+02,-1.699719048038027495e+03
-4.545454545454545610e+02,6.839632616762957014e+02
7.646450450627838791e+02,1.515151515151515241e+03
-1.030303030303030255e+03,1.052111748240218731e+03
-1.608174770965468724e+03,-9.474982381959118811e+02
9.775021567469539150e+02,-1.635942195876481264e+03
9.090909090909090651e+01,1.461017182632647291e+03
-1.256789440341862473e+03,1.491606590587047549e+03
-7.546257625660898611e+02,2.689498721513904798e+02
-6.108885613738135589e+02,5.471262394356795085e+02
-8.181818181818182438e+02,2.214507945571960690e+01
3.939393939393939377e+02,-1.818181818181818130e+02
1.000000000000000000e+03,-1.333333333333333485e+03
1.743351886209030226e+03,-1.338589981447123819e+03
-4.536165627263115425e+02,-8.778589869687360761e+02
-1.393939393939393995e+03,1.090909090909090537e+03
8.787878787878788671e+02,-1.181818181818181984e+03
-4.545454545454543336e+02,-9.111946379589081744e+02
-7.549537937007222581e+02,3.030303030303030596e+02
-1.270771681891783601e+03,-9.392651951980528793e+02
5.518924660640288948e+02,-1.104634229761051756e+03
1.999841267649871668e+02,3.369307694777293705e+02
-7.878787878787878753e+02,-3.333333333333333712e+02
6.060606060606060908e+01,4.799578643091999766e+02
1.084755645463040992e+03,1.350566209744393291e+03
-4.913415630159788066e+02,-1.154617073717303128e+03
-1.381049615216539451e+03,1.394448859811113380e+03
6.974629588129738522e+02,1.333333333333333485e+03
-1.068546058901127026e+03,1.047048756148447410e+03
-1.303515163002594363e+03,5.004694865665351813e+02
-9.955820180333823828e+02,4.848484848484848726e+02
-1.271726544091715141e+03,5.454545454545450411e+02
-1.120288599044636840e+03,7.131433452971549514e+02
2.424242424242424363e+02,-1.757575757575757734e+03
1.166726205126976538e+03,1.546340574254528747e+03
-3.333333333333333712e+02,3.939393939393939377e+02
-8.370061484543244887e+02,9.610008168164865765e+02
-1.687052341597796158e+03,-3.669421487603297578e+02
3.030303030303030454e+01,-1.757575757575757734e+03
1.281088183552757755e+03,1.804863553150078985e+02
9.696969696969697452e+02,1.837486875907957824e+02
3.065922575061435964e+02,-1.336062121712539579e+02
1.181599538223328409e+03,-4.560759597094299806e+02
8.327448695642520988e+02,-7.995176527079376001e+02
5.044290729317166324e+02,2.364100281077653847e+02
1.135860397763927949e+03,-3.356974256849233598e+02
8.181818181818182438e+02,1.606060606060606233e+03
8.181818181818182438e+02,-1.090909090909090992e+03
5.188658726237151768e+02,-5.454545454545454959e+02
-8.181818181818182438e+02,-6.363636363636363740e+02
1.181818181818181984e+03,2.727272727272727479e+02
-1.323232323232323552e+03,1.774891774891776208e+02
-4.310886090937472090e+02,5.454545454545450411e+02
7.272727272727272521e+02,1.515151515151514786e+03
-7.248514805968048904e+02,-6.646489611033980509e+02
-8.478428045717057557e+02,6.969696969696969973e+02
-2.424242424242420100e+02,-1.728517795845729324e+03
-3.718130150071963840e+02,-7.582633480724801984e+02
-1.503208786039554070e+02,-4.306319610667274068e-13
7.878787878787878753e+02,-1.730238764838089082e+03
5.151515151515151274e+02,4.692424999909104599e+02
-1.327704818814434475e+03,6.666666666666662877e+02
8.462792390591125695e+02,8.181818181818177891e+02
1.000000000000000000e+03,2.128951630291096251e+02
4.242424242424238514e+02,4.287339517655458963e+02
8.787878787878788671e+02,-2.750840501501673430e+02
-4.242424242424242493e+02,-1.664257314477145655e+03
1.242424242424242038e+03,-1.452099812755550374e+03
-3.059156802197269442e+01,5.912902536295717937e+02
5.757575757575757507e+02,1.789242067411865264e+03
1.818181818181818130e+02,-1.757320198642022888e+03
-1.121212121212121247e+03,3.330551067072004798e+02
-1.090909090909090992e+03,8.484848484848484986e+02
-1.515151515151515241e+03,1.060606060606060737e+03
-1.458725445514121247e+03,3.030303030303030596e+02
-1.030303030303030255e+03,4.986650270835322658e+02
5.151515151515151274e+02,6.969696969696969973e+02
-6.763980560821305517e+02,1.153100175908605706e+03
-9.981323180174326808e+02,-1.303030303030303003e+03
7.411770605581511973e+02,1.424242424242424704e+03
-1.484848484848484986e+03,1.068217410868101069e+03
1.737154150197629633e+03,-1.640974967061923508e+03
9.090909090909091219e+02,-1.030303030303030255e+03
2.424242424242424363e+02,-1.788008911377268078e+03
-9.090909090909069334e+01,-9.077229227366612463e+01
-6.950215936906409979e+02,-4.513184169065626179e+02
-4.524540564267996956e+02,-1.090909090909090992e+03
-3.381522583205227050e+01,-6.060606060606060908e+01
-8.181818181818182438e+02,-2.424242424242424363e+02
1.248230224901991960e+03,8.787878787878788671e+02
-7.615826573540060735e+02,1.302620353330797116e+03
-7.272727272727272521e+02,5.806481962968611015e+02
1.247279699357990921e+03,-1.300669709896135601e+03
2.424242424242428626e+02,-6.362115526963209504e+02
-1.627367424242424249e+03,1.418087121212122156e+03
-8.185995542703450383e+02,-1.486255427212494851e+03
6.876595406712655176e+02,-2.388379363313185593e+02
7.878787878787878753e+02,1.484848484848484532e+03
-7.231040905365061917e+02,-2.121212121212121247e+02
-1.272727272727272748e+03,6.186998107799258833e+02
-8.734083627802673391e+02,-5.340785027223789427e+01
-1.060606060606060737e+03,8.484848484848484986e+02
8.613051025805292511e+02,-1.728349452148677301e+03
-4.247602596144885752e+02,-1.172227736516297455e+03
-4.242424242424240219e+02,4.545454545454545610e+02
-4.848484848484848726e+02,-8.777871501523210327e+02
-1.456046673350250785e+03,6.363636363636363740e+02
-1.463141399006816300e+03,-3.939393939393937671e+02
1.435984848484848726e+03,1.235606060606060510e+03
-5.804492089958313272e+02,1.025031510441561068e+03
-1.205791222804404015e+02,1.515151515151515298e+02
-2.460058257813012119e+02,9.090909090909091219e+02
-3.939393939393939377e+02,-7.258806516511837117e+02
6.055549290503073223e+01,1.515657192161814066e+02
-4.975449211360965478e+02,-1.014192426103572188e+03
-2.519088251806547873e+02,1.153284869580487793e+03
6.060606060606061192e+02,1.030303030303030255e+03
7.033714146743247966e+02,1.215605865866474232e+03
1.202785911928903886e+02,1.584418584970386064e+03
6.860947562397025195e+02,-8.990734378553220267e+02
4.703695798021575314e+01,1.454545454545454504e+03
-4.545454545454545610e+02,3.636363636363636260e+02
-1.272727272727272748e+03,-1.515151515151515298e+02
-2.828282828282829087e+02,3.232323232323233810e+02
-8.684890721936551472e+02,-4.202305772462205482e+02
6.677275318945751224e+02,-6.666666666666667425e+02
-6.969696969696969973e+02,-8.236316515163780423e+02
6.942074340855938317e+02,-1.509679126475603653e+03
1.148614254635410134e+03,1.722598351412889883e+02
-1.147470156200976589e+03,1.277500879521787965e+03
-1.333333333333333485e+03,5.303030303030303685e+02
-9.123222277347771296e+02,2.424242424242424363e+02
9.090909090909090651e+01,-1.576334567732930054e+02
-3.343163905199224928e+02,-9.691618611424985374e+02
-4.242424242424240219e+02,-1.014722762285691942e+03
-8.484848484848484986e+02,7.575757575757576205e+02
1.247874075758802292e+03,8.484848484848484986e+02
-2.424242424242424363e+02,3.636363636363636260e+02
1.028900536633251704e+03,1.151515151515151501e+03
-1.393223574325936625e+03,-6.363636363636363740e+02
-6.060606060606063465e+02,1.243409882729919218e+03
-4.828239976247081700e+02,7.878787878787878753e+02
8.851212568240943028e+02,9.696969696969697452e+02
5.102608946122302314e+02,6.060606060606061192e+02
-1.060606060606060737e+03,1.119463873400376315e+03
6.060606060606061192e+02,1.709188116450149437e+03
5.454545454545454959e+02,-1.815489375584352842e+02
-1.454545454545454504e+03,1.023035940023724152e+03
-4.256033930116304731e+01,8.234173201280144667e+02
1.121212121212121701e+03,-4.992513802759280139e+01
8.468581222386584386e+02,1.416063173206609918e+03
7.878787878787878753e+02,-2.727272727272729753e+02
9.817259746431386702e+02,3.293515102806814525e+02
-1.716907436416623511e+02,-1.372352560660723384e+03
-5.070230538234689561e+02,-9.090909090909091219e+02
-2.101488960386224960e+02,1.090909090909091447e+03
-4.672994683509990921e+01,-8.211408308190544858e+02
-1.132968522738258343e+02,1.000000000000000000e+03
-6.941108317167257837e+02,1.307159775062374365e+03
7.578386357825187361e+02,-1.545361603973231922e+03
-1.000000000000000000e+03,3.476982510308432239e+01
-3.939393939393939377e+02,4.799578643091999766e+02
1.818590666456283600e+02,-9.037021498710439005e+01
-1.484720860106451028e+03,-2.424242424242424363e+02
-6.060606060606060908e+01,4.545454545454545325e+01
-1.419355027602038717e+03,3.939393939393939377e+02
-1.060606060606060737e+03,1.862072868231742007e+02
-9.295114169871087597e+02,1.032552708394005322e+03
6.666666666666667425e+02,8.198456077197846525e+02
-1.462434030596061575e+03,-4.242424242424242493e+02
-1.363636363636363740e+03,9.922994028810420559e+02
7.276344159605596360e+02,1.124105630714775771e+03
1.861146572578019076e-01,-1.162642528826838316e+03
-1.088663569369153265e+03,3.968912086612840540e+02
-5.454545454545454959e+02,-6.680481698669287880e+02
-8.544722400709979411e+02,8.181818181818186986e+02
1.244171783581517730e+02,-8.541827278555692828e+02
-5.134728756864866455e+02,6.363636363636359192e+02
6.948659681016983996e+02,-7.878787878787878753e+02
-1.139274666873485103e+03,2.015011298545221337e+02
6.666666666666667425e+02,1.515878098357003410e+03
7.272727272727272521e+02,-3.030303030303030596e+02
-3.221760385508802642e+02,1.232956277246546733e+03
7.575757575757576205e+02,1.696906225187344262e+03
-5.558278474860003371e+02,1.212121212121212693e+03
-6.712571687331079602e+02,-1.894473819657860986e+03
6.060606060606061192e+02,-2.727272727272727479e+02
-1.238518731251110921e+03,1.229065720761782131e+03
-1.329555433925084799e+03,6.969696969696969973e+02
-5.489510489510480511e+02,4.487179487179430737e+01
-9.344682948906347519e+02,-2.692027684257087685e+02
1.121212121212121701e+03,1.012048448752261038e+03
-2.753521635709325110e+01,7.142140039014947206e+02
-9.117879043620520179e+02,3.030303030303030454e+01
-9.154105166850882824e+02,1.302500594098808051e+03
7.272727272727272521e+02,-9.057239057239056592e+02
2.655156046897819806e+02,-1.090909090909090992e+03
3.277192621193966602e+02,1.636363636363636942e+03
-2.153159805333637034e-13,-8.180375405816894272e+02
7.575757575757576205e+02,-8.144844902543862872e+02
7.575757575757576205e+02,-1.212121212121212238e+03
-4.157196969696963720e+02,-1.216856060606045560e+02
6.538005112308192111e+02,1.717348190633152626e+03
-1.273582260080816468e+03,3.311539379892789157e+02
-7.980641442291994281e+02,2.271570367854164658e+02
1.212121212121212182e+02,1.000000000000000000e+03
7.878787878787883301e+02,-3.683672366631730597e+02
-8.787878787878788671e+02,-2.121212121212121247e+02
-2.266761709950527575e+02,-1.094519623342911700e+03
-6.572891285862236828e+02,8.143728420980440887e+02
1.148148148148148039e+03,9.393939393939394904e+02
-4.184357853661612126e+02,-1.212121212121212238e+03
6.363636363636363740e+02,-2.810215084236293706e+02
1.214718614718614873e+02,-1.789870129870129858e+03
8.561158919681072348e+02,-6.363636363636363740e+02
1.090909090909090992e+03,3.030303030303030596e+02
8.181818181818194944e+02,-3.030303030302858147e+01
4.545454545454545610e+02,-1.060606060606060737e+03
1.212121212121212238e+03,2.424242424242424363e+02
-8.484848484848484986e+02,7.272727272727272521e+02
-2.121212121212121247e+02,3.636363636363636260e+02
9.731112701972459718e+02,-1.484848484848484986e+03
1.090909090909090992e+03,1.069890350268198745e+03
8.787878787878788671e+02,-1.092225238343080264e+03
-5.940081107085752166e+01,8.818822960903165722e+02
-7.575757575757576205e+02,-3.558935605006810761e+02
-4.796475854484371126e+01,9.543000059324850781e+02
9.738592511372426088e+02,-9.916577689341888799e+02
-4.545454545454547883e+02,-1.011192381281945472e+03
1.246301565614067385e+03,1.561823824580195605e+02
-7.013897496079858911e+02,-9.023979994661820001e+02
-1.424242424242424249e+03,7.878787878787878753e+02
-1.333304542730506682e+03,1.091202644283852578e+03
-2.434677598056258603e+02,-1.495790270075719036e+03
-5.757575757575757507e+02,1.244555053786649296e+03
5.420729429117099016e+02,9.696969696969701999e+02
6.624987340524372712e+02,1.180210055727127383e+03
1.237510181931583929e+03,6.962932921148825471e+02
1.075140783828443773e+03,6.343103127585048924e+02
-3.616036169413310404e+02,2.469867970031772870e+02
-6.857661490729202569e+02,5.797186281031553108e+02
3.769817407474861426e+01,1.393939393939394449e+03
1.334494610429132081e+03,-1.454545454545454504e+03
8.786213963087551519e+02,-5.755910932784519218e+02
8.787878787878788671e+02,-1.545454545454545496e+03
1.759986225895318057e+03,1.535468319559233123e+03
1.191350817438499234e+03,6.360817038564274526e+02
2.738611753227808094e+02,-1.121212121212121247e+03
1.246219294907363064e+03,9.789963956354363290e+02
5.928853754940805487e+01,-1.452569169960474255e+03
-8.500139155399242554e+02,8.484848484848484986e+02
7.215007215007297248e+01,-4.353054353054345142e+02
-1.863233889983752533e+03,5.136722564706395815e+02
-3.034408825764697895e+02,1.916840894203846233e+02
-6.626130683858989414e+02,-7.541343843026612603e+02
-1.000000000000000000e+03,-1.212121212121212238e+03
1.345310172680244023e+03,-1.349996074380162554e+03
1.277233745814731947e+03,-1.424242424242424249e+03
5.149587107178805354e+02,5.151515151515155821e+02
-9.620986687281844070e+02,-9.359379746727521479e+02
-1.456902231968349270e+03,6.969696969696974520e+02
4.686240477928604378e+02,2.764052543850281154e+02
1.086723122814184990e+03,1.468862810319868004e+03
1.212121212121211784e+03,-3.030303030303032870e+02
-1.545454545454545496e+03,1.090909090909090992e+03
1.303030303030303003e+03,-1.544920914772263131e+03
-7.459565012867841460e+02,8.131224722368901894e+02
3.636363636363640808e+02,1.729439771727977586e+03
8.483732635623305214e+02,3.650234513285027447e+02
1.309910022437317423e+02,4.790490236167773901e+02
-9.696969696969697452e+02,-3.939393939393939377e+02
-1.272727272727272748e+03,6.666666666666667425e+02
-8.459334036236276688e+02,9.090909090909095767e+02
7.272727272727286163e+02,1.787756964515752088e+03
-3.991722672175450839e+02,-1.575302155093427700e+03
-9.393939393939394904e+02,4.366027481987993610e+02
-1.818181818181816141e+02,-8.190852519493562340e+02
-6.173530884022936789e+02,-4.777310691911154095e+02
-1.629357243545492224e+02,7.751956486183395327e+02
8.484848484848489534e+02,-1.071286983184528026e+03
-4.948181690772981938e+02,-1.085630815128939503e+03
5.749877655007651356e+02,-1.666666666666666742e+03
-7.477504798135612418e+02,1.208723552260062888e+03
-7.472691117047168063e+02,6.975031775434853216e+02
9.232270609049442101e+02,-1.701423734347059280e+03
7.442472014189580705e+02,-1.732437382054583168e+03
-8.775053420507638293e+02,3.333333333333333712e+02
-1.076876971614794456e+03,-6.446168295318116179e+02
-7.808610713699760026e+02,4.393939092653582179e+02
-7.575757575757576205e+02,-1.212121212121212182e+02
-1.114709493595625872e+03,1.424242424242424249e+03
3.037879091413116726e+02,-6.666666666666667425e+02
1.183135690511147686e+03,-1.906225991935202956e+03
6.133432692702508575e+02,1.545454545454545951e+03
4.545454545454550157e+02,1.662735756963725180e+03
1.118849978773545217e+03,1.181071219287825214e+00
5.151515151515151274e+02,-9.332756341357982137e+02
-1.390376530080716066e+03,8.181818181818182438e+02
7.878787878787878753e+02,-9.393939393939394904e+02
-7.550258817356962027e+02,1.622447223618733503e+01
-1.611118045033574617e+03,1.046290815045861109e+03
-3.588987229354081592e+02,6.718284229684172715e+02
-5.297499117020537369e+02,5.621315479487108178e+02
-1.122632403810860296e+03,5.981810196248086413e+02
7.045013013616468243e+02,-3.333333333333333712e+02
6.192463973403167756e+02,-1.665897596939832738e+03
-1.400027788236672905e+03,9.729337017239889747e+02
-1.118605634840851053e+03,-1.212121212121207918e+02
1.121212121212121247e+03,-1.212121212121212182e+02
-9.090909090909090651e+01,-8.215054829951606052e+02
-1.781692376531061939e+02,3.939393939393939377e+02
7.881600828798692646e+02,-1.575757575757575751e+03
1.144867512012986253e+03,8.787878787878792082e+02
1.181818181818181984e+03,-3.353648203086259514e+02
5.792706078903265734e+02,-3.059419963408943772e+02
1.121212121212121247e+03,-1.515151515151515298e+02
-1.393939393939393995e+03,1.030303030303030255e+03
-1.837277781022728277e+03,-8.351746955914918544e+02
-1.839928446738472019e+02,8.424952880488773417e+02
2.524530667864887690e+01,1.502108040759532287e+03
-8.181818181818182438e+02,6.000455373644530255e+02
1.151515151515151956e+03,-1.486892363936593426e+02
1.172510664991170870e+03,8.181818181818182438e+02
-1.480987701652816781e+02,-3.030303030303030454e+01
-1.274680355966833304e+03,-1.834050619503246935e+02
-2.727272727272725206e+02,2.727272727272727479e+02
-1.228938732038847775e+03,-5.442436840204757118e+02
1.333333333333333940e+03,-1.424242424242424249e+03
-1.242424242424242493e+03,-1.786863581978777518e+02
7.539315692719327444e+02,-1.305307920720194033e+03
-8.138495632388403465e+02,-2.121212121212123520e+02
-3.588850096380767951e+01,1.468807038634010723e+03
3.154277682485146173e+01,-1.690785371727549546e+03
-6.866236609841181462e+02,4.944059369949346205e+02
4.848484848484848726e+02,-1.758519859649273030e+03
9.280373790517410271e+02,-1.370150749365391903e+03
3.602259034430879296e+02,-7.334701106808455506e+02
-1.007373745481036849e+03,-2.424242424242426637e+02
8.352975617682186567e+02,2.431343926682499728e+02
-9.998905355805100044e+02,-1.895911724703238406e+03
-4.851796710156431232e+02,3.029768527365456521e+02
9.689851166082080454e+02,-4.848484848484846452e+02
7.458865063233149613e+02,-9.393939393939394904e+02
-2.727272727272729753e+02,-1.730305957912621807e+03
6.363636363636363740e+02,1.480779835467483963e+03
1.744668911335578969e+03,-1.033108866442199542e+03
7.897858888158885975e+02,-1.271488574332940289e+03
4.849478816802831034e+02,1.665970888844078900e+03
-1.061347362922724415e+03,4.489298832741163210e+02
8.179483024487204830e+02,1.636363636363636488e+03
7.978456475728895612e+02,-1.000000000000000000e+03
-4.545454545454545610e+02,4.942695197652648176e+02
1.151515151515151501e+03,-3.030303030303030596e+02
0.000000000000000000e+00,1.468184620283070217e+03
-9.019827399168235615e+02,-1.151515151515151501e+03
6.363636363636363740e+02,1.786073126227621742e+03
4.429797775915856732e+02,-3.046750302688407714e+02
-1.392973033959801796e+03,5.757575757575757507e+02
3.128020240642313752e+02,1.605043407986100874e+03
6.998705807438466309e+02,-1.604354486276539319e+03
-1.212121212121212238e+03,1.417441427969891265e+03
-1.236305937166101103e+03,3.636363636363636260e+02
-1.000000000000000000e+03,7.272727272727272521e+02
-1.212121212121212182e+02,2.727272727272727479e+02
2.153159805333637034e-13,6.357522826381550658e+02
-9.104996645649176799e+02,-4.019408861581361947e+01
6.658513546999042774e+02,-1.155024296482193677e+03
-2.424242424242424363e+02,-8.184611087836894967e+02
1.026024933916097780e+03,1.117833821546839999e+03
-3.030303030303030596e+02,-1.696608167943974877e+03
-2.984251491029890531e+02,7.425899866962664646e+02
1.743801652892563425e+03,1.834710743801654644e+03
5.916642953498060251e+02,-1.801834459663719372e+03
1.045163028208471445e+02,-1.121850691602024199e+03
-1.107852720755945938e+03,-1.680677745193873989e+03
4.545454545454541631e+02,3.939393939393939377e+02
1.278286099327394595e+03,-3.636363636363638534e+02
6.098396237771443111e+02,6.938766180047956595e+02
-1.029591177214268100e+03,4.242424242424242493e+02
-1.154683840730435577e+03,-9.684323940804541735e+02
-1.389968147899631049e+03,6.363636363636363740e+02
-1.457858061625691107e+03,-5.151515151515151274e+02
1.095183950787457661e+03,-1.516133192535005492e+03
-2.121212121212121247e+02,-8.184859855164494320e+02
-1.299119914501946369e+03,-9.090909090909091219e+02
-1.424242424242424249e+03,1.030303030303030027e+03
-3.030303030303030454e+01,-1.090909090909090992e+03
-9.393939393939394904e+02,-6.666666666666667425e+02
-8.796734915891604487e+02,-1.818181818181818130e+02
-6.978998741521683087e+02,-5.159186876440161313e+02
9.393939393939394904e+02,1.562306617759608571e+03
-3.829158824273731625e+02,1.212121212121212693e+03
1.813649404375145195e+02,-1.160236166691069911e+03
6.060606060606061192e+02,9.062461427831216270e+02
-1.116845337927417177e+03,-1.148969726271156787e+03
-1.461894350477429725e+03,2.369918587066222528e+02
6.060606060606061192e+02,-4.545454545454545610e+02
1.118006045058505833e+03,-1.140253787352936570e+03
3.030303030303030454e+01,-8.247332736168795009e+02
-1.272727272727272748e+03,1.393939393939393995e+03
6.969696969696974520e+02,1.608614954324924611e+03
1.049333609339202894e+03,3.888389610636792781e+02
-1.362891411606094152e+03,-7.568308055454881469e+02
9.801073035894089571e+02,-5.524544796745949498e+02
-3.173717963118943430e+02,3.718773233608143300e+02
8.181818181818182438e+02,-1.060606060606060737e+03
-8.759328082854859758e+02,4.291560859566216379e+01
-1.032124014007941923e+03,5.718394426671103474e+02
1.225631352533481504e+03,-1.258277445590961179e+03
-3.719319716607550674e+01,1.818181818181813867e+02
-3.545664736797887144e+02,5.906420254132146965e+02
4.744357498529891473e+02,7.339773265838339285e+02
-8.787878787878788671e+02,7.575757575757576205e+02
-5.470902725139509357e+02,4.693006166293323531e+02
-1.010561106121392868e+03,-7.032146108907895723e+02
4.545454545454545610e+02,4.267969629351689491e+02
-7.333698059448166759e+02,-1.549633303055349643e+03
-5.981425162059375680e+02,-1.574158651439835694e+03
-5.735200092546056112e+02,2.919900990367118538e+02
-3.030303030303030454e+01,-1.121212121212121247e+03
-9.139313400110323755e+02,9.746317022900162783e+02
-6.429002440074674496e+01,1.039866708873012612e+03
7.575757575757571658e+02,-6.051165039870907094e+02
7.508084659762829460e+01,2.653708337574171949e+01
4.613811781400107179e+02,-9.662268654182092860e+02
2.420084793427865861e+02,1.669857398707762286e+03
4.239969305693074944e+02,-1.469521690160444905e+03
1.060606060606061192e+03,-1.519611962872221284e+03
-1.818181818181818130e+02,9.090909090909091219e+02
4.848484848484848726e+02,3.939393939393939377e+02
-9.090909090909091219e+02,-1.363636363636363740e+03
-7.577040012493083623e+02,-1.511375461587480231e+03
-2.918463248940448551e+01,1.268859691547787634e+03
-8.487756948086561124e+02,8.787878787878788671e+02
1.181818181818181984e+03,6.917928954423783807e+02
-9.595955181160817347e+02,-6.921977371402447261e+02
5.742844663444446951e+02,1.536579092793573409e+03
-2.059091894290518496e+02,-1.491870430870001883e+03
-1.383258471360926706e+03,-4.848484848484848726e+02
7.878787878787878753e+02,-8.787878787878788671e+02
-5.155064010556150151e+02,8.138591872486003922e+02
1.145115748985516120e+03,3.030303030303030454e+01
-5.032768267243926630e+02,3.636363636363636260e+02
5.757575757575757507e+02,-5.756382641334766959e+02
1.198671963385054369e+03,-1.194671039998252809e+03
-1.057331951247386542e+03,-7.169834294826305268e+02
-5.393687052831986648e+02,1.152387299917044402e+03
-6.093835033987718930e+01,4.295386372448983252e+02
-7.878787878787878753e+02,-3.030303030303030596e+02
1.010203418532364253e+03,-1.575757575757575751e+03
-2.099409251994750889e+02,-7.878787878787878753e+02
5.151515151515147863e+02,1.685618829868706825e+03
3.030303030303034575e+02,-1.765857334919083087e+03
8.819580130387287227e+02,-1.055044859497895686e+03
-2.623018746242637889e+01,5.151515151515151274e+02
5.151515151515155821e+02,-3.063973063973062949e+02
5.481158267908303117e+01,1.424242424242424704e+03
-1.181818181818181984e+03,8.417128428518981309e+02
8.787878787878788671e+02,1.664736160894052773e+03
1.181095761833332517e+03,-2.495165824562102230e+01
9.090909090909134704e+01,-8.226248447921730076e+02
1.124505631352105866e+03,1.242424242424242493e+03
-5.462962962962959637e+02,-1.405723905723905773e+03
1.152471051054801592e+03,5.419154958466133394e+02
-1.432095716111889203e+02,4.459082356072813127e+02
9.589538123724605612e+02,1.457161185286197167e+02
-3.939393939393939377e+02,-1.151515151515151501e+03
-1.063881604386243907e+03,-9.393939393939394904e+02
-4.242424242424244767e+02,-7.281882736405956393e+02
-5.457725696985478407e+02,4.240834121204227358e+02
-1.542987621309057999e+02,-9.113079821774977063e+01
-5.258090228441051295e+02,1.244105380862653192e+03
1.051495834142868716e+03,-3.337009547330428632e+02
-1.089146350275563464e+03,-2.121212121212121247e+02
4.855877579273516744e+02,-1.067663118203471413e+03
-1.158623832199860288e+02,7.878787878787878753e+02
1.087995370155669434e+03,-1.028262365253798549e+02
1.000000000000000455e+03,1.575757575757575751e+03
-1.303030303030303003e+03,1.030303030303030710e+03
-1.498215886070523993e+03,7.878787878787875343e+02
-1.212121212121212182e+02,1.181818181818181984e+03
-1.010274401615311035e+03,1.360975717576402758e+03
-1.000000000000000000e+03,4.545454545454545610e+02
1.177086113025481609e+03,4.456806846214457778e+02
-8.499525760757838952e+02,-7.270892613238604554e+02
9.963968016679890525e+02,-1.367504190386722939e+03
-9.731607108583453964e+02,5.966926906976519831e+02
-1.090909090909090992e+03,9.393939393939394904e+02
-1.275853656852681297e+03,8.751253793271372388e+02
9.453143650270775424e+02,-5.811166204655542060e+02
8.529602210657455998e+02,-1.000000000000000000e+03
-1.485150279605114974e+03,-3.030303030303030454e+01
-1.151515151515151501e+03,3.030303030303030596e+02
-9.434774880476809358e+02,1.393939393939393540e+03
-2.001395403609218704e+02,1.121212121212121247e+03
1.090909090909090992e+03,1.575757575757575751e+03
1.151515151515151501e+03,0.000000000000000000e+00
-6.112565938472699827e+02,-1.648172699515145496e+03
8.163154161474694774e+02,-1.506125468040060696e+03
4.166010367870746336e+02,-2.715065410623608386e+02
1.515151515151515298e+02,-1.088710281154597396e+03
-9.032751760024480063e+02,1.831955922865015509e+03
-1.200727960475082227e+03,-1.002300864065370092e+03
-9.349759574273217595e+02,5.454545454545454959e+02
-9.030264810244990485e+02,-4.545454545454547883e+02
7.716722820610755207e+01,5.434104105780636473e+02
-1.181818181818181984e+03,1.486938535906671859e+03
-9.393939393939394904e+02,-6.079540501564476926e+02
1.249942892693657541e+03,7.269945086690422613e+02
1.040518265808703518e+03,5.778549444150772842e+02
0.000000000000000000e+00,-6.060606060606060908e+01
-9.370639877034425353e+02,4.995948779647689548e+02
-3.621971860486125934e+02,-1.128061850605452491e+03
-1.924242424242418394e+02,-5.444444444444436613e+02
-1.452338279030709828e+03,-2.827510018092458566e+01
3.030303030303030454e+01,-1.029475166128456976e+03
6.410134326261811566e+02,-1.030303030303030255e+03
7.659072351014635842e+02,2.638474134326141325e+02
-1.091344360000630331e+03,-1.242693280504423910e+03
-1.272727272727272748e+03,6.992063361737024252e+02
1.150288125416611820e+03,1.484848484848484986e+03
-7.237366510487111100e+02,-1.438760361780536527e+02
-8.787878787878786397e+02,1.333333333333333485e+03
1.212121212121212238e+03,-1.454545454545454504e+03
-2.487864097628978755e+00,-1.666666666666666742e+03
5.454545454545459506e+02,7.613256424196287071e+02
-1.212121212121212238e+03,8.787878787878788671e+02
3.030303030303030454e+01,1.090909090909090992e+03
4.882180019679333327e+02,-1.605412142188621829e+03
6.363636363636363740e+02,9.045418021950634966e+02
-8.484848484848484986e+02,-6.060606060606061192e+02
6.062543645722956853e+02,1.790655993212992598e+03
7.207120946546650657e+02,-1.575757575757575751e+03
-1.210396687191420142e+03,5.454545454545450411e+02
1.244143156657168674e+03,7.878787878787878753e+02
1.560071301247772908e+03,7.169340463458109980e+02
-6.697037924356429528e+01,-1.945888811538766959e+03
-4.579886537442911276e+02,4.242424242424242493e+02
-7.272727272727272521e+02,-3.880577400349445725e+02
-1.090909090909090992e+03,-1.033884613660089144e+03
8.483392048070325018e+02,-1.545454545454545496e+03
-9.440493358410940345e+02,-5.529235456590695321e+02
7.878787878787878753e+02,1.666666666666666742e+03
-9.075350033744999791e+02,-1.183063669385072899e+03
-9.941318132102347818e+02,7.575757575757571658e+02
-2.121212121212121247e+02,4.242424242424242493e+02
1.333333333333333485e+03,-1.484848484848484986e+03
-3.636363636363636260e+02,-1.030303030303030255e+03
7.272727272727272521e+02,1.719975221466507492e+03
-4.309046975414436815e+02,6.479754319800960047e+02
1.212121212121211784e+03,7.490814452099149321e+02
3.636363636363636260e+02,1.691939240957841776e+03
-1.363636363636363740e+03,6.666666666666667425e+02
9.718588738248454320e+02,-1.702878901585890389e+03
-7.112708046121816778e+02,1.181405298163441785e+03
1.212121212121212238e+03,-3.636363636363636260e+02
2.728237831337741000e+02,-1.788264829504792488e+03
-1.515151515151517287e+02,1.659094415217468566e+02
7.575757575757576205e+02,-1.629654375007406543e+03
-9.975865604312115238e+02,7.945078187973173272e+02
1.125703648735243405e+03,1.151515151515151501e+03
-5.208247448290346711e+02,-1.180886146285695986e+03
6.057312252964427444e+02,-6.459156785243743570e+02
3.530452444401248613e+02,-1.726763161812813451e+03
6.123856287028949055e+02,2.932849455826039389e+02
-1.459898306187048775e+03,7.287948952970713208e+02
1.090909090909090992e+03,5.622769194814343336e+02
-7.878787878787878753e+02,-2.678366521879876245e+02
1.090909090909090992e+03,-1.484848484848484986e+03
5.134260730019572065e+02,-1.151515151515151501e+03
-9.090909090909091219e+02,1.392857142857143117e+03
-1.290537228546096230e+03,5.757575757575757507e+02
1.081700861959196800e+03,1.408672876752511911e+03
-1.001843488247629921e+03,-1.818181818181822678e+02
1.818181818181813867e+02,-1.788229241119932567e+03
-2.414256634514136692e+02,-1.560090279947361068e+03
-9.750047881952019679e+02,-1.366424085287027538e+03
1.272727272727272293e+03,-1.480915284051008484e+03
-1.422036814816688548e+03,7.272727272727272521e+02
5.177377256287894625e+02,4.186272079811575964e+02
5.651228240738373643e+02,-3.724002340389707228e+02
9.090909090909090651e+01,-1.757531832332510248e+03
1.818181818181818130e+02,-6.969696969696969973e+02
9.155565252039283450e+02,1.000069158905899485e+03
1.212121212121212238e+03,8.611240532041687175e+02
-3.247562768362117822e+02,6.961007540281268575e+02
5.354723443910158949e+02,-1.212121212121212238e+03
5.757575757575757507e+02,1.000000000000000000e+03
-1.424242424242424249e+03,6.666666666666667425e+02
9.393939393939394904e+02,-1.030303030303030255e+03
1.212121212121212182e+02,9.090909090909090651e+01
-1.479351562351576831e+03,-9.090909090909048018e+01
-2.161536358331297834e+02,-1.359063985031641096e+03
-1.110667190195493959e+03,2.477391077255827270e+02
-1.572084481175390010e+03,-1.627486991123354528e+03
7.265464800644562047e+02,-1.242579866826014950e+03
9.090909090909090651e+01,1.558093750173866283e+03
-7.575757575757576205e+02,-6.666666666666667425e+02
-1.424242424242424249e+03,-5.151515151515151274e+02
1.095078536813930214e+03,1.293377900682304244e+03
1.070289813661607639e+02,1.399791310820091894e+03
-1.428775665500643299e+03,-6.060606060606063465e+02
1.030303030303030255e+03,-1.362764439754946352e+03
-1.491585402549640776e+03,3.350759922877824692e+02
9.570085119297440315e+02,-4.242424242424242493e+02
-1.018648528179432105e+03,9.997775145206123852e+02
-1.183934915011608155e+03,1.241005435974347620e+03
1.381654223504781598e+01,3.030303030303030454e+01
1.446753246753246458e+03,1.813852813852814506e+03
5.550474741424370677e+02,2.916904263096284922e+02
-1.481717779171430720e+03,1.515151515151515298e+02
6.166888506634925307e+02,-1.697766365662426324e+03
-4.548606649384501566e+02,9.961176148213875194e+02
-1.397384296222424155e+03,-1.881054164537997849e+03
7.272727272727269110e+02,-6.037021051779871641e+02
-7.020081431396923222e+01,6.711960926404107113e+02
-1.486567229722568015e+02,6.060606060606060908e+01
1.120557252552730915e+03,-4.554523822693669217e+02
5.448435941665026121e+02,-9.062150961399862581e+02
-2.695260054704423851e+02,-1.030303030303030255e+03
-2.121212121212123520e+02,8.721486296898664250e+02
8.181818181818182438e+02,1.515151515151515241e+03
1.088224914606325683e+03,-1.215280415005288887e+03
-6.797591632539293869e+02,5.454545454545454959e+02
-1.045454545454545496e+03,7.272727272727272521e+02
-5.454545454545452685e+02,1.030403083502920254e+03
6.547412777645649840e+01,1.184569969637135358e+02
-9.090909090909091219e+02,-1.393939393939393995e+03
6.995874248321280220e+02,-7.272727272727272521e+02
6.060606060606060908e+01,-1.029546409266617502e+03
1.069350729700655620e+03,5.188674377098363948e+02
4.282272886892092743e+02,4.933233318528730820e+02
5.757575757575757507e+02,-1.813920428598037518e+02
-3.638990346621988010e+02,-1.481352900239912742e+03
-9.696969696969697452e+02,-1.212121212121212182e+02
-1.060606060606060737e+03,-3.995535676946225294e+02
-1.120034528201468049e+02,7.421044296518959982e+02
7.470579739512043034e+02,3.732143210487028000e+02
-5.249648818273107054e+01,1.212121212121207918e+02
2.272727272727272805e+02,1.606060606060606460e+03
-4.545454545454545610e+02,8.484848484848484986e+02
-1.088497214352841638e+03,9.632261264912479248e+01
2.411417056871272280e+02,-1.727272727272727252e+03
4.194728456884316188e+02,-5.422841130158747092e+02
-1.813939650493444788e+03,1.879166999987760391e+03
-4.030046514264931261e+02,7.538607207653210480e+02
-2.730386848599505925e+02,-1.571556823893789669e+03
-3.356762453588718813e+02,4.242424242424242493e+02
6.837995810226269668e+02,1.447954437259884799e+03
-1.424242424242424249e+03,3.030303030303030596e+02
1.682548387219532628e+02,4.588234267391662229e+02
-1.013450131002554713e+03,-6.410628123332813857e+02
-1.090909090909090992e+03,8.158039890410724411e+02
-9.127180586125629134e+02,-1.449448133724484933e+03
-1.424242424242424249e+03,-5.757575757575757507e+02
-8.461590811339909806e+02,-1.212121212121210050e+02
-4.607017007188346156e+02,7.276442162593372132e+02
-1.275159100550020867e+03,1.000000000000000000e+03
-6.363636363636363740e+02,1.124424782790436211e+03
8.740385684498818364e+02,1.749175345354577473e+02
6.663544169630370106e+02,-7.272727272727272521e+02
-6.666666666666669698e+02,-8.224193359785217581e+02
-4.243020736789069929e+02,2.423645929877598917e+02
-4.518327888155162668e+02,1.254970321425208340e+03
-9.696969696969697452e+02,-6.363636363636363740e+02
1.226511670471902107e+03,-4.583538809152037174e+02
-1.212121212121210050e+02,1.055573165854894569e+03
-1.236262455042645570e+03,-1.156240299454375645e+03
-8.187806666486942504e+02,1.818181818181818130e+02
0.000000000000000000e+00,9.682002645591426244e+02
-2.121212121212121247e+02,9.120633740032371861e+02
4.947737580142912179e+02,-2.727272727272725206e+02
8.787878787878792082e+02,-1.695535585403522873e+03
-3.752913752913743224e+02,-3.636363636363632281e+02
9.090909090909091219e+02,1.739029128798866566e+02
9.435735968235978817e+02,-3.932526061423333772e+02
-2.031356284759443724e+02,3.253765145984743867e+02
-8.096794713459073591e+02,9.090909090909090651e+01
-1.393939393939393995e+03,6.720699343566138850e+02
-8.177262946438399922e+02,-5.440879748406110821e+02
1.000000000000000000e+03,-4.376603810022364769e+02
-6.950939440795677911e+02,3.938479841343859675e+02
6.667170661609841318e+02,-5.755055782859910778e+02
-9.397035224562741860e+02,-4.555045664663117009e+02
-5.491865735019916883e+02,6.838090652506803053e+02
5.471792493170243006e+02,5.666561614854781510e+02
-7.575757575757576205e+02,-9.090909090909090651e+01
-1.575757575757575751e+03,1.152271182440091707e+03
5.118123248040224098e+02,-1.115866837061815886e+03
-1.090909090909090992e+03,-1.515151515151513024e+02
-3.030303030303008782e+01,-1.761380472644026668e+03
-1.090909090909090992e+03,1.389048773400108985e+03
-1.085507632005838332e+03,-9.278143282000256065e+00
1.318930437905885924e+02,1.545454545454546405e+03
1.818181818181818130e+02,-6.654912898747427334e+02
-1.272727272727272748e+03,1.424242424242424249e+03
-1.176853586002315524e+03,3.409768286152214500e+02
6.666666666666667425e+02,-9.797756942609651105e+02
4.528427159031387532e+02,6.674234393965843992e+02
-9.463573621817769208e+02,7.572841720260406362e+01
-1.426890041610460457e+03,-6.445944406250750944e+02
1.030303030303030255e+03,-1.151515151515151501e+03
-1.367034804494026275e+03,7.576132776441208989e+02
9.090909090909091219e+02,1.636363636363636033e+03
7.435054716664687930e+02,-1.696969696969696997e+03
8.767539601239500371e+02,8.439584116665206466e+02
-9.696969696969697452e+02,1.454545454545454504e+03
9.696969696969701999e+02,-1.515151515151515241e+03
1.012593782715734051e+03,-1.261645105515884097e+03
-9.627046398800723637e+02,7.281656858557767009e+02
-9.332686786710114575e+02,5.893113829348526451e+02
1.340082472100090854e+03,-1.545899650764179114e+03
-9.090909090909113388e+01,1.113717287448875823e+03
2.595164112404327170e+02,2.922820622260894652e+02
6.611099749099063274e+02,1.366097903885398637e+03
1.122401882979277161e+03,1.272727272727273203e+03
-4.840191661310893778e+02,1.061263621793319317e+03
1.075548222806427702e+03,2.727272727272727479e+02
6.829821913972183722e+01,-6.966406145256756872e+02
-9.090909090909090651e+01,2.727272727272727479e+02
7.872914793590928184e+02,-1.334507950372723599e+03
-1.032479293271591132e+03,6.217302890087325977e+02
-3.397085931692237892e+01,-1.151515151515151501e+03
3.635568293967665454e+02,2.977317377677437094e+02
-6.992619229238744083e+02,-1.579380771620630412e+03
9.392598920898029746e+02,-5.150174678473787253e+02
-1.330895803297069506e+03,-7.810461640389563627e+02
-2.456485693013058551e+02,4.986598807323534857e+02
-1.528312814449642758e+02,1.008009711679620978e+03
8.787878787878788671e+02,-1.575757575757575751e+03
-3.706314834425732556e+02,1.180766718227130923e+03
-8.080272853565872992e+01,1.216074732091607984e+03
1.115093815953980084e+03,-3.636363636363638534e+02
-8.484848484848484986e+02,6.363636363636363740e+02
-1.308830194969987701e+02,-1.250086262185611758e+02
9.090909090909091219e+02,-1.090909090909090992e+03
-9.639584471034337412e+02,3.333333333333333712e+02
-1.313346228239844550e+03,-1.490006447453255532e+03
-1.853543872339070276e+03,1.349491135382526409e+03
1.156649583197622405e+03,1.424242424242424704e+03
-9.993080674777318109e+02,1.090991972273727242e+03
-1.000000000000000000e+03,3.939393939393939377e+02
5.809187350804273819e+02,3.825148412839087655e+02
4.794846277970841584e+02,1.696969696969696997e+03
9.425340802933088753e+02,-7.452329011213214471e+02
1.333333333333333485e+03,-1.515151515151515241e+03
-6.717321706010923208e+02,-3.960764034117298138e+02
1.090909090909090992e+03,-4.301404582797900389e+02
5.454545454545454959e+02,-1.787878787878787989e+03
-3.263689358334113422e+02,4.615098520453770448e+02
1.461206329498267280e+02,-6.649403262434885846e+02
7.569052501244889299e+02,-1.000000000000000000e+03
7.272727272727272521e+02,-1.636363636363636488e+03
-7.272727272727272521e+02,-2.782541514815583241e+02
-1.264898107181135856e+03,1.294022455543068418e+03
-6.328680622360393500e+02,-3.624711722604978945e+02
-1.363636363636363740e+03,6.969696969696969973e+02
7.923047530082541243e+02,9.137850702637276754e+02
-1.000000000000000000e+03,-3.892449505668034817e+02
8.822465046046995667e+02,3.523676034631515108e+02
2.859025032938086497e+02,-1.950592885375494006e+03
-1.825847493305078615e+03,-1.493351164873335847e+03
6.969696969696969973e+02,1.730518679160669080e+03
-9.696969696969697452e+02,1.000000000000000000e+03
5.900161664681411366e+02,1.473666120945235889e+03
-9.665144924763070549e+02,1.351532233085883945e+03
4.545454545454545610e+02,-1.726881050953533986e+03
7.915179087109351030e+02,9.946577752607310003e+02
-8.787878787878788671e+02,1.212121212121212182e+02
6.637932361464232827e+02,1.000000000000000455e+03
5.113524372003474241e+02,-1.810884315471973196e+03
-8.876615079752394877e+02,-5.757575757575755233e+02
-4.505540619328911589e+02,9.092673053898298576e+02
8.767135454460894834e+02,9.999999999999996589e+02
-3.261286113928510986e+02,5.325110183642137827e+02
-9.090909090909091219e+02,-4.848484848484848726e+02
5.418098653270154728e+02,-4.517020331288323973e+02
9.090909090909095767e+02,1.594286435513470451e+03
-5.325554878825217742e+01,9.090909090909090651e+01
-2.727272727272727479e+02,3.730419358895998698e+02
-1.212121212121212182e+02,-9.090909090909090651e+01
-1.792422058698492435e+02,3.636363636363636260e+02
-7.878787878787878753e+02,3.030303030303030454e+01
6.070095351321278798e+01,1.109087778968262000e+03
1.154245027485812443e+03,1.351309092600954727e+03
1.189982562059134807e+03,1.472791459291802767e+03
-8.787351833905000831e+02,3.779795823056099380e+02
-1.829729773910854007e+01,5.431449543087425980e+01
-3.341696853612052678e+02,7.430381367065683662e+02
-1.531677891384072609e+03,1.152830602155739598e+03
-1.276103468447170599e+03,7.597619440875537293e+02
-1.328078548944246677e+03,9.033244511116488411e+02
5.151515151515151274e+02,6.666666666666667425e+02
7.831690493224657530e+02,8.787878787878784124e+02
-4.183101983219901285e+02,-9.040130277788161948e+02
6.529325053560290826e+02,2.376168397099352489e+02
1.026528703600563858e+03,4.392588325837633647e+02
-1.797074391234349150e+03,-1.877123485468223635e+03
-1.076380109887268645e+03,1.227107157980345846e+03
1.879870444121549511e+01,4.828215110452060230e+02
5.146129072022067703e+02,-1.182488695427111907e+03
1.571944367567026859e+02,1.047072752398360308e+03
2.311668630376142897e+00,8.003773139895369013e+02
1.147004549183996232e+03,9.090909090909091219e+02
-1.060606060606060737e+03,-1.504107918493139380e+02
1.754514845423937231e+03,1.222834404652586727e+03
-1.272727272727272748e+03,-6.427388961995268346e+01
4.242424242424238514e+02,3.933063950077135473e+02
1.748098359312626371e+03,-1.903676166483241786e+03
-1.461932602028366546e+03,6.052163606339876196e+02
6.060606060606061192e+02,7.866078466404150049e+02
-2.366555177746199945e+02,3.939393939393939377e+02
9.090909090909090651e+01,2.448671111571722463e+02
-5.757575757575757507e+02,1.060606060606061192e+03
-8.787878787878790945e+02,7.131533811828322769e+02
-8.181818181818182438e+02,-6.060606060606061192e+02
8.499815536226751647e+02,1.575757575757575296e+03
5.757575757575757507e+02,7.567397250125363826e+02
3.234102177987476239e+02,1.729206756286167320e+03
3.738789507375968810e+02,1.631946911292652430e+03
-8.718231585542783932e+02,1.432380323607254013e+03
5.755910932784521492e+02,9.089244266117855204e+02
-7.007131619436191272e+01,4.848484848484848726e+02
-7.161803991566812044e+01,-1.033214511063786858e+03
-1.030303030303030255e+03,3.545751970013229766e+02
8.864470119528654095e+02,9.393939393939390357e+02
-3.587291945322082256e+02,3.210240474468871525e+02
-4.632575757575747275e+02,1.514393939393943128e+03
9.047424567214890203e+02,-1.276232989491815033e+03
8.565642882195784296e+02,-2.411544588601973942e+02
2.066821584227981248e+02,-1.272612725030601723e+03
7.575757575757576205e+02,-1.108002707692062359e+03
1.495743956418114522e+03,1.503915560095339515e+03
7.575757575757580753e+02,1.983942770621673048e+02
-2.714620999277732949e+02,-1.606060606060606233e+03
6.764461352573979411e+02,-1.750921819583576053e+03
9.393939393939394904e+02,1.818181818181818130e+02
4.242424242424242493e+02,-1.060874155214333541e+03
-1.272727272727272748e+03,1.030303030303030255e+03
-2.779634738397024307e+02,-8.207999187380330568e+02
-9.696969696969697452e+02,4.359141819686332155e+02
9.393939393939394904e+02,-1.090909090909090992e+03
-8.464980275353744901e+02,-4.828616638990105798e+02
1.172812606426589355e+03,1.316724827655943272e+03
-9.090909090909091219e+02,3.410228829738246645e+02
7.594791263142012667e+02,1.315108599203554377e+03
9.390588872127954119e+02,-8.484848484848484986e+02
6.844262251107689963e+02,-3.644709927713396382e+02
-2.304806075029458157e+02,1.810919843100759010e+02
-8.786213963087551519e+02,2.121212121212121247e+02
-5.638297872340416461e+02,1.852353320438426863e+03
5.468443576127361894e+02,-1.247460483626169889e+03
-1.515151515151515298e+02,1.181818181818182211e+03
1.028143148505912677e+03,1.210726189297290148e+03
-3.030303030303030454e+01,3.636363636363636260e+02
-1.486225977565637095e+03,-3.340785839782586208e+02
-9.596756547793071377e+02,3.030303030303030596e+02
-1.458061339989620592e+03,-5.567801572465965592e+02
-4.637613291069808383e+02,1.032655142325453426e+03
-1.090909090909090992e+03,1.454545454545454959e+03
5.519409529001407009e+02,4.956030027604065253e+02
7.172795441570643789e+02,2.731654962806355229e+02
-1.151515151515151501e+03,7.878787878787878753e+02
-8.044785203480590781e+02,2.727272727272727479e+02
-8.787878787878788671e+02,1.363636363636363740e+03
3.467056551266117026e+02,-1.001328706596074881e+03
8.484848484848489534e+02,1.636363636363636033e+03
3.793420320341376883e-01,2.309373990548207871e+02
1.121212121212121247e+03,1.114878743175905356e+03
-1.365399104269891041e+03,-4.545454545454545610e+02
-5.187487734104632864e+02,9.328074525819072278e+02
-1.147664872151359987e+03,-1.119372736757638449e+03
-1.521664124459020968e+02,1.043852015791314329e+02
-1.439182825981662972e+03,-1.845776595460401097e+02
-1.639065112550867070e+03,1.085901214002004963e+03
6.650288362127898836e+02,-7.579033236665329696e+02
1.248071456115252431e+03,8.179906878204845952e+02
5.183548189745880563e+02,-1.513644677162287508e+03
-1.212637745139264922e+02,9.090909090909095767e+02
-9.820774036100781359e+02,9.585014922030708249e+02
1.212121212121212182e+02,-1.515151515151515298e+02
-1.454545454545454504e+03,7.878787878787878753e+02
7.272727272727272521e+02,1.393939393939393995e+03
-1.181579575280362860e+03,1.031018849916488080e+03
3.636363636363636260e+02,-2.121212121212121247e+02
1.185968225627020274e+03,1.818181818181818130e+02
-1.121212121212121247e+03,9.696969696969697452e+02
3.939393939393939377e+02,-6.066594545274821257e+02
