x,y
-4.861481090026393304e+02,1.180007442893519510e+03
-1.640625000000001421e+02,-1.989020635574221956e+02
5.791876102131151072e+01,1.401041666666666515e+03
1.841668966873415343e+02,8.404401973947681199e+02
3.263898192479205704e+02,-1.428880271942532545e+03
-1.196145146670971116e+02,1.784004116593722529e+03
-9.096119634710856872e+01,1.104227887174605485e+03
-4.779456084733490684e+02,1.218750000000000000e+03
5.775065270381336404e+02,-1.312500000000000000e+03
-2.457048702313670105e+02,-1.543237177034357046e+02
6.031067203113297381e+01,-5.052083333333333144e+02
9.242591402082729246e+01,1.682291666666667197e+03
9.079933684133696392e-01,5.988390406202942131e+02
2.366703192928734722e+02,1.314305784266436376e+03
-1.697934874368870055e+02,-1.893397953866212333e+02
3.653293716593160667e+01,-1.010779134371310761e+03
1.015625000000000000e+02,3.138803631845003679e+02
3.908865383388650798e+02,-1.483656341270784424e+03
-3.668096928751684231e+02,1.320184636760890953e+03
3.328506217457064054e+02,5.375906377047432443e+02
-2.251809344649145430e+02,1.087667132677375776e+03
-2.525574400710085854e+02,-5.588106558783642868e+02
-9.884118976678453805e+01,1.770833333333332575e+03
1.953125000000000000e+02,1.543520593198530605e+03
-2.371561458906817279e+02,1.194079510809923249e+03
-3.085409749045128933e+02,-1.089815409729846351e+03
-3.197446440757910864e+02,-9.381540436959312501e+01
5.883834941334641826e+02,-1.531130978125038382e+03
5.286458333333332575e+02,-1.237203676823823571e+03
-1.451860119123797688e+02,7.847731255890876128e+02
-1.482942776575291930e+02,1.032800416595409388e+03
-8.144527556611657815e+01,1.759852648299204247e+03
1.024899232538049265e+00,-6.249471379773669923e+02
-1.746024969057661380e+01,-5.130591845936176014e+02
4.344914283851345260e+01,-8.912346172408162204e+01
-2.630208333333331439e+02,-1.113103714693330630e+03
9.428903437313351787e+01,-1.304455107441217478e+03
2.189045784134613370e+01,-6.097753081103540751e+01
1.481675302699987995e+01,-1.011161449226254376e+03
-8.836162672289155751e+01,7.051707402242718672e+02
-1.640625000000000000e+02,-2.083333333333333144e+02
5.544150067346720334e+01,1.346357088365864911e+03
1.511322113113440082e+02,8.378454345082915324e+02
1.295181930029050932e+02,-6.725154578163475207e+02
-9.089552726760025791e+01,1.343837819182801013e+03
1.420616704977146583e+02,1.283417345044705144e+03
3.650973995943056138e+02,-4.530722022513661500e+02
-5.234375000000000000e+02,-7.447916666666666288e+02
2.886652417429396564e+02,7.774064129575019706e+02
5.086866843471788684e+02,-1.269215677978387930e+03
-3.351306089393225989e+02,-1.073382093145177578e+03
-1.413230318808766128e+02,-1.831449650972273503e+03
-1.593566192897715723e+02,1.216502260391357140e+03
-9.201561413458298944e+01,6.874869048180406708e+02
1.224570701325722979e+02,8.517492658195593549e+02
-2.821372440937859949e+01,1.202206995320553460e+03
6.325812640861834524e+01,-2.177777841156259342e+02
-4.000716781178404631e+02,3.496455630703032966e+02
-9.093217272854673183e+01,-1.364583333333333258e+03
-9.571033722391941012e+01,6.979166666666666288e+02
4.970968719197887964e+01,-7.871442227576638118e+01
1.495218524955921851e+02,3.417447878172366131e+02
-2.790275191464204774e+00,1.130261208707950118e+03
9.359054755087765631e-01,5.416828367919921448e+02
-9.614682218881857523e+01,3.097886026488092170e+02
-9.611985299691900764e+01,3.281250000000000000e+02
-4.827006622378226552e+02,-6.816442134765080709e+02
-7.979377715900958457e+00,-1.656250000000000000e+03
2.350365322621732957e+02,-2.204705910601398102e+02
3.226319816948454218e+02,-1.043134391366006184e+03
5.598983538548374383e-01,-3.456565510991185874e+02
-1.545219559898711736e+02,1.390625000000000000e+03
-3.767817982456116397e+02,-9.232456140350851683e+02
3.748953995762459499e+02,-1.494791666666666515e+03
1.878129605261384061e+00,-7.760475294057904421e+02
-1.871871787407148702e+02,-7.311925579417882091e+02
4.763088416997396024e+01,6.782725204342731331e+02
-9.616815476190464551e+01,3.229166666666669698e+02
-2.891821777228464896e+00,1.208408600964370180e+03
3.178130441555542802e+02,6.756078426786485807e+02
3.217228824753084950e+02,-3.397613082312679467e+02
-7.413844529261747596e+01,1.295072332829816787e+03
4.947168098427588347e+02,-1.199926787209964232e+03
-9.474562193551694378e+00,-1.745344235071639332e+03
-7.380263937500760107e+01,-1.444267484629178398e+03
-3.535796445511247725e+02,9.153509636313431201e+02
1.037750342267094794e+02,-1.312801374450156402e+02
5.263802767548198744e+02,-1.226733992874862906e+03
-1.937987617381784275e+02,7.737683034843249175e+01
5.390625000000000000e+02,-1.247021125271344772e+03
2.095673711570056810e+02,8.266680950628373239e+02
1.430670031691794009e+02,-2.182116015541082845e+02
9.282537743939744246e+01,-4.760262520745189363e+02
7.031250000000014211e+01,-6.979166666666666288e+02
-9.280593413211279596e+01,5.341788403838014574e+02
-1.848958333333333144e+02,-5.384399776032125828e+02
2.233165229779322658e+02,-1.442278390445138029e+03
5.982635173061980822e+02,-1.356122039776852489e+03
1.052350857688881014e+01,1.743446758964613537e+03
-8.694004529819091331e+00,1.604117261825120750e+03
-2.343933064729310161e+02,8.439980873458824817e+02
-2.862934804382761058e+02,-8.356307560497664326e+02
-9.321863626302665295e+01,1.765625000000000455e+03
-1.966546662281083400e+02,1.192739138710320958e+03
-2.764000382263005235e+02,9.705657492354760052e+02
-2.209082217979452878e+02,-1.604829725284361643e+02
1.851345347111621464e+00,-8.151532016404350998e+02
3.386549085059845083e+02,-1.427449538400437859e+03
1.788612337328029582e+02,1.582508707860913546e+03
-2.578711447876250418e+02,-1.286848671542791465e+02
-3.619791666666666288e+02,-1.062500000000000000e+03
-9.488399365574046840e+01,-6.848687654575244323e+02
-9.613899430549776071e+01,3.672136731965646845e+02
-1.563484029521961247e+02,-1.160699347904665956e+03
5.593225985527790556e+01,1.395833333333333258e+03
-2.916237171541139706e+00,1.085885046514302076e+03
-3.367601986811741313e+02,9.056179603248596095e+02
-1.138892829983979453e+02,-2.332532027530700987e+02
7.364727155642010814e+01,5.144834151733679164e+02
-9.615457216582626643e+01,3.802083333333335986e+02
1.221313838152426854e+02,6.283476723271521678e+02
2.566282657090885664e+02,-1.445500123024080267e+03
-9.613634363920182579e+01,-3.229166666666666288e+02
5.301315153017969806e+02,-1.529723643772160358e+03
-9.584717180101772271e+01,5.208333333333362702e+01
-3.973108291069776214e+02,-6.178293074565044662e+02
5.442708333333332575e+02,-1.260416666666666515e+03
1.825179318666828863e+02,-1.405662308725340381e+03
-3.233840370756893776e+02,3.906249999999996589e+02
-9.067175052434291160e+01,-1.190107783760167877e+03
1.152959557319292969e+02,1.673437413688920515e+03
-3.362616938399049786e+02,3.669099249647453576e+02
-8.195343210426267433e+01,-5.880718756605691624e+02
-1.645447493548720104e+02,4.035639614260638837e+02
-1.354648293650385256e+02,-1.747061209506074647e+03
1.067708333333333286e+02,1.734375000000000000e+03
-3.837797619047631770e+02,4.933035714285072260e+01
-4.738760841803530752e+02,1.212035415641192003e+03
3.711997901658484125e+02,-1.457751710179521069e+03
-1.593619146138536280e-01,2.858990058392970113e+01
-8.479469383931018456e+01,3.517907734503111783e+01
7.337745134548760007e+01,1.700438484451493423e+03
-1.595602024424803176e+02,3.542407559738197165e+02
3.665198951581668041e+01,-6.946299099391625020e+01
-9.099963831260592428e+01,-8.411745766774695312e+02
2.487523426353508285e+02,-6.162531573261444464e+02
-3.920624999999982379e+02,1.886041666666707499e+02
-1.437945054003066900e+02,-1.757924667088999740e+03
5.557299444492598894e+01,1.325450433149245100e+03
3.068117694078745785e+02,1.558595481343680376e+03
5.460830693155559175e+02,-1.270833333333333258e+03
5.989583333333332860e+01,3.101732205585664701e+02
6.034428085143828184e+02,-1.386935000188189406e+03
3.353243107643190797e+02,7.159512660293335102e+02
-9.394702998745059119e+01,-7.708333333333334849e+02
3.450591940103076354e+02,6.696708053659688176e+02
1.225941768897772022e+01,9.335188490658415503e+02
-8.988814413272460513e+01,1.148300457660875736e+03
-2.962485695123658225e+00,-1.393262736166321247e+03
-8.115812155082967649e+01,1.637895351557670892e+03
-4.356773620371937383e+00,-9.947916666666667425e+02
-8.578880111091372385e+01,-1.570361778690497886e+03
-4.415317794331093069e+02,3.197498928383745920e+02
1.611493644067788011e+02,-5.479784604519760478e+02
-3.664557241930818350e+02,1.339798635159583455e+03
5.532339820643628059e+01,1.281250000000000000e+03
-9.430121381981906836e+01,-6.536169620396171922e+02
1.304180940576893306e+02,1.723958333333333940e+03
-9.398318070364197752e+01,-7.421810771322271876e+02
-2.681401995823972584e+02,1.369408134379771695e+02
-2.407314418677442518e+02,-8.996990204878616169e+02
1.796875000000000000e+02,1.697916666666666060e+03
4.855792755288593554e+01,-1.214093317833861192e+03
-7.346948686561648856e+01,-1.523359061891574356e+03
-1.284529659976933260e+02,-2.187499999999996874e+02
-8.593750000000000000e+01,1.833333333333333258e+03
2.016102698000470923e+02,1.543173292004217501e+03
-1.758749976332330505e+02,1.045076480766069835e+03
3.156047613329558885e+02,1.536458333333333258e+03
2.977848373436833072e+02,1.539419786652391167e+03
-2.855132274271128949e+02,1.513288952431563814e+02
1.316354079969540010e+02,-6.572894666783556659e+02
-8.724957862920105356e+01,1.163571456230323747e+03
3.906249999999985079e+01,6.770833333333332575e+02
3.180277456462986265e+02,-5.140202560918526160e+02
3.556140091542143296e+02,-1.439158460419630956e+03
-4.759959259527785775e+02,1.042978885347461301e+03
-5.282616220764289210e+02,-8.617132352472657431e+02
3.385416666666666430e+01,1.703125000000000000e+03
-4.965148462236773526e+02,-9.402591826072105050e+02
1.096182329686124604e+02,-1.331053958785965960e+03
2.308985537085241901e+02,1.340843387992887074e+03
8.001102475657098978e+01,-1.240072956914501901e+03
4.894384954914420405e+02,-1.158392563027779488e+03
6.010369887593721216e+01,4.166666666666666288e+02
3.036856255177786466e+02,1.482487114373572695e+03
-2.960881086945707921e+02,-1.094395148518329279e+03
1.014364630151165443e+02,-6.746243723512787938e+02
-2.022327511733815300e+02,1.187500000000000000e+03
-1.146504427754657627e+02,1.776041666666667197e+03
-4.903574800524757507e+02,7.515478021973098066e+01
5.040147159399594443e+02,-1.260430484015389311e+03
-1.588541666666666572e+02,-1.792361264213601089e+03
-4.359002951366377943e+02,-9.879866317598049363e+02
5.755208333333332575e+02,-1.294524814228503601e+03
-1.040138428865440972e+02,7.618577983467583863e+02
5.911458333333332575e+02,-1.335596568127625915e+03
-5.043936389948472652e+02,9.895833333333303017e+01
1.971012051237366336e+02,8.311284409498605328e+02
-3.411458333333333144e+02,-1.072916666666666515e+03
7.140189785745398865e+01,1.269790272698449598e+03
7.876189386265404835e+01,8.930407132492839537e+02
-1.167490994888609919e+02,1.009294300396095537e+03
-7.380943919816326115e+01,-1.298962090240545194e+03
9.114583333333332860e+01,-1.325402507399224987e+03
1.685622413908853048e+02,1.679045942577619826e+03
1.419161448835340593e+02,-3.893918546092693873e+02
-1.850731025235045308e+02,-6.901180426222915685e+02
-1.337996058189648352e+02,3.793955902112392664e+01
3.453490583816645199e+02,6.770833333333332575e+02
1.151633591259846980e+02,1.728523765238262285e+03
1.905427548751633227e+00,-7.552083333333334849e+02
8.967352863443196043e+01,1.675320772151778783e+03
-8.495897165480196023e+00,-1.726545108358672906e+03
-1.596346661541000742e+02,3.125749612445484900e+02
1.255398060228537815e+02,5.487216064060656890e+02
-9.097654412011705460e+01,-1.393274949258445531e+03
3.443600037424380389e+02,-3.160507948419412969e+02
2.455754126950641236e+01,1.757687388151783352e+03
-2.734375000000000000e+02,4.114583333333333144e+02
1.901041666666666572e+02,1.692708333333333258e+03
1.041818615352489985e+02,1.267902130406336255e+03
7.819572610575450256e+01,-9.385055149899734772e+01
-1.898497727394303638e+02,1.215515256834014053e+03
-1.531925325092654759e+02,-1.777739972699553391e+03
-7.440954354750864752e+01,-1.398741800267682265e+03
-3.776041666666666288e+02,1.338541666666666515e+03
-4.532826938581038689e+02,1.257995003291277499e+03
-4.761393892495955242e+02,-9.714875706016065351e+02
-5.012102034813008800e+02,2.220643822640173539e+02
6.425284583556474161e+01,4.395758831647003717e+02
3.411458333333333144e+02,1.427083333333333258e+03
-1.650991139378308219e+02,4.250013753935523368e+02
6.863971105546498563e+01,-3.311068762139880164e+02
-9.284834105476727473e+01,-4.917632368292595970e+02
3.078989140363918295e+02,-2.935405287045466025e+02
9.951688161252839393e+01,6.406249999999996589e+02
3.221981717443738944e+02,1.438169512502617181e+03
1.555521502211818472e+02,-1.461817087324099873e+02
-1.882420871584972417e+02,-9.224027044553672567e+02
-4.674373704955456788e+02,-9.551366205911683664e+02
-9.082173820589629543e+01,1.038894292977060331e+03
1.781934361047146638e+02,1.300899926316287520e+03
5.977182459956559342e+02,-1.403774451109051370e+03
3.671875000000000000e+02,-1.479166666666666515e+03
-2.728226661702689739e+02,4.043436153313472232e+02
4.961427661012027670e+02,-1.252591857835566998e+03
2.249291110020298561e+02,1.308464233069747934e+03
-9.175722837229560724e+00,1.661104229668465905e+03
-8.950769168114842955e+01,-1.213677471154417162e+03
-8.095349464134629613e+01,-7.612132239265730504e+02
4.973958333333333144e+02,-1.242157219750427203e+03
6.059047864757911839e+02,-1.367309895579797967e+03
-6.507045170296136050e+00,-1.768418073955987893e+03
-3.432966923624676703e+00,-1.497557797468819672e+03
4.406302430873797675e+02,-1.197280729477489103e+03
-3.755777329957539656e+00,-1.505208333333333258e+03
-9.614848707055934085e+01,3.931174465605560613e+02
-1.898320478330983718e+01,7.781183317164401387e+02
3.696156527008538433e+02,-4.187533739380561997e+02
1.504392706831022792e+02,-6.465614607546082198e+02
-9.600603467757655096e+01,8.579326751832638820e+01
-2.881150269120465346e+00,1.458331522167847879e+03
-9.093663013507446635e+01,1.382702349021731152e+03
5.830057977271616210e+02,-1.507913586902761836e+03
-1.782402054835908984e+02,-1.141232891582347520e+03
-1.408414890998983537e+02,-9.757451616955825102e+02
-1.931240162805058844e+02,-9.143237361587948726e+02
-3.932291666666666288e+02,3.541666666666666288e+02
4.090466811641135791e+01,-3.214896136686234627e+02
4.401041666666666288e+02,-1.513584362635560638e+03
8.961104949304842648e+01,-4.994178545817486565e+02
-9.609050962297989429e+01,1.875000000000002842e+02
1.879236915062240314e+02,-1.411522860989379296e+03
-3.542122680520330960e+02,1.348882915530415630e+03
4.622513592231127291e+02,-1.512186398294491255e+03
9.635416666666651508e+01,1.674240381612939018e+03
1.735427096352933347e+02,-1.418299727168032859e+03
-1.484375000000000000e+02,1.369791666666666515e+03
-8.077994063944752057e+00,1.794062612670325279e+03
9.471548944535079784e+01,1.266818074411795806e+03
-4.869791666666665151e+02,1.200376240064254262e+03
-8.210848994607377449e+01,6.015556337928065886e+02
-1.901041666666665151e+02,1.193890432623683409e+03
5.572061004922037455e+02,-1.290254909776986096e+03
-1.668867691958791397e+02,2.373282313955048721e+02
-9.227770422061205124e+01,1.354004754992249104e+02
-1.581360668235608671e+02,1.401041666666666515e+03
-3.094450837641840621e+02,-1.067185015972305706e+02
1.340643313971184512e+02,-4.651082273151422442e+02
-9.590617682160473123e+01,5.781249999999996589e+02
-1.161231218736643173e-01,-8.440289332879629001e+02
-3.946854773185070258e+02,-4.170073529636386667e+01
7.584800549385410307e+01,-3.252773711411931572e+02
-3.345559074849902004e+00,-9.766828826717891161e+02
7.377933137773683825e+01,-5.352220214116327952e+02
6.198163337768347247e+01,-5.500192492338683223e+02
-4.025374341129495406e+02,-6.295279267376791950e+02
7.896970678331393856e+01,-4.791666666666669130e+02
-1.692708333333333144e+02,7.987561762672511350e+02
-1.859345152206617229e+02,-7.110722240440233008e+02
1.132506000617679689e+02,1.715775982544301314e+03
1.276334215279321427e+02,1.648159055120776884e+03
-4.401041666666666288e+02,-1.562500000000000000e+01
6.819367859453309677e+01,-6.277132641819982837e+02
-4.947765519273588097e+02,2.325142549718555642e+02
-8.655654723094885128e+01,1.372363926350713427e+03
3.506038452309543914e+02,6.453154322212812986e+02
1.157686838450772484e+02,1.274959450387764491e+03
-2.269943914789722612e+02,2.278436761325070279e+02
3.411458333333333144e+02,5.416666666666666288e+02
1.912664190723667446e+00,-7.473611284619540811e+02
-3.977691740412983563e+02,1.088564712389381612e+03
-3.531668062926896710e+02,-1.063537098363359291e+03
2.171481685061789619e+02,8.199504318301127341e+02
3.247862808128022039e+02,1.397831234754182788e+03
-9.098186503073952736e+01,-1.291666666666666515e+03
2.988546567975355401e+02,4.605209425569404402e+02
-3.176217248847941654e+00,-1.432273042289058367e+03
1.581292004474136625e+01,9.232114057197294414e+02
9.256211107394503301e+01,-1.273635077873569116e+03
-8.209073905469595900e+01,1.741529072326279220e+03
-4.522041115025324416e+02,1.268467096547470419e+03
2.033408695001768933e+02,4.023559556535000183e+02
-4.817708333333333144e+02,1.208333333333333258e+03
-2.769405247225812516e+01,1.249070978833316303e+03
1.484375000000000000e+02,1.713541666666666515e+03
-5.008372479497743370e+02,-8.970120529020185813e+02
-3.151041666666666288e+02,3.958333333333335986e+02
-7.469003788807688693e+01,-1.419363288420110848e+03
2.724602722019996008e+02,4.692010155488581518e+02
5.112960981397742444e+02,-1.187852448412534841e+03
1.095742369096127931e+02,3.358714212717727605e+02
7.972185882715473326e+01,3.604405843799585796e+02
8.081876038118998906e+01,-9.932329190222421289e+01
-2.587018094554152867e+02,1.868523353631505870e+02
-9.093936251962834660e+01,1.122309689720578717e+03
-1.554325091208924903e+02,1.268152298416982376e+03
-1.328125000000000000e+02,4.687500000000000000e+01
2.163211474254594293e+02,4.131999135464523079e+02
5.684474352331317704e+01,1.692708333333333258e+03
-9.095091406875862106e+01,-1.338534929178320908e+03
-9.099458372668929940e+01,-1.351428788949170439e+03
2.317708333333336270e+02,-1.443655675672643383e+03
3.494708736508809466e+02,6.596748071272949119e+02
1.153492647058801737e+02,-2.769301470588295047e+02
-2.237612574976718633e+02,1.177083333333333258e+03
3.185977161380139364e+02,7.045899106269738468e+02
2.625142746421848869e+02,-6.056531539131781301e+02
1.960681481521087051e+02,1.584412976417034088e+03
-4.958956458276293802e+02,1.117339082612004859e+03
1.726939386272145160e+00,-8.281872511064921127e+02
-9.593812023941443101e+01,-5.312408622227549131e+02
1.676857841256976371e+02,-6.614583333333332575e+02
5.409067264263187553e+02,-1.232784644386660830e+03
5.519147559113947636e+02,-1.255208333333333030e+03
-8.437978873657847600e+01,1.705622133970092364e+03
-1.004793510324479797e+02,-1.381821533923277343e+02
1.154701214123066109e+02,-4.703449706396872898e+02
-9.059142448027597272e-01,9.427405887082684330e+02
7.970410532255392866e+01,3.056799087079232891e+02
-1.817183117469885474e+02,1.198569685839696376e+03
-4.051021782201883639e+02,-3.076696942687699021e+01
6.390400612652709356e+01,-4.881852120810050906e+02
-1.744791666666666572e+02,1.807291666666666515e+03
8.786763603181579185e+01,8.925397045887900731e+02
2.626197349689732974e+01,1.728492352154299624e+03
-4.065726743905706542e+00,-1.348927912164852160e+03
-2.262034419420517679e+02,1.386977524479860904e+03
1.400865626823088803e+02,5.602972437912321766e+02
5.963541666666666288e+02,-1.338541666666666515e+03
-3.136212563763410799e+02,3.883791261586824817e+02
-1.536458333333331723e+02,8.001546476159807071e+02
-1.195083801842440963e+01,-1.800647293095636769e+03
-2.682291666666666288e+02,-1.381046423589629910e+02
-3.381410256410221109e+02,1.236487470862488863e+03
-5.090364702790039928e+02,-7.209183184136228419e+02
-2.825572704255926055e+02,-1.223623903855071831e+02
-1.533293213741651755e+02,-1.940459282039072377e+02
8.593750000000000000e+01,-6.960631868564768183e+02
1.141711295836431646e+02,1.656732123246577203e+03
-4.811339283761206502e+02,1.203124999999999318e+03
-9.093335473960554793e+01,-1.382767213200869946e+03
-7.872249251930884384e+01,1.887626458233800122e+03
-2.830150713763149994e+01,1.496793704472224817e+03
-2.493950437228935471e+02,-7.486783650699904911e+02
-3.061180504843422856e+00,1.356704678857005547e+03
1.330642629400330748e+02,-1.390312198949919321e+03
-4.145827136402591151e+01,1.889908393678054836e+03
5.115062904259174559e+01,6.915254166371429392e+02
3.285052037955997548e+02,6.218541405123307868e+02
2.116346520940061282e+02,-1.434831004013232587e+03
2.036513699400425423e+02,1.567877736858440812e+03
-8.245674193788957496e+01,-1.674580693133360910e+03
-2.970736701879417296e+00,-9.505771739780409462e+02
5.581598912823292267e+02,-1.267309803454136727e+03
-2.524063690397458402e+02,1.186078324627244228e+03
4.332064412185706033e+02,-1.085888361523516096e+03
-8.521718093208896505e+01,1.625092982673391361e+03
1.040789832244660289e+02,6.600621827452291654e+02
-8.572791215379075425e+01,-1.588541666666666515e+03
-3.721480007117575894e+01,-1.838102638764021776e+03
4.349910273852964906e+02,-1.510017875272012816e+03
-3.165076107440878417e+00,1.270805885087557499e+03
-1.298610409843971922e+02,-9.531250000000000000e+02
2.841289571083510168e+02,1.380443970206093354e+03
-8.935718012225783013e+01,-1.493217423075840543e+03
1.898650866242303152e+02,1.669888112886565523e+03
-2.240762592624103604e+02,8.352897637472444785e+02
-3.302390641370145090e+02,1.358084688578500618e+03
-7.306025090430419766e+01,-1.546855435649613582e+03
-3.220977740297752234e+02,-1.065546371302592433e+03
-5.304599685706031131e+00,-1.320455855643920358e+03
-3.051418829074374006e+00,1.033874460681050323e+03
2.160552536231901684e+02,5.259963768115962921e+02
-3.741638193341204843e+00,-1.231793235249998361e+03
-4.470913033679928503e+02,9.929039753058757469e+02
4.492505378017455087e+02,-1.104599321675960255e+03
-5.319623694615313525e+02,-8.235002662203240789e+02
-2.753390816513732489e+02,8.710999430650799695e+02
-1.432291666666666572e+02,1.796875000000000000e+03
-9.593054448734579864e+01,4.453709753616150238e+02
4.652561536180395478e+02,-1.410754003558714203e+03
3.074768242773852762e+02,4.734744688352563458e+02
5.495528323130033641e+02,-1.530474182088661792e+03
3.245321350154135303e+02,1.506501990984157601e+03
-2.870988138754285046e+02,8.734761521193441922e+02
-9.939473434551615583e+01,-1.176496729968038835e+03
3.236806909955384981e+02,-1.446930440080292556e+03
4.751257739123332726e+02,-1.144197633732341046e+03
-1.505583565122774985e+02,1.796875000000000000e+03
-4.817708333333333144e+02,1.213541666666666515e+03
3.233408797621445387e+02,5.534843599979592454e+02
6.536424857816727751e+01,3.596828263996496844e+02
5.535138419950523030e+02,-1.260416666666666515e+03
6.374790586286819405e+01,-7.018708564937567189e+02
-3.665737067804873845e+02,3.665170958330363078e+02
-2.236049697084282855e+02,8.437500000000000000e+02
-9.595096255141447728e+01,6.302083333333332575e+02
4.947916666666651508e+01,1.702023705514153562e+03
-4.758634122879357164e+00,-1.254948526674377490e+03
-8.190929429958382002e+01,1.171432296891969855e+02
9.571317213407965596e+01,-3.548255166102552494e+02
-3.766553404809112635e+02,-6.180510095257544378e+01
5.455607774064601472e+02,-1.385013902271940196e+03
1.525002495682419124e+02,-1.294377281279081672e+03
-2.656130141587949538e+02,-7.829799707101843751e+02
6.653195596201210549e+01,-6.776828874140344396e+02
3.081256710487411397e+02,-2.653948161048215866e+02
2.813105845915645773e+02,4.408701686874106827e+02
-8.138302226492581326e+01,5.522141953458593662e+02
-9.615214878055469683e+01,-3.333333333333333144e+02
7.243141799599668218e+01,-3.416685214621383579e+02
-3.997957628087984290e+02,-1.029021334881083249e+03
-1.850369542009326835e+02,-6.615591518351546938e+02
4.427083333333347781e+01,-3.163800692168251203e+02
7.019903073189921372e+01,-1.016088617622163156e+03
1.025074512614758646e+02,3.442974598538812643e+02
-4.085522552089319674e+02,3.437500000000000000e+02
1.684301851363487685e+02,8.484234065264934088e+02
1.343060604193351821e+02,6.166616211685405915e+02
2.163093821844981335e+02,6.779204922809357186e+02
1.418846496318799666e+02,-6.539708357602554543e+02
-3.085994569355025252e+00,1.221380257680390059e+03
-1.596903675724394702e+02,2.967927576160489593e+02
-9.937816238248467471e+01,-2.423739496679907859e+02
-8.198734844937197863e+01,5.182424732721881355e+02
3.194220548369151516e+02,-5.481391194431781742e+02
-5.124036367749741885e+02,1.276329295725166304e+02
-2.986872317084869000e+00,9.974061144350378072e+02
2.546523036689916637e+02,1.533300969944571307e+03
-4.996822734088124207e+02,8.410352489910236784e+01
-8.158409808800085727e+01,1.595890941669247525e+02
5.537028237865282421e+01,1.260836009195648558e+03
2.801192094182557639e+02,1.351037082112409053e+03
-8.247172638406219392e+01,6.230360417687800378e+01
-9.094512635318100990e+01,-1.359375000000000000e+03
3.151041666666666288e+02,-1.466873154156518922e+03
2.660513424619184093e+02,1.366795330340629107e+03
3.813008901485067099e+02,-1.499300908199323885e+03
-2.505312537065418894e+02,-7.684491870117925600e+02
-3.793952653903252781e+02,-6.120694023603923597e+02
-1.084622069661304380e+02,-1.172882781620815877e+03
1.174278479289300492e+02,-6.578787059531532577e+02
-4.624106810717933627e+02,1.030444322939384165e+03
-4.537281909276676295e+00,-1.790802238284088617e+03
-3.856439367862492418e+02,1.330627218307809471e+03
-2.933273923545846262e+00,1.398493710076750176e+03
3.443943408833052899e+02,-5.047955610266884605e+02
-1.996230605477071549e+02,4.332370575584783410e+02
5.995805635337619606e+02,-1.348958333333333258e+03
2.918176976773099796e+02,-5.470040511983130500e+02
9.869969964059094991e+01,1.733296878593592965e+03
-7.491149936482565863e+01,1.870592853857380305e+03
-4.697503994875800686e+02,-6.679335385650831540e+02
-1.648729382029997907e+02,8.054662641286013240e+02
1.440016324952354125e+02,8.564241433024411663e+02
-9.459444048039111408e+01,-4.507451576247574963e+02
1.577708783717753533e+02,5.796224337026565081e+02
-1.381145719499861713e+01,-1.819445568329837215e+03
3.473186515563657508e+02,-1.047927440073005073e+03
-5.120984908979463626e+02,1.994192771879813790e+02
5.338541666666666288e+02,-1.221636964753948178e+03
-3.475599827715243784e+00,-1.205829214439712132e+03
-1.497683821186644479e+02,1.351521249815606325e+03
-1.848958333333331723e+02,1.812500000000000000e+03
7.388788483657515371e+01,3.196669868854279457e+02
-2.733857915956934903e+01,1.338702685151976766e+03
-1.640625000000000000e+02,1.812500000000000000e+03
4.881053804465880148e+02,-1.265991377453531868e+03
-1.979026889660741233e+02,-1.696102449602827562e+02
1.617108960024783642e+02,-4.188929379452475814e+02
-8.898145556419078162e+01,-1.455916648104185015e+03
-9.089679688383462519e+01,1.070234449599166055e+03
-1.301536884848906936e+02,-2.267643937618943824e+02
-3.336184838344515811e+02,-8.074100454700398188e+01
-4.439547435278671017e+00,-1.242030496702521532e+03
-2.022780519093939802e+02,-1.144669967208773187e+03
-8.496301485779110862e+01,1.606552024565071633e+03
6.160543249874687035e+02,-1.529448204974069995e+03
-4.702190591113359801e+02,-9.761644459065305455e+02
-2.088591130234097761e+02,-7.234443260672373981e+02
-1.247224103919262888e+02,3.978501857631489003e+01
-9.615856531662620910e+01,3.854166666666666288e+02
-1.657227588658696789e+02,4.798055445474365399e+01
2.438952168935110478e+02,-1.447326996490242891e+03
-8.707341737223057976e+01,-9.426818408675577530e+02
-9.514311404763537894e+01,5.677083333333332575e+02
2.935826654450490736e+01,7.027362080437094392e+02
-9.098618005191796954e+01,1.114583333333333258e+03
3.671875000000000000e+02,-1.494791666666666515e+03
3.064970379392794939e+02,-5.302171841202050473e+02
-4.949359904222556565e+02,2.473970780953977169e+02
-3.494487447369441497e+02,-6.063539800832006677e+02
2.752341124879080780e+02,1.373788241557370611e+03
-4.594552174293646090e+02,1.005855178714150711e+01
3.097216907264671022e+02,1.381077319609146116e+03
-5.010534835344880094e+02,9.202604354276732579e+01
-7.797514990651777111e+01,1.614335238174072856e+03
1.917568551073485992e+02,3.902370914006961016e+02
-2.340184336754236938e+02,1.384483886270605353e+03
-1.852135926588088921e+02,-5.964557202115558994e+02
-9.582810821967738946e+01,6.513744014062142185e+01
-1.935952462551274209e+02,2.211953335651510031e+02
1.707924184583096689e+02,-1.397062160803334336e+03
1.358424514261198226e+02,-3.813967250651547829e+02
1.223958333333331723e+02,1.651041666666666515e+03
9.007315061150177371e+01,5.333287085410054260e+02
3.816332547169839700e+02,-1.248643867924527285e+03
-9.452612485575177459e+01,-5.993514291102816287e+02
-2.452233360955113142e+02,-1.106323383131026503e+03
1.500999813477362181e+02,1.683975276281715196e+03
-1.851273202025952855e+02,-6.771007602229962004e+02
-2.437170319436353054e+02,4.194317294168291710e+02
-1.496982882396090986e+02,-1.824662866077091621e+03
-2.466223500965159587e+02,8.557615298320109787e+02
1.149942452965276374e+02,5.462521216180240344e+02
-1.223958333333334707e+02,1.796874999999999318e+03
2.925674540877141112e+02,4.894654767401466415e+02
6.357110357202285122e+00,-4.870565876735236799e+01
-2.909156527475698084e+00,1.104166666666666515e+03
-8.230686568407773507e+01,1.575560179262552083e+03
6.510416666666681351e+01,9.044900093404368135e+02
7.225547848386855776e+01,1.743909946366594340e+03
-1.689762511056553080e+02,1.205301254295850413e+03
-8.898421877793141732e+01,1.427086922132738437e+03
1.332865664963245251e+02,-1.375217820922876172e+03
-2.838606167259172253e+01,9.769347561610294406e+02
-1.831868176542049866e+02,-1.930862958001201832e+02
-4.491220292876191138e+02,3.107669888686969557e+02
-9.595326273091275482e+01,6.535647211314656033e+02
4.862075089094049396e+00,1.762931150975061655e+03
-1.432291666666666572e+02,1.804400571685157729e+03
-3.020114569925051118e+00,9.791666666666666288e+02
-1.966623186276123363e+02,1.054966564738614125e+03
-2.349390824231994372e+02,-5.721836979851634624e+02
9.702827479447816472e+01,-1.327532524336156939e+03
-8.577145016995282845e+01,-1.533876139865498089e+03
-3.330064626826118683e+02,1.094264747613431439e+02
-1.244285144425189316e+02,1.802083333333333258e+03
9.280361600544202361e+01,-1.019365307159771845e+02
-1.223958333333333286e+02,1.791666666666666515e+03
3.534264031884838460e+02,-3.405168877140004042e+02
-9.033404211198343603e+01,1.252586105139531128e+03
2.805092350409452706e+02,-1.444125560659603252e+03
-8.202938036735233140e+01,3.228085260151107718e+02
2.106912859384359251e+02,1.318906936796544414e+03
-8.578836952018271234e+01,-1.580801147492617929e+03
-9.592399148959735555e+01,-5.025804015828747993e+02
-8.548465238379228026e+01,-1.512998726227408042e+03
-5.952915915206820507e+00,-1.385265822703493541e+03
-8.933658897007981636e+01,7.452364356345354963e+02
-2.842925094598462010e+02,8.886850922309529324e+02
-4.921875000000000000e+02,1.179089121745447983e+03
-8.818277427973342242e+01,1.418824348006025275e+03
-4.645094675222098886e+02,1.016718411160979826e+03
-2.874274374486359207e+01,-1.525011638287811138e+03
-9.254558162786869957e+01,-9.707127634480131064e+02
-9.593167809428670978e+01,5.025422884075704246e+02
-9.096194273915362771e+01,1.406119943931463695e+03
-1.027779035934083538e+02,-1.816893339210797649e+03
-5.128773746291111593e+02,1.379202797608174365e+02
3.116033207451707199e+02,7.573648686303956765e+02
-8.119248649651151339e+00,-1.674384275331198296e+03
-8.140707209423858615e+01,-3.697758986274977815e+02
1.929451190674151064e+02,1.554540437073914063e+03
3.358770326025239115e+02,7.070509119362551473e+02
-2.989777713474565335e+00,-9.610230970507340089e+02
-1.998914281261764643e+02,1.392855819075136196e+03
-2.923781082996591181e+02,-5.698646648490192774e+02
-4.971404340182819510e+02,-7.030651024377189060e+02
-3.046875000000000000e+02,3.956774728176765734e+02
1.467550854618185383e+02,-3.979435494618585381e+02
-2.940254187308838709e+02,-7.777019853497795339e+02
3.005909863151213699e+02,1.519534027141132128e+03
4.655511924950621392e+02,-1.123487786323620639e+03
-3.441930541285182699e+02,-5.910541716214166854e+02
-4.442258007038743131e+02,1.276676840136790361e+03
-5.468750000000000000e+01,1.889880660150095537e+03
1.806363828104728952e+00,-7.238908015502922808e+02
3.613979428103410783e+02,-3.509079396190068678e+02
5.637797451748917865e+02,-1.281250000000000000e+03
1.438593116467190498e+02,3.606608708942934527e+02
-6.827970062192460432e+01,1.884000046923595391e+03
-2.440204266312222501e+02,8.468750322085173821e+02
6.037709011832159689e+01,4.022495799429419208e+02
-8.205570554571413311e+01,-4.137930963038277810e+02
1.347512991929903023e+02,1.642485626269072100e+03
-1.588541666666666572e+02,6.090355598759759204e+01
5.371538951401737449e+02,-1.297334120012363428e+03
-1.874114531021103289e+02,-5.326024768391856696e+02
6.376823221182883117e+02,-1.479355093061080879e+03
3.994032680221583291e+02,-1.061052441019460730e+03
-1.657300597233944472e+02,-1.774943335622999712e+03
-2.528555657425982020e+02,-1.464860786201391818e+02
-9.594712848585609777e+01,5.520833333333332575e+02
6.540126724271095782e+01,-5.887979345754689575e+02
3.844942058117013772e+01,-3.070622488677597630e+02
-7.887465359896298267e+00,1.717828306484544555e+03
-2.934744476463357898e+00,1.054752440491343577e+03
-4.941350630756491000e+02,2.552083333333333144e+02
-9.492893377008974198e+01,-7.632259314945952156e+02
-4.782743316512127194e+02,-9.625845974280588280e+02
-2.119999921518484314e+02,-6.509893069741400495e+02
1.753972636065797701e+02,1.609669029634786511e+03
-2.623661961334260013e+02,2.119108744966293614e+02
-4.737589506677249460e+02,1.024673620928844230e+03
-2.986444288073714119e+02,3.938021903331328986e+02
1.023696835452484777e+02,6.484674118332819717e+02
-9.457475614987826873e+01,-7.057505990796478272e+02
-4.895000303510723256e+02,-9.455704371489206324e+02
-4.261361715594943576e+02,-6.376866109790769315e+02
7.222215560897873843e+01,-1.232159851768196404e+03
1.901041666666663730e+02,1.461276968894295578e+03
-5.269894747154816059e+02,-7.756164954836594916e+02
-9.615214878055469683e+01,3.333333333333333144e+02
-4.661458333333333144e+02,1.239583333333333258e+03
2.452407787155935353e+02,-2.095675529880901138e+02
-4.483295626428240865e+00,-5.733190100971056324e+01
-8.022361233925722956e+01,1.859375000000000455e+03
-9.423381439055944497e+01,7.292259774908634427e+02
1.500456459425678588e+02,1.291315224073689706e+03
-4.765625000000000000e+02,1.226888254325206162e+03
-2.341605120622544973e+02,-1.129247619476618638e+03
8.043133311932641050e+01,3.306486992167115204e+02
5.666680602875500199e+02,-1.453616418528003805e+03
8.730220388690016486e-01,6.516522938715161217e+02
1.067708333333333286e+02,1.729166666666666515e+03
-1.199672898654369106e+02,-2.267343438192650353e+02
-8.589741961806099724e+00,-1.591156534812108475e+03
3.590779890210986025e+01,1.738884122907210667e+03
1.610639234519961462e+02,-1.403768525590023955e+03
-7.316196167992498545e+01,-1.534263090983464281e+03
-4.924493877327008704e+02,-9.222695788471404512e+02
3.333582134860059227e+02,-1.479166666666666515e+03
1.468739362358588494e+02,-1.436459607041274467e+02
-2.848633266427756894e+02,1.333996496854359179e+02
1.601999117780410415e+02,-6.666666666666666288e+02
-3.441951521500137723e+00,-1.510416666666666515e+03
6.096223936372319940e+02,-1.377052740954584351e+03
1.171874999999998437e+02,-4.635416666666666288e+02
3.695219611173943122e+02,-1.489583333333333258e+03
3.893878737241885233e+02,-1.056428846192817218e+03
9.246751345299900038e+01,-6.954663130054620979e+02
1.536458333333333144e+02,-4.114583333333333144e+02
5.192097312475348048e+01,-3.190374844162100203e+02
-7.552083333333332860e+01,-1.854166666666666515e+03
-4.311803146183290636e+00,-1.372320656081890093e+03
1.024126983575230838e+02,1.410971156559597830e+03
-1.173576607533675826e+02,-1.854753293859429959e+03
-9.611086391561421749e+01,1.066569653395618502e+02
-4.737436450119643609e+02,2.833300340032144504e+01
6.914615060518676160e+01,-6.138731265408795252e+02
-1.056316695842521369e+02,-2.371571709094061475e+02
-8.857987941555981593e+01,1.192611752276765174e+03
-1.490119636339288718e+02,1.361783366419555023e+03
-5.212120233646214729e+02,-8.687159927323929196e+02
-3.501272646659151722e+00,-9.401626777493563623e+02
-4.261463688239030603e+02,-2.786429937193179995e+01
-1.251092804979738702e+02,7.884927784079357025e+02
-4.660561867063576003e+00,-1.002523525467248987e+03
6.818790090331712861e+01,-6.197916666666666288e+02
1.953125000000000000e+02,1.684735415419234869e+03
6.311392096572859600e+02,-1.524181346456030724e+03
1.219242537501012862e+02,-1.235732768564095778e+02
-2.740023122092646304e+02,8.860171157494207819e+02
-8.658664621933482408e+01,-1.247235159005704190e+03
-3.631517135224360260e+00,-1.520833333333333258e+03
5.442708333333330302e+02,-1.279289020288021902e+03
1.238723159542317944e+02,1.659383140621468101e+03
-1.523709879589015372e+02,-1.817708333333333258e+03
-2.457782382273597932e+02,-1.117302514656520998e+03
-8.079686227923765784e+00,-1.645865055863037242e+03
6.089328231576136830e+01,4.921951731276313353e+02
-1.785969502627288534e+02,-9.429768643257351641e+02
-9.498494801629260564e+01,3.489583333333333144e+02
-3.098958333333333144e+02,3.958333333333333144e+02
-6.513584559598879764e+01,-1.842709806185715024e+03
7.398087432889255410e+01,4.807361839952850460e+02
4.873294978222920122e+02,-1.217314605625020704e+03
-2.343469967695964158e+02,1.172330874957008746e+03
-1.820109693066231102e+02,1.395357841485199742e+03
-3.087776184338715701e+00,-9.010339587101002508e+02
-2.617680394077029860e+02,-1.400355229092540981e+02
-8.208374415172384886e+01,4.132615146041590037e+02
-2.005208333333331723e+02,-5.398894161814204153e+02
2.031517724712870177e+02,1.292595029762429931e+03
1.953125000000000000e+02,-6.498727454323249049e+02
-2.155293556237428163e+02,4.284063524766583555e+02
-9.440234664510086304e+01,-1.057417319585364112e+03
4.427083333333347781e+01,-3.281250000000000000e+02
6.780201252824413416e+01,-6.582236537063520245e+02
2.979322630099261460e+02,-1.454125086192393837e+03
-8.272904824658796485e+01,-1.664286493649088243e+03
-2.767913423502073442e+02,-5.842859066946847406e+02
-1.584930509550271438e+01,-1.768451190953543346e+03
5.272853964845639894e+02,-1.213541666666666515e+03
-3.684409513992326879e+02,9.283844003498362554e+02
-2.630208333333334849e+02,8.677495889836355900e+02
-1.383415147768672568e+02,1.001509266377376775e+03
-3.236981966939703970e+00,1.539135255905600616e+03
-2.890625000000000000e+02,4.062499999999996589e+02
-9.097762658803635816e+01,-1.322897556601766837e+03
2.863040795586601348e+02,-1.216862659698023435e+03
2.301158276769514828e+02,8.155902694393794263e+02
-8.205261630330085154e+01,9.650369665971354038e+01
-9.560106959887773925e+00,1.823059639576346171e+03
-1.347583197469244851e+02,-1.840461939751232649e+03
-1.617322626519938353e+02,-1.781250000000000000e+03
-7.862733451176228527e+01,1.834651929972103744e+03
1.681170818193926664e+02,3.770442447037440843e+02
5.728405845271740873e+02,-1.322587944640351225e+03
2.956065080719444609e+02,1.564440691915459411e+03
2.070527067964874277e+02,1.494791666666666515e+03
-9.234463765660179035e+01,2.370295877254845607e+02
3.174969910156628998e+02,4.887284647264766022e+02
-7.310588071931552179e+01,-8.087423664819754094e+02
6.267143955374567668e+02,-1.513633251668095681e+03
-2.393603103419419256e+02,3.258133965697549002e+02
-1.864626545441452379e+02,-7.217237528368162884e+02
4.066702272169564480e+01,6.848969829961006326e+02
-1.726694119079174925e+02,1.342524113187967032e+03
-1.943597393868667922e+01,-1.779437958903380604e+03
2.452692529018260927e+02,4.068998530592490965e+02
-4.620240510692011071e+02,-9.798796600944151578e+02
-8.802089675236931043e+01,1.466396135796601357e+03
-2.152152447939310491e+02,-9.003069683561581087e+02
2.490086181800528209e+02,4.441614921191202257e+02
2.153733054226449894e+02,-3.599232456140342151e+02
6.171506427700663977e+01,3.437500000000000000e+02
-7.392687070129387905e+01,1.082644783468014111e+03
-1.640625000000000000e+02,1.802083333333332575e+03
9.412797645156449278e+01,1.249999999999999318e+03
-9.611163110904581686e+01,1.691366058812245399e+02
3.204709791347332271e+02,-1.434738000744820511e+03
-8.981377105557723439e+01,1.536600825678437559e+03
-1.503179438108270816e+01,-3.919140057921716220e+02
-1.536458333333333144e+02,7.864583333333332575e+02
5.322810951596839004e+02,-1.251716025684314445e+03
-2.458396318992731810e+00,1.748181202904283509e+03
-1.635926116665706900e+02,-1.140905841817835835e+03
4.238018294575569485e+02,-1.075873658164550079e+03
2.978652487992245597e+02,1.398158039262188595e+03
2.622458471930452220e+02,1.621290510436942441e+03
2.603321012946186102e+02,-1.041926616831813590e+03
6.245643813116711129e+01,-8.068560479783333506e+01
-4.231743931356929238e+02,9.733095942983667328e+02
2.042339337994881419e+02,1.483001293512458005e+03
-9.593310451934861760e+01,-4.816664255056173829e+02
-2.757495907690610011e+02,1.482500375796321350e+02
-1.281424708087155295e+02,1.017174091484210521e+03
-3.442086220174130240e+00,9.583364945771043040e+02
-2.003096798134157552e+02,1.207135835316750672e+03
6.389275040666530714e+01,3.484949691441976825e+02
1.460366956527267348e+02,-1.398605133774065735e+03
1.796337759708205510e+02,1.594306663665858423e+03
-2.982223151074029577e+00,1.419228146950487599e+03
1.143243065548361983e+02,1.255278788578332524e+03
2.011327465621537272e+02,-1.413813471027425521e+03
3.680553134038498229e+02,-1.050693360123030288e+03
-7.537809771922606217e+01,1.023089413732533785e+03
-1.270620739542147533e+02,-1.746662092002002282e+03
-8.462693118167436523e+01,1.788522421253518360e+03
3.513465465650996293e+02,-4.895833333333333144e+02
7.422169033330823140e+01,8.990778247790137812e+02
2.011718568300722154e+02,1.523577767189149654e+03
3.718666432360760155e+02,-4.062380457608624624e+02
-1.849661727891289615e+02,-6.484012688100622199e+02
2.582711351668045268e+02,4.416609526089031306e+02
-3.485455175359558098e+02,3.730994776018080188e+02
8.621787691060781356e+01,-3.350190713296730678e+02
2.260530454059879730e+02,4.246258820172827200e+02
1.410354730487057111e+02,1.700803131131056716e+03
-3.485445676707675489e+02,-8.788045211834086956e+01
3.660298428929878582e+02,-1.152077993096135970e+03
-3.663372450961895233e+00,-1.307185705858333677e+03
5.126304714977809454e+02,-1.219310799831660688e+03
-1.351480416959488196e+02,7.956614795887895752e+02
2.372908386280521142e+02,-5.993208677095153689e+02
7.573919784970949820e+01,1.727728808522463396e+03
-2.869300224752920236e+00,-1.419219014611857347e+03
-4.784487972042530259e+02,1.069346110661647572e+03
-8.825598776805657053e+01,1.497646608033276607e+03
4.101242812655722787e+02,-1.067139980270912702e+03
-1.956913908222479392e+02,-1.129915153783727419e+03
-8.034389470501841402e+01,1.798420044121913293e+02
6.804511580398697390e+01,-8.887794303140032071e+01
-2.518949507588614551e+02,-8.770031729442297319e+02
4.906195533009759515e+02,-1.522992361267725073e+03
-4.453125000000000000e+02,-8.159031807889977728e+00
1.487955571596089044e+00,1.734351467825298641e+03
-9.575853645299226002e+01,5.729166666666666430e+01
-2.059171976924688181e+02,-9.093031975502790374e+02
-9.095237042417191731e+01,1.132686531644587376e+03
3.404385817163794172e+02,1.476773454393759039e+03
2.740921915871883243e+02,1.574568144581708111e+03
-1.099333780756565346e+02,1.796874999999999318e+03
3.021933720860007497e+02,-1.471855612145041277e+03
5.176618521588126214e+02,-1.280963226410671496e+03
-7.518553857225107606e+01,-6.711999065797621142e+02
-9.098464714612426008e+01,-1.419208030919402972e+03
-1.574586549458339562e+02,1.374800074320537078e+03
-8.145856503808478521e+01,4.680201123570257096e+02
-4.859397885387622296e+02,2.620995437465571740e+02
-5.119652223335218650e+02,-9.032433665423490083e+02
5.810880984232650093e+01,-1.220105209600012813e+03
2.887267192554393773e+02,1.390256558624529816e+03
-8.201656106762644072e+01,3.953412564094949744e+02
-2.948988806452668143e+00,9.869115560764947759e+02
-9.484597357961439457e+01,-7.161172348401250929e+02
3.407298885664366139e+02,-5.103782789121937071e+02
3.591128415164499188e+02,-3.606958811534092320e+02
-2.508944330619982850e+02,1.112305016474181684e+03
-2.880200532786295842e+00,1.161490817573507456e+03
3.808793455711576144e+02,-1.052259989234205250e+03
1.120423127602689846e+02,1.704641472261765557e+03
5.804492132551341683e+02,-1.350033145955204645e+03
6.276041666666666288e+02,-1.416666666666666515e+03
-5.256288293606500019e+02,-8.386260964483518592e+02
5.538151897546480029e+01,1.369932392485933178e+03
-1.865236967578157987e+02,-1.149825097971937112e+03
-9.613652832076313359e+01,-3.281250000000000000e+02
1.689596413507334773e+02,-1.689330957011030421e+02
-8.682901438033215413e+01,-9.297223032244108936e+02
5.532441240459136367e+01,8.143549543738075727e+02
-3.020031322559753484e+00,1.388110920681120433e+03
3.379871338759355126e+02,1.458051229046562185e+03
8.285627309225093029e+01,-5.911627639511600592e+02
-2.478034612038994169e+02,2.205950682851650981e+02
-1.796875000000000000e+02,-9.218750000000000000e+02
-1.655490325305855777e+02,-9.324093603420078580e+02
3.102774231956395568e+01,1.710191210899387897e+03
3.080996405495008617e+02,1.528192550501318010e+03
-5.456430113145079031e-02,1.510002966244036600e+02
-9.598811108337497444e+01,4.237544195835951655e+01
-2.127684378221572388e+02,2.142668513198921971e+02
-5.003943915550964903e+02,2.405929863028335376e+02
-1.484375000000000000e+02,-2.169737026142917671e+02
5.675589819008858967e+02,-1.301723532835042306e+03
5.640056206695795709e+02,-1.337063295255244384e+03
1.070927346258757211e+02,1.722115956507009741e+03
-4.510132690831123341e+02,-2.406917065300717695e-02
-8.552373955862375965e+01,1.731797732885315327e+03
9.350857377512392077e+01,3.125234651665322190e+02
-3.575008591359772367e+02,-1.046306823146624765e+03
-7.955439613029024137e+00,-1.663965747370463987e+03
1.058342052052093152e+02,-1.347314748765981221e+03
-8.519795401414171465e+01,1.651024879621515765e+03
6.869067630330208374e+01,-6.408248199267815153e+02
-8.204362489205284703e+01,4.321166090654519962e+02
-3.359375000000000000e+02,-9.895833333333332860e+01
1.261125551507039262e+02,-3.756169911439289422e+02
1.891497091829711596e+00,2.317478091376555938e+02
-2.111028432159952786e+02,-1.126727433198235303e+03
-8.406398729557699312e+01,1.810696008590580732e+03
1.028493098444699001e+02,1.310374286028335291e+03
7.552083333333347070e+01,-8.854166666666665719e+01
-8.907580214738371183e+01,-1.231421265411548120e+03
-8.553096077620764959e+01,1.664111398136699336e+03
2.253982727127666408e+02,-6.061043193686724635e+02
4.983378934951575161e+02,-1.508133638801467896e+03
-3.274489006204761949e+02,-5.908633547507084813e+02
-4.593722249961046487e+02,1.247484821692449714e+03
2.985995566113294331e+02,4.988628596231059191e+02
-4.856458370007335930e+02,1.060024793812161079e+03
-1.545275725497787107e+02,1.233600074902857614e+03
2.526041666666666572e+02,-1.042539551150655598e+03
2.186496663810848986e+02,1.668095152704139309e+03
-2.069845617529667692e+01,-2.116533864541827938e+02
2.440713652482291991e+02,6.057402482269544635e+02
-1.070551376388128375e+02,-1.847137971150221119e+03
-1.031622829330972912e+01,1.838521090390370773e+03
-2.396606166434208092e+02,-7.680052792331805449e+02
3.358271589946018594e+02,-1.484375000000000000e+03
-2.918149161812871171e+02,-1.249999999999997016e+02
5.247395992035385461e+02,-1.316475478400240718e+03
5.442708333333335986e+02,-1.242014579745399260e+03
1.097621052909142634e+02,5.395616508565167351e+02
-9.593388318339964371e+01,-4.192382941017195321e+02
2.044447946207341715e+02,1.651783508635310909e+03
-3.759049173677130966e+02,9.346107814980264266e+02
-2.959193198845621282e+02,-1.064016472306411885e+02
4.947916666666666430e+01,6.718750000000000000e+02
2.292916013253733922e+02,4.153910523953368283e+02
-3.755428031753398272e+02,-6.770833333333332860e+01
-7.935526665915999445e+01,1.722947560110869745e+03
-1.850429914576371573e+02,-5.885416666666662877e+02
-1.211960264247838381e+02,-1.155740063447431339e+03
3.017105041253437321e+02,7.554648212311344651e+02
-1.484375000000000000e+02,1.375000000000000000e+03
-8.288864808186097832e+00,-1.539128697153729490e+03
-2.011167525127706028e+02,-1.566240424183004336e+02
-8.647806359189075920e+01,1.553336296712459898e+03
-4.772647281090964384e+02,1.051635071180373870e+03
-8.506627650935911333e+01,1.826470813614368581e+03
-4.935089244183616870e+02,-6.921265166061143645e+02
3.093928270521972834e+01,1.718750000000000000e+03
-1.095161141401240315e+02,9.319417390650154402e+02
1.272886655445186648e+02,-3.612020364187398513e+02
5.989583333333332860e+01,3.333333333333333144e+02
-3.263069190419670349e+02,9.168802045031594616e+02
-2.399425893554505933e+02,1.086926292197419457e+02
3.500494081676469023e+02,6.145833333333332575e+02
-3.359375000000000000e+02,-5.895043252176398028e+02
5.894906210051231028e+02,-1.325587561325530487e+03
3.928092674650877569e+01,6.945839821988398626e+02
-8.185314235872512256e+01,6.587863060076784905e+02
-1.529212619543150424e+02,-1.764286977559635716e+03
2.324274601680418186e+02,-6.272097340222677531e+02
-2.944103187779575705e+02,-1.082025642766516285e+03
-4.796235168026604470e+02,1.195386864970706938e+03
3.102834810792331268e+02,1.419654260025160056e+03
-1.767899267362658122e+02,-9.288252751738400548e+02
3.348491129943311080e+02,6.913776360954813072e+02
5.795747561621977866e+02,-1.307291666666666515e+03
-8.910085038483427411e+01,-7.887484694724943211e+02
5.651041666666666288e+02,-1.276041666666666515e+03
-5.263449376257779022e+02,-7.625916364485658505e+02
2.973241795415904676e+02,7.220626380971400522e+02
2.666624645603482691e+02,1.609339528982748107e+03
-4.921875000000000000e+02,2.604166666666666288e+02
-2.229165217446259817e+02,8.513315224585990109e+02
-1.686792361739404100e+02,4.427173984275534622e+02
-8.833590845096375688e+01,-8.957402330056665960e+02
3.246460520496598292e+02,5.017213402363029786e+02
2.080770230084526133e+02,-6.423856203264351734e+02
-9.417585532161328388e+01,1.789149950981712891e+03
3.723754258304694531e+02,-3.778835008798984632e+02
2.750569432649732562e+02,7.871820946938961470e+02
-2.557723048463096838e+00,-3.614689486471075384e+02
1.975651155817844256e+02,1.470333385189269620e+03
-9.591580597480337644e+01,4.349942026111500013e+02
2.180712195045693136e+02,-1.882256327479832692e+02
5.567549882773295877e+01,1.390624999999999318e+03
2.183178832533565412e+02,-6.345508741611060941e+02
-4.869791666666666288e+02,2.708333333333330302e+02
-1.561066770796422816e+02,3.743791493560728867e+01
1.015624999999998437e+02,5.416666666666666288e+02
-4.977726627332173166e+02,-9.315179596025807314e+02
-1.560821082713204078e+02,1.366519328818599888e+03
-1.154469315369777149e+02,1.791666666666666515e+03
-9.090857059301423249e+01,1.031250000000000000e+03
-2.603490588690771688e+02,1.129202443623725458e+03
-4.761454721027886308e+02,1.124795873910506543e+03
-4.183790073516768757e+02,-2.172874991985225890e+01
1.462426254706596751e+02,-1.354166666666669414e+02
-1.446227849780565009e+02,-9.499517623915231752e+02
5.249714603694499715e-01,6.252569657566763226e+02
-1.991308454210089849e+02,-7.457229760917499561e+02
-2.991250167975412211e+00,-8.880565894231984885e+02
-3.242577432040648659e+02,3.818698685615935915e+02
3.602254541064165210e+02,-3.437500000000000000e+02
1.822921164449621472e+02,-1.031668650415320371e+03
-2.777170355828510040e+01,1.298013697544206934e+03
3.020131926473184762e+02,1.409099398449267028e+03
-9.038891717794165004e+01,-1.200520714467802009e+03
-1.308047741185278596e+02,-1.827596798881048016e+03
-3.723958333333333144e+02,-6.046316381525921315e+02
-2.911424177426772619e+00,1.257821352803939362e+03
-2.893730256294653636e+00,1.367184662588151923e+03
5.540827073462641010e+02,-1.273686783787863305e+03
1.605969346252056198e+02,-4.404206291275895637e+02
-6.209054629191049912e+01,1.890079432580952925e+03
-2.572584689400628122e+02,-1.100094802580819760e+03
5.220627440862853064e+02,-1.236254929912813850e+03
-9.611081220508265233e+01,-3.046378057443135390e+02
-9.594117549136571199e+01,4.921925421985940261e+02
1.848958333333333144e+02,1.692708333333332575e+03
-1.380208333333333144e+02,1.796875000000000000e+03
3.359375000000000000e+02,-1.473958333333333258e+03
5.368663000149555273e+02,-1.280803962851615097e+03
-4.588338207603017622e+02,1.237966286689928211e+03
2.062802132482888169e+02,1.518063482764247283e+03
3.207838896365282011e+01,6.832069600213260401e+02
-9.095273130998248234e+01,-1.372276005487039129e+03
-3.023311628830219977e+00,1.343750000000000000e+03
5.018603122448871545e+02,-1.169416611562855451e+03
3.382756990810697744e+02,-3.062065796976863794e+02
-9.574335000963280606e+01,2.968544589507310434e+02
-1.455364573775713950e+02,7.938956494818451119e+02
-9.595092246939292124e+01,6.431323792512491764e+02
-7.856202129050070937e+01,1.819795482513170327e+03
-3.139048947903244269e+01,1.889615375775203120e+03
-2.343390466905681535e-01,1.328199992782662093e+02
-3.517352916316625056e+02,9.322116853094831868e+02
-8.012625067461993211e+00,1.786458333333333258e+03
1.884492648256793075e+02,-6.510333192159528153e+02
3.304657282083435916e+02,-2.935251963567901612e+02
4.249760708871903603e+02,-1.509008969079421149e+03
9.206001482297369032e-01,-5.702817018375257021e+02
-1.497092734744983886e+02,1.341316635291654620e+03
-4.049355913580627089e+02,1.319675369266577036e+03
6.240301499665034868e+01,-3.193443943534886102e+02
-1.692708333333333144e+02,1.044115925070819003e+03
-7.404092575155729605e+01,1.265288091329493682e+03
-4.827261618019931007e+02,4.797659642144491698e+01
-3.174146659198721299e+00,1.552229281443079117e+03
-8.440546142130736484e+01,1.488530666630716951e+03
2.313093907830211720e+02,-1.427099956107424077e+03
8.995208858694425658e+01,-1.243310403506298371e+03
-5.078124999999999432e+02,2.291666666666666572e+02
-2.722632569455847928e+01,-1.460108142135472235e+03
6.379154412641547651e+02,-1.503485306492978680e+03
-9.924172221846411901e+01,-1.863571358187791247e+03
-1.247305924302102227e+02,-2.099916909250426897e+02
-8.874288463600491639e+01,1.177162948542069444e+03
-7.972510095850330458e+01,-1.604817017009864230e+03
1.105504190525032868e+02,6.406249999999996589e+02
-3.927383617504614222e+02,1.322283248793238272e+03
4.198428122731634460e+00,-1.201895847537538202e+03
5.390624999999996589e+02,-1.257378114584997547e+03
3.293438753295034189e+02,1.406276128204224051e+03
-1.823421861631653940e+02,2.557239969849215697e+02
-4.158441198274399540e+02,1.312132583356436953e+03
-9.092422678350034460e+01,-1.429709661902152675e+03
1.612853647763348022e+02,-4.112010504867168379e+02
-9.034110764578205988e+01,1.010325279851423034e+03
-2.328754209587463038e+02,-8.866395432886381514e+02
-2.201594396323858120e+02,1.061869791143800285e+03
-2.081385861561169008e+02,8.556891196008820089e+01
-1.772640168389232258e+02,1.052083333333333258e+03
7.387310645809344578e+01,-1.117005541031416413e+02
3.329449950633772346e+02,-5.280788682894611838e+02
1.931943675799230107e+02,-1.031494691041517399e+03
2.935837765957464285e+02,-1.130097517730496975e+03
-1.830797559080451151e+02,1.056148014410508495e+03
3.450659921136086723e+02,-1.447916666666666515e+03
4.965522544447123892e+02,-1.165033120448399814e+03
-1.432291666666666572e+02,-1.166666666666666515e+03
-5.056769857491261178e+00,-1.268455210612850578e+03
1.146844874186475209e+02,6.472253890556875149e+02
1.870893295953915469e+02,-1.666029454058663077e+02
3.408410200084703092e+02,1.447713352512409983e+03
-2.788263489678461724e+02,-1.105196673191089076e+03
1.404727908496729185e+02,-1.026772729715866490e+03
8.309046826116350815e+01,6.546605940025707469e+02
-2.271866196458961724e+02,-7.375363305223322641e+02
-4.357079392927938670e+02,9.989196068547490768e+02
-9.613373066497506159e+01,3.437500000000002842e+02
6.304059711654004872e+01,3.000062380224063077e+02
5.546399084001215130e+01,1.335848613948168349e+03
1.115932589093815324e+02,8.745427456806690998e+02
-8.621180638418390174e+01,-1.706124563262088031e+03
4.472798631763685648e+02,-1.514610364358114111e+03
6.012923780993798317e+01,4.218750000000000000e+02
-1.228857859961869252e+02,1.741752563160373768e+01
-3.043482306209839727e+00,-8.753020559752760619e+02
-4.775265773363486232e+02,1.082629013215281930e+03
2.180020378212625189e+02,1.329966117786399764e+03
-1.598802873367186521e+02,3.282824737678305951e+02
3.419661492781153811e+02,-4.636636690806611796e+02
-9.635416666666665719e+01,1.795540180072568432e+02
-4.555887424586087491e+02,-6.558836635099260093e+02
-8.171447669457120355e+01,3.402525456998030791e+02
3.134597987080732082e+02,7.467170917237157255e+02
3.489646146217648948e+02,-1.482188259335043313e+03
-8.387032134605357214e+01,-1.858080726833419931e+03
2.057366197276634523e+02,1.553206077716824893e+03
-9.594608652747578503e+01,6.120458841133047372e+02
-8.832372523977645074e+01,-1.182591417498765850e+03
2.020546482473764627e+02,1.534227021967004930e+03
-3.825028988247004236e+02,-4.767441888791168481e+01
1.506049099728555234e+02,1.698098935546441908e+03
-8.981844819720056705e+01,-1.481578185028158714e+03
3.344439796605064430e+02,-1.043226366639069511e+03
4.430484277628536915e+02,-1.095789949754925374e+03
-1.026448217390855433e+02,7.743530996103793314e+02
3.017890591339362345e+02,-1.043246551187013438e+03
4.790200951601232191e+02,-1.173642739923062209e+03
5.684438310575839068e+02,-1.288879718848429775e+03
7.552083333333347070e+01,1.407716889767951670e+03
2.005208333333333144e+02,-6.457437340711858269e+02
-2.177905599159549865e+02,-5.416666666666666288e+02
-7.443227345595178690e+01,-1.473688003001251900e+03
-1.864647374640074418e+02,-5.543149091127835391e+02
-3.101866694045414192e+02,-8.472333532254111788e+02
6.316334358056163012e+01,4.530789029406306554e+02
-3.716338635405205082e+02,-1.050774645173473573e+03
3.255208333333333144e+02,1.526041666666666515e+03
1.403930516050884876e+02,1.685695776578746973e+03
6.138475417456037349e+02,-1.397417471544545378e+03
2.306618346007658147e+02,-1.302063529784534239e+03
-2.213541666666666572e+02,1.390625000000000000e+03
-3.020824581509096163e+00,1.065129447955095202e+03
-8.917072690322150663e+01,1.315121091985076191e+03
-1.412243430225190721e+01,1.973274285428650785e+02
-7.996831814501703661e+01,1.878139269564026336e+03
6.067708333333332575e+02,-1.530136640409455140e+03
-9.590622246172618759e+01,-3.723342842011326184e+02
1.857011637216183715e+02,-6.324610331058630663e+02
8.917728094607141998e+01,1.719089760822815379e+03
-8.199669428361137591e+01,3.621667235601879611e+02
5.538534614770480857e+01,1.273422111882003492e+03
5.176939577429131987e+02,-1.197218753518795438e+03
-1.037387847002490986e+02,1.791666666666666515e+03
-1.719290043368239367e+02,6.957439502773640072e+01
-1.432291666666665151e+02,5.208333333333332860e+01
-8.856391417351601092e+01,1.772219431728983409e+03
-9.594091050876703264e+01,-4.686999823313261686e+02
1.558168110715592691e+00,-3.878365278455365228e+02
1.792121508582002889e+02,3.837069186942475767e+02
5.579451282187782226e+02,-1.313727453716709306e+03
-1.850725297630746411e+02,-6.354095520116278522e+02
4.557291666666666288e+02,-1.104166666666666515e+03
1.729784899791297903e+02,-1.409102404851016217e+03
1.328798928084070212e+02,1.421324726374878537e+03
6.438970733867721208e+01,3.895847113924177165e+02
-2.327269289541149533e+02,-5.491084761457655077e+02
-9.593664901876969964e+01,5.443322465697942789e+02
-9.595627289419272188e+01,-4.322503796924609674e+02
-4.072683874408218117e+02,-6.214372827462133273e+02
-1.791516632373095774e+02,-8.228309327845906296e+01
1.246751472247365626e+02,3.436148308618663236e+02
-2.706185927054642093e+02,-1.156735040699367403e+02
6.630065342320223465e+01,6.714524039131515565e+02
-4.430759738587059928e+02,-6.484966221216004669e+02
-3.203125000000000000e+02,-5.781250000000000000e+02
3.323552518246766567e+02,-4.820125748189697106e+02
6.082104152851264871e+02,-1.436424724569841374e+03
2.343750000000000000e+01,-1.208333333333333030e+03
1.914893727640754051e+01,9.076174799046897306e+02
1.516841211631910937e+02,-4.480576283583464487e+02
3.151566179833554315e+02,-1.044343537840805539e+03
1.347036801834603921e+02,3.310319363844493523e+02
-3.398930772429586966e+00,1.072916666666666515e+03
2.546525466617032407e+02,1.330796597369764186e+03
1.581540552037406542e+02,1.679430474528565583e+03
6.095415375115212697e+01,4.114583333333335986e+02
1.521395015350209334e+01,6.965956025238248230e+02
6.168098822111061281e+02,-1.494025505659913961e+03
1.328125000000000000e+02,1.713541666666666515e+03
2.027268113932241711e+00,-4.242947665711103014e+02
-8.414162585492634605e+01,1.677288783286293437e+03
-1.602257367682445306e+02,3.704977423665033598e+02
-8.328706172230981508e+01,-1.831090770581338347e+03
-8.995741049502143483e+00,-1.572935406461554066e+03
-1.182188440921395909e+02,7.782747362517957299e+02
1.241143143813262100e+02,3.264006459923640477e+02
-9.076615228670758029e+01,1.023584547363862839e+03
3.174729385565925668e+02,1.388077872019634697e+03
-1.829983453379525997e+02,6.316502638410673853e+01
3.234827891597547023e+01,-1.497860549060379753e+02
-1.524525894506201240e+01,-1.836790985563717413e+03
-1.748991073594122270e+02,1.218821890864010811e+03
1.585072627600769835e+00,-6.094329701886990733e+02
3.364248617473324998e+02,1.486225167769616519e+03
1.664341583427801030e+00,-5.024649844448235285e+02
1.429438808862274755e+02,3.350940426170983528e+02
-9.106199838864654339e+01,-8.253538380120442071e+02
7.765830305095677488e+01,-1.222582547664470667e+03
-3.011758616432953950e+00,1.177041535233540571e+03
-1.701179422646332853e+02,6.047781844608213220e+01
-2.487384044620455092e-01,2.550782536631839150e+02
6.060795287429228750e+01,1.747830783906830220e+03
-8.390745566972131542e+01,1.752689128411479487e+03
-1.672835913651150861e+02,1.392530070282484530e+03
-2.816327509873190706e+02,4.056616161849128162e+02
-2.868774133545137772e+00,1.486923574487708038e+03
5.989583333333317938e+01,-4.972494347528307799e+02
1.626085310516571099e+02,-1.413180714339780934e+03
1.635204518771636515e+02,1.293961868467350769e+03
-4.269178740450645932e+02,-9.399544887699265772e+00
6.331509963354874770e+01,3.385416666666672540e+02
-1.171875000000000000e+02,1.796875000000000000e+03
-1.836249936580089184e+02,4.390790456749649593e+02
-9.601062840675922416e+01,-2.839086868884071464e+02
3.401025895645419723e+02,-5.156250000000002274e+02
-9.612387259251300975e+01,-3.149805493087670243e+02
-7.405323299872770804e+01,-1.327900943858497385e+03
-1.545019823467872300e+02,1.249759933570510611e+03
-3.359285995786493686e+02,1.356925683175017866e+03
-2.195136842600072384e+02,-7.573901603015352748e+02
1.067366086117720982e+02,-6.900967158420202168e+02
1.976640016966945268e+02,1.461632086433577115e+03
-1.223958333333333286e+02,-1.734375000000000000e+03
-2.191133750219324272e-01,1.639302839861255450e+02
1.050089580724597909e+02,-1.093750000000000000e+02
2.466954726165552358e+02,8.042368965437696033e+02
5.264763671472394435e+02,-1.218749999999999773e+03
7.666620656140550238e+01,-4.920021070632163287e+02
-8.210763407616475718e+01,4.971056020322481004e+02
-8.574189864995969401e+01,-1.541666666666666515e+03
-2.843027875061623035e+02,-1.124954600805262714e+02
-5.128570755098828613e+02,1.824692506492660016e+02
3.098958333333333144e+02,-1.042610382405120163e+03
4.509287875000387089e+02,-1.318716053626698795e+03
-2.362133659892521678e+02,-1.122343179250465710e+03
-3.224459531869134707e+02,-5.836713328275679942e+02
6.254656019399078559e+02,-1.430816056281281362e+03
1.745432570940819161e+01,1.721817139098093776e+03
3.671875000000000000e+02,-3.593750000000002842e+02
1.780091607130709974e+02,1.281280789736234965e+03
-8.024638778036496944e+00,1.781249999999999318e+03
2.493237139407291636e+02,-1.453125000000000000e+03
-8.204698515502798273e+01,6.378070217607169070e+02
-9.097428618875369466e+01,1.445324159592846627e+03
3.410933414166607349e+02,5.495408628787515681e+02
-9.521551364868452083e+01,-2.517845523993488541e+02
-1.119791666666666572e+02,-2.395833333333333144e+02
-1.826172651465093679e+02,2.277269708049862516e+02
-6.675804419622292585e+01,1.851556687773413614e+03
1.542858180996701662e+02,8.587350152336631481e+02
7.918530416639826797e+01,-6.945787511407067996e+02
2.898353869705489956e+02,1.584896165862509861e+03
-8.068547376997839748e+00,-1.528642819609534627e+03
1.714940351952544404e+02,1.701215609797452316e+03
1.029865691117424831e+02,-1.357201940646453522e+03
3.491237286415144467e+02,-1.489583333333333258e+03
-2.926199526739114987e+00,1.348958333333333258e+03
1.947516025641059798e+02,-1.219270833333333030e+03
-1.744895478584247428e+02,2.301509873681931992e+02
2.476109528521452035e+02,1.637867775426663684e+03
9.541507395115722545e+01,3.332386891948057723e+02
-9.545986871414797292e+01,-3.850875766506997024e+02
2.131842187697824613e+02,-1.826698809691178269e+02
3.607081263309028714e+02,-1.484375000000000000e+03
3.479912224915511842e+01,1.755771660880830041e+03
1.463047913297639866e+02,-6.739708808119985406e+02
-2.698820521210367360e+02,-1.109602969298675589e+03
-9.487710739570168528e+01,-7.552083333333334849e+02
2.192081256650786969e+01,1.745519967216411032e+03
3.461850713152643948e+02,-1.430627504043884528e+03
1.485440114609931186e+02,1.429026793975494229e+03
-2.692564751672232433e+02,8.644679878241655615e+02
-3.475721382572962739e+02,1.335197611574300709e+03
-1.040165188447651872e+02,1.786458333333332575e+03
2.985522470200543808e+02,1.366264121245093065e+03
8.707567728129195217e+00,1.718800134983447606e+03
5.840947106442569066e+02,-1.318334077855474789e+03
8.102863206644720151e+01,1.250000000000000000e+03
-4.543957142274360308e+02,2.681811101584301582e+02
-4.921875000000000000e+02,2.656250000000000000e+02
2.994791666666663446e+02,1.570350423267835595e+03
-2.372247819147448240e+02,8.599122096178432457e+02
-2.628460505927539548e-01,7.783380616269042207e+00
1.349790554432125020e+02,-1.388221137280295920e+02
3.479559719876475015e+02,-4.422809783223726754e+02
-1.946852548048852611e+02,-5.403647694514974091e+02
-8.189532052850074706e+01,-4.364341612539736275e+02
6.309466813316918206e+02,-1.442419157162643160e+03
2.705535812396284427e+02,-1.458333333333333258e+03
-3.978273186889811655e+02,1.178412656903768493e+03
-1.697093239559500262e+02,-1.781448377850279314e+02
-7.139783863306729472e+01,1.694501472998316785e+03
2.609920814436250680e+02,4.507535443081555968e+02
-8.561283718223251071e+01,-1.596376497310502373e+03
5.338541666666666288e+02,-1.232010839073920124e+03
-3.425588969598092604e+02,-1.051602958895033225e+03
-1.119791666666665151e+02,1.783402500124022026e+03
1.710982346234525551e+02,-1.031986000518047831e+03
-4.969448591506416051e+02,1.430089410112789778e+02
-1.398456590292864519e+02,1.791666666666666515e+03
-4.831252139928404290e+02,-9.542995991665766269e+02
-2.937586089074054829e+00,-1.515625000000000000e+03
4.912167908353524126e+02,-1.242814684579489722e+03
3.689244145734683684e+02,-1.484375000000000000e+03
-2.860383231642002784e+02,-1.097148387206766301e+03
2.535986636689798104e+02,1.626126377893199106e+03
-1.984382934718480271e+02,2.436873034454034439e+02
-9.597255314541526161e+01,5.156250000000000000e+02
-3.120975759123729745e+02,-1.070311478548856712e+03
1.367095207837514295e+02,1.261995899382558946e+03
-8.269788567693078107e+01,4.805923785789335057e+02
1.140105784302161140e+02,1.415379521038926669e+03
-3.011671907387167835e+02,-5.760339522819147078e+02
8.394695887415525704e+01,-1.019440853440885917e+03
-1.358200918404942854e+02,-2.099043626392085855e+02
1.422034818299421772e+02,1.712515981829942120e+03
8.798731177987410490e+01,-4.840466956606995836e+02
-4.914334024503382921e+02,1.161776384815893834e+03
-9.224594318020457706e+01,2.524172830588800593e+02
-2.084850309376724340e+02,-1.140024594342175760e+03
9.271235622199469617e+01,6.480685980707908129e+02
3.273488960883001937e+02,7.181413671773526630e+02
-1.432291666666666572e+02,-2.171864305249974336e+02
7.812500000000000000e+00,-1.005208333333333258e+03
3.787860600930932975e+01,8.996778983273318318e+02
5.756182847634445920e+01,-1.205044715214478629e+03
-2.578125000000000000e+02,-1.119791666666666515e+03
-4.973958333333333144e+02,6.770833333333332860e+01
-5.129659644033272343e+02,1.666965337119978017e+02
-1.313911013535025774e+01,1.856421168461801244e+03
-9.931411787681864212e+01,2.609891986288588939e+01
-1.020602760938561886e+02,-5.167698347126107450e+01
1.667366264053734071e+01,-3.086084050683375040e+02
3.732845547861837190e+02,-1.474989861250277954e+03
-9.600090893628127731e+01,4.061217233263635649e+02
-4.244509229184455421e+02,-9.998059384196311612e+02
-7.345564419636991715e+01,-1.509968056533922891e+03
-1.276041666666666572e+02,1.794351006206001557e+03
-3.536884136754732708e+02,-8.078363319524554242e+01
-5.851577860245852136e+00,1.570366773178559924e+03
1.673617890429938271e+01,-5.350235055552321484e+01
3.594794140814029788e+02,-1.489583333333333258e+03
5.771126071628618348e+01,1.317067914494366050e+03
3.508662154266449988e+02,6.226646976450404054e+02
-2.179824205244489974e+02,1.200935238021844043e+03
-9.518338152095202531e+01,-2.632945840620367903e+02
1.501553131458841506e+02,5.699434166285686842e+02
-7.406880981333907243e+01,1.395910996685510327e+03
9.952040036557377789e+01,5.347342636116068206e+02
-3.098958333333333144e+02,-5.729166666666666288e+02
7.896163097586672563e+01,6.799335420487253714e+02
-8.817284048262141027e+01,7.167747296869778211e+02
8.479119780658434991e+01,1.735886971381022477e+03
7.374751691161144151e+01,-5.149885841826936712e+02
-2.907085119554212671e+00,1.289043023120569842e+03
-9.606924532684412554e+01,9.615121189224583986e+01
-9.586020182414752355e+01,9.991918111296378129e+02
-2.994791666666666288e+02,-1.172656119807289343e+02
-3.255751844851462806e+02,-1.081115458409127314e+03
3.297083176177434325e+02,5.119018634814071902e+02
-1.606591149517200279e+02,1.040275019234372849e+03
2.950000429569679454e+02,1.554330551042644629e+03
-5.142383979229905435e+02,-8.242397228954267803e+02
-7.396050249232762042e+01,-1.377072801211740853e+03
1.223958333333333286e+02,1.727230218200098989e+03
5.362219528342668582e+02,-1.239583333333333258e+03
-3.098554713776716198e+02,-1.081261418312471960e+03
-5.182291666666666288e+02,-7.325452055367778712e+02
-5.002280761547108341e+02,2.108138091038865980e+02
2.151303252557209760e+02,1.503427183117623827e+03
-2.914120421662058646e+00,1.096288644323540211e+03
7.950609067033376220e-01,-5.494161700667661989e+02
-4.172670069328851810e+02,-3.460909885079477277e+01
5.442708333333332575e+02,-1.255208333333333258e+03
-5.318478727120188978e+02,-8.070314717066652292e+02
8.169577010420054819e+01,-6.724364375565938872e+02
-9.093523412496799097e+01,-1.309965086627570827e+03
-4.578559410902149693e+02,3.035103046453301658e+02
1.110937440943411332e+02,7.674377078314122400e+02
3.411458333333333144e+02,-1.476627058766383698e+03
-4.329831167375743917e+02,-1.860039949633425849e+01
-8.912743355492953867e+01,1.210513647233919755e+03
-2.699949699111847679e+01,1.049639288151660367e+03
2.153066325283754452e+02,1.300164211724391407e+03
1.976865071647818866e+02,1.310326455280127448e+03
3.692879676494049477e+02,-4.340059562009482761e+02
-8.866346436472764481e+01,1.060572300609582726e+03
9.544892013515848816e+01,-6.635997002327726477e+02
-2.953722446029252637e+02,-8.106285515248175670e+02
-9.100545263973842225e+01,-1.299416617916818041e+03
-1.692708333333333144e+02,-2.020397459810944554e+02
-8.663656785773424929e+01,-6.937386557657067669e+02
-8.213301115703951893e+01,-5.075213258797453477e+02
-2.824509172911682242e+01,-9.641999311131532977e+02
-2.847514689758708251e+00,1.114583333333333258e+03
1.792067600079242027e+02,1.690904368051628580e+03
-4.914182953376582077e+02,6.770833333333332860e+01
1.578249505542631823e+02,5.963007006134951098e+02
1.445525547612175501e+02,1.422082630301634481e+03
-4.947916666666681351e+01,1.889754858457880573e+03
2.942708333333333144e+02,4.531250000000000000e+02
-4.713541666666666288e+02,1.237532486010465391e+03
-3.067787673427561117e+02,-1.140960847006819989e+02
2.705598644428282569e+02,-1.450773374678420851e+03
1.965966135749989407e-01,-1.784646286326067411e+03
-1.779428526660782950e+01,-3.915070696887035240e+01
-4.921875000000000000e+02,5.729166666666666430e+01
8.716002373246493562e+01,-3.509814127040764902e+02
1.632860146052642278e+02,3.478568843664897940e+02
-8.914220809972098891e+01,1.359033211464642136e+03
6.152321041861910089e+02,-1.387960066423435137e+03
5.465511738735750669e+01,-1.016264354238067426e+03
-4.661458333333333144e+02,1.247861782917983646e+03
-2.544021710618727354e+02,1.379344805245978023e+03
-7.346962945993654159e+01,1.544218941368166270e+03
1.153855442005367706e+02,-3.718528718832573645e+02
-8.420000974292265994e+01,-8.324432798825818054e+02
2.459161475825008267e+02,4.312257572151279987e+02
1.550977071759844819e+02,1.702284968893422274e+03
-1.850006253479758129e+02,-5.807098810862528353e+02
3.270065726495448644e+01,-1.194812619976649103e+03
-2.738514870637570766e+02,-1.095255085348451303e+03
3.619791666666666288e+02,-1.494791666666666515e+03
1.311639050804426461e+02,1.718750000000000000e+03
1.129994529615017740e+02,-3.598126032188403087e+02
-3.435698930947930876e+02,1.350787249943095958e+03
-1.374879792203280715e+02,7.830866408642916667e+02
4.589886272513400627e+02,-1.112631704091053507e+03
-1.355223226056475880e+02,-1.165639352453556057e+03
-9.095523871607976218e+01,1.294389564340149036e+03
-4.234097750316832958e+02,-8.568995564005022061e+02
1.433477147551223823e+02,1.632866235106460863e+03
5.390625000000002274e+02,-1.268079656989264322e+03
7.168097790283829340e+01,1.293476205436361170e+03
-4.632682679796141088e+02,-9.662664168123988020e+02
1.818571765024312725e+00,-7.890585169017293765e+02
4.819276551693555177e+01,1.753430005501310461e+03
-8.223230364780201285e+01,-2.542888614160683858e+02
2.752056419103378744e+02,-2.329999228691645783e+02
-5.182291666666666288e+02,-8.983005088800675821e+02
-2.218766714667288227e+02,1.186292409765403590e+03
-2.485290184828439806e+02,1.160922182632595650e+03
2.390344186490208074e+02,1.346631901910660190e+03
2.791161057821777831e+02,-1.042673913121341684e+03
-1.227516240570919734e+02,-1.843257099883253886e+03
-1.488572765457470481e+01,1.845796728783188883e+03
-8.577041105068812499e+01,-1.559922473295219788e+03
2.681343457144578224e+02,-1.044797284279045925e+03
-2.791937241307242061e+02,1.592691495264813568e+02
-9.093418088586243186e+01,1.283884610158732812e+03
3.430704234092918909e+02,-1.441649435662076939e+03
1.548729951595379930e+02,-4.062500000000000000e+02
-1.843549601484407958e+02,1.036159839390059233e+03
-9.595627289419272188e+01,-5.155837130257942817e+02
-2.178406264648445472e+02,-1.116534567792394000e+03
-9.610036437237596374e+01,-3.385416666666666288e+02
-3.088663341360805248e+02,2.503742811286713277e+01
8.573917751295951462e+01,1.411458333333333940e+03
-9.592972712150012171e+01,5.989583333333335986e+02
-1.933223638377589282e+02,8.147201900945647139e+02
-8.168681080954698359e+01,1.796085866261608317e+03
3.663469245948105595e+02,-3.645833333333333144e+02
1.770288088203996324e+02,1.660362263689013389e+03
-5.026041666666666288e+02,-9.255560360510025930e+02
-4.117257352790485356e+02,9.612179730578714043e+02
-4.907680465393505074e+02,1.072916666666666515e+03
1.842347696919013345e+02,-1.422382916794854964e+03
3.297502109998351472e+01,-8.208942923260487134e+01
-3.080679086538469846e+02,-9.922876602564135737e+02
-2.241735792525150828e+02,-1.130806443107109317e+03
-1.902281946613331058e+02,-7.446676386720000664e+02
1.661873741733641339e+02,1.602264963943718840e+03
1.467296698472022456e+02,1.266368198127365531e+03
-2.826049473167908559e+02,-8.473073211353496390e+02
1.795656317704619198e+00,-7.994591371055153104e+02
-2.246484832819128883e+02,-8.936306426944083796e+02
-8.947599852260819375e+01,-1.281250000000000000e+03
2.125171061717138343e+01,1.711775128762138593e+03
3.640734292972765616e+02,-3.736263705905109305e+02
4.212295454260391381e+01,-1.016313011065185151e+03
7.165525335991773659e+01,1.377098185171965497e+03
8.781786464839846928e-01,-3.749377803461068766e+02
-3.260349671873570720e+00,-1.221048760964586563e+03
3.454741513415623331e+02,5.748928951723568161e+02
-2.079227458227873058e+02,1.214223133263948966e+03
1.963295531303890016e+02,-1.039164663904907911e+03
1.364744538282556050e+02,1.658883538337598338e+03
-1.574693366339081422e+02,1.385322394881877472e+03
-1.546185084584794538e+02,1.380208333333333940e+03
-4.399901512787521938e+02,-1.002806321790397305e+03
1.566447559096668556e+02,1.430753804454908504e+03
-2.114235889754703805e+02,-6.905031500906186466e+02
6.039648759956195079e+01,4.818757064652103850e+02
-4.792654772771156786e+02,1.100084887949809172e+03
5.859375000000000000e+02,-1.312500000000000000e+03
-2.892422521664587354e+00,1.192674186125726010e+03
1.283754943057346907e+02,1.700445665554921561e+03
-3.982792801420205819e+02,9.479425208954605750e+02
2.317708333333333144e+02,-1.999775223720865256e+02
-8.214395451593577491e+01,2.002374290779842454e+02
1.876143817265466112e+02,1.310234988678554146e+03
-4.869791666666666288e+02,1.052083333333333258e+03
-9.459472818655622461e+01,-7.500000000000000000e+02
3.223258053221306341e+02,-1.296415441176469358e+03
-1.549211707445408877e+02,-9.590422474342267378e+02
-1.953125000000000000e+02,8.333333333333332860e+01
-2.196501326822543376e+02,9.602188108895562380e+01
2.057291666666666572e+02,3.762023420403191381e+02
1.468283496338725458e+00,-4.062500000000000000e+02
-8.473750008991753901e+00,1.630242481077679713e+03
-9.497812089022649218e+01,7.585671208684860858e+02
8.936805246051449103e-01,1.848845103026389154e+02
-2.953263737623057494e+00,1.247416100550068450e+03
9.355392907638292854e+01,1.739295129288277394e+03
2.372452823390040066e+02,1.647660896169783200e+03
-1.484375000000000000e+02,1.802083333333333258e+03
-2.805448858174376596e+02,-5.671042580064131471e+02
3.404681375075998062e+02,5.678313456024757215e+02
-3.854409770685284116e+02,-6.038830593422487425e+01
2.461568447865065536e+02,-1.434711095247771027e+03
5.989583333333317938e+01,-3.360366167952223009e+02
3.403948905439370947e+02,1.466252089169540113e+03
-2.312415043386670561e+02,-7.602834540148153337e+02
-4.705765613040922517e+02,1.227011526803110428e+03
1.067708333333333286e+02,-4.687500000000000000e+02
-2.959703299468744664e+00,1.512949869097059263e+03
1.193676809481125645e+00,-6.845557257427568629e+02
-2.591938103967038955e+02,1.144551452870091452e+03
-9.335750291404920631e+01,-6.146179062145045009e+02
2.526041666666666572e+02,4.322916666666666288e+02
5.989583333333317938e+01,6.685949145441559267e+02
-3.723958333333333144e+02,1.337523762627330370e+03
-1.170969077183586364e+02,-1.732152060656468848e+03
5.622275638095459982e+01,-1.104565266630721680e+03
9.512490156793606388e+01,8.840351622404078853e+02
-4.089194068341682851e+02,3.372792545056257154e+02
-7.510062398577588283e+01,-1.495965226994578870e+03
3.335272698699540683e+02,1.414943173546248545e+03
-8.937671691218025671e+01,-3.947924224208595660e+02
9.814262107615037678e+01,1.708444639664822489e+03
-2.672880182332315613e+01,-1.501400873835730408e+03
-8.854682632711444512e+01,-8.802836428390442052e+02
3.356337523370530107e+02,1.424544968180755404e+03
-8.911106147788953535e+01,1.520959685955402620e+03
-3.824258734251961869e+02,-1.029496307266934309e+03
-2.036037171888745547e+02,2.167064678833711469e+02
-2.822482269175644731e+01,1.154988522317474008e+03
-5.078124999999999432e+02,-9.270833333333331439e+02
-4.491377669228615446e+02,-9.857927721901893392e+02
-4.642675556550749150e+01,-1.766785148893118730e+03
-2.635821632936290939e+02,8.776553485272036141e+02
-9.592161235628270788e+01,5.572916666666666288e+02
-4.761312063040737144e+02,1.033443053148098215e+03
-9.611163110904581686e+01,2.160116058812242557e+02
-2.127507274298943116e+02,-1.572072604990077878e+02
-8.152964095580135506e+01,5.779249067298627551e+02
-3.302485667975340107e+02,-1.063572165941608091e+03
3.183707058233308658e+02,1.523043341065225150e+03
-1.550874143573263382e+02,1.289085365092242000e+03
2.767517416841143927e+02,-5.632760872500961113e+02
-3.579892788148358136e+02,3.700359935795113415e+02
-8.928540224250210144e+01,-1.260716821463911174e+03
-9.413356495571977689e+01,1.778531771876314906e+03
2.516607156367006155e+02,1.587909978216223635e+03
-3.899540863190250093e+02,-6.133749796987336822e+02
5.095793466188996490e+02,-1.206003268578572488e+03
2.473958333333333144e+02,-1.042445717540188753e+03
-9.047479243865033993e+01,-1.442319328996223476e+03
-3.755819800060085534e+00,-1.333484465680616495e+03
2.942708333333333144e+02,-1.466418713384252669e+03
-1.724939225107829373e+02,1.812500000000000455e+03
2.733674365677571245e+02,-1.463267786894454275e+03
9.232096621540630110e+01,-1.291526830245229576e+03
1.885139353964196403e+02,3.655596881291292561e+02
3.336278181330731627e+02,1.497337941987316981e+03
-9.598167701480119263e+01,5.729166666666669698e+02
-9.944624424237009930e-02,1.745070727695316180e+02
-3.052175915027212909e+02,8.858610989965409317e+02
1.976565033947682082e+02,-1.703600497460483609e+02
-3.116349122924613084e+02,-5.798035090606331323e+02
1.343724119101367442e+01,-1.198124381139626166e+03
1.048351862823436278e+02,1.250787725504958189e+03
-2.526041666666666572e+02,-8.697916666666666288e+02
-1.959404168151239674e+02,-9.314933031427532342e+02
2.915463952092602540e+02,1.357616323372657916e+03
-2.123581851997602996e+02,-6.156421563231647269e+02
-1.588541666666666572e+02,7.986133391117823521e+02
-2.710213577718345590e+01,1.444977394210330885e+03
2.855540456103593101e+02,-1.453789555249518116e+03
-9.474400723252074386e+01,-6.718742537096075012e+02
2.026652381544042782e+02,-1.036778553514910072e+03
-1.821107451819649441e+02,8.119804891012817052e+02
-8.450396815541012074e+00,1.617159733522014221e+03
-7.995327029563328836e+01,-7.235294757144763480e+02
-3.900069013123291484e+02,3.458637379268640757e+02
1.909071281438319945e+00,-7.368992643260551176e+02
8.468226302490488422e+01,3.196900364306870870e+02
-8.218621676390721120e+01,4.503610337766244243e+02
6.241723531501038025e+01,5.054176781469218440e+02
-2.041946853818544412e+02,8.229445865248626433e+02
-2.146853974933435154e+02,-1.734480070555530631e+02
8.226583448963801004e+01,-3.462748081781808196e+02
6.326112839126501513e+02,-1.458943518975287816e+03
-1.596169094239951107e+02,-1.050309954680492865e+03
1.909563678851400255e+02,-2.763766401807901048e+02
-1.560467785991403105e+02,1.026718777026504767e+03
-1.251639809372702103e+02,-9.593296944470349672e+02
-1.599017421856143528e+02,2.650248924535679862e+02
-7.415923916664782212e+01,1.106790149641472681e+03
4.725643636513213863e+01,-7.291666666666695562e+01
-1.827434212914683942e-01,8.067060107515247580e+01
2.003368279301242296e+02,1.680596012803355507e+03
-1.496682578452634971e+02,4.559112040248909636e+01
-2.213771766782075474e+02,2.090300987222916262e+02
2.600029225304905935e+02,4.201170922954586331e+02
-1.122613248893018465e+02,1.001847959680699546e+03
3.098958333333333144e+02,-1.468881052304964669e+03
-5.128504619891019729e+02,1.511512079843111280e+02
-4.390452458496620807e+02,-6.107909024113844509e+00
1.522341567571331780e+02,1.641124339882552476e+03
-1.508068421118722995e+02,5.449425134126132519e+01
5.827133382989213573e+01,-8.403113043616775713e+01
4.909720885707358207e+01,1.739864833163863295e+03
-2.323388482779492961e+02,-1.520800964919546345e+02
4.921875000000000000e+02,-1.151041666666666515e+03
2.144704303036396027e+02,-1.037406218744315765e+03
-1.223958333333333286e+02,-2.343750000000000000e+02
-4.946875077092195738e+02,1.146597154056376439e+03
-8.333414850819545805e+00,-1.630188301747289415e+03
8.333246635199994046e+01,3.421611692219785823e+02
7.162939402417995893e+01,1.712855475275357321e+03
5.249868625544985434e+02,-1.206623719205386351e+03
3.139541189743563905e+02,5.230991166849759111e+02
1.969240636536536897e+02,-6.240837160078231136e+02
9.433659938952546620e-01,5.729681045767032401e+02
5.468750000000000000e+01,-3.333333333333333144e+02
-2.709105301126853504e+01,1.093247074480148058e+03
-8.209142734155990695e+01,1.593810212467506744e+03
-9.592893034869815949e+01,7.547795951768095790e+01
-2.123881262236359362e+02,1.076528324974369980e+03
-2.526041666666666572e+02,1.385416666666666515e+03
-4.265791617273954444e+02,-1.014842888089926873e+03
-5.168946937911254054e+02,-7.500000000000000000e+02
-5.073849225969625536e+02,-9.124105727632349954e+02
-2.637891595360723613e+02,-8.630489562909313008e+02
1.574321071625982142e+02,3.672368581627501385e+02
-7.984106180835448185e+01,1.843750000000000000e+03
-2.755884296739536694e+02,2.008122511266231811e+02
3.162565407131821758e+02,5.731264843043411474e+02
7.031249999999984368e+01,1.405834505195260817e+03
-3.626173091921652372e+02,-1.056920955894504004e+03
-2.294225504378976268e+02,2.063320611196006666e+02
7.336271667924091844e+01,1.347214910727984716e+03
6.640546073448527409e+01,-6.899208358059613602e+02
2.385778220067420250e+02,-2.012527145104886017e+02
-1.328125000000000000e+02,1.802083333333333258e+03
-1.017615852315412184e+01,1.587520015885082330e+03
1.239806802881491876e+02,1.257590369742830489e+03
-2.938168614768254656e+02,-8.273189244174914165e+02
-3.927934885931537679e+02,-7.179776615969558407e+02
-4.771008352097815646e+02,2.828535047156618134e+02
-4.186259127872027079e+02,3.323192863980617062e+02
-2.111306035891449824e+02,9.155029365751143189e+01
-9.505250034390029157e+01,5.625000000000000000e+02
-9.496548793183127657e+01,-3.437500000000000000e+02
-2.957866375043730844e+00,1.046875000000000000e+03
-2.265625000000000000e+02,-1.116191930519043353e+03
2.040315427468829057e+02,-1.770833333333336270e+02
-4.325461193213107549e+02,-1.008108163594005987e+03
-2.364166792897970311e+02,1.098665805288906085e+03
1.827975840093770330e+02,-6.562500000000000000e+02
-1.477337815666938354e+02,-1.162310776176666423e+03
7.552083333333332860e+01,6.562500000000000000e+02
-2.869701491297319649e+02,-7.973998131178226458e+02
3.218648810093883981e+02,-1.479166666666666515e+03
-8.488305931545613703e+01,-1.502475938830372115e+03
-9.611690392634756108e+01,3.750000000000002842e+02
-2.855143432182849494e+00,1.377626624063999088e+03
2.712770812665340827e+02,4.311076650015053247e+02
-1.860353110528631078e+02,-1.795241921889027878e+02
-1.968825084316792697e+02,-1.857213904294653730e+02
-1.436528200289456549e+02,-1.812749361544910244e+03
-1.405787895937726830e+02,-1.150154349657452940e+03
-8.131185162711436476e+01,2.864639618280149307e+02
5.494791666666666288e+02,-1.250000000000000000e+03
-3.374636925997214689e+02,-1.059796684680308090e+03
2.602233784063878730e+01,9.242082172614924502e+02
7.458104756263760748e+01,4.225202524316955532e+02
-8.241248190028338172e+01,4.955901541864005111e+01
6.979924136179160143e+01,-7.052291487477078817e+02
1.103754536676770925e+00,-3.975808072609746802e+01
-1.859571718834622800e+02,-5.468750000000000000e+02
-2.660283208972558100e+01,-1.058231434898501675e+03
5.129745440850842897e+02,-1.524953047756629985e+03
-2.710752318456580952e+02,-5.634081406849370524e+02
-2.906909784300625574e+02,8.818242449972519807e+02
2.604166666666518637e+00,-1.770178367999026477e+03
-1.569479699863068447e+02,-2.017865309112781347e+02
1.473810690903727334e+02,6.013954641235992540e+02
-4.310111811727246334e-01,4.478240632315284984e+02
-4.856770243010952299e+02,1.187500000000000000e+03
1.027479379094133094e+02,1.285278847465570152e+03
-1.818161231884052143e+02,9.118432971014460691e+02
1.508891946823198680e+02,-1.405639984395478905e+03
-3.948379919654859123e+02,-5.423393268329175498e+01
-9.591625327804952406e+01,4.219349127733170235e+02
-3.070363145851739972e+00,-9.322916666666666288e+02
5.625184843479970596e+02,-1.530666987262465909e+03
1.226629868555386622e+02,-1.023753755063187327e+03
-2.386402532003986039e+02,-1.411322811865340157e+02
3.204727163930165545e-01,-3.251730419928033484e+02
-1.635873035417625374e+02,-1.156789704717300538e+03
2.013430290579896962e+02,1.323681462128938847e+03
2.076423119477318266e+02,1.674176162645926752e+03
-3.441624979683205083e+02,-1.066777014941699235e+03
1.208275460154046783e+02,1.696306753842984790e+03
1.028742474498557726e+02,1.680110783212951219e+03
6.115963501874895059e+01,1.725263632730743439e+03
-1.471352621122030655e+02,-1.798916719332432194e+03
1.687931635893047400e+01,1.763343764055158090e+03
-3.604095319634706129e+02,2.496432648401798247e+02
-2.454100300764063718e+02,1.384344871330619981e+03
-7.333367494129679198e-02,4.766018722751385326e+02
-9.594428419578670741e+01,4.660459558969523641e+02
3.314870858522895105e+02,-3.229255912187101103e+02
4.797176491307295123e+02,-1.246229937030996098e+03
-2.068710803370348117e+02,9.853167978110110425e+02
3.036716621014704174e+02,-1.461467063888720986e+03
5.560017508146955834e+01,1.382893412933187847e+03
-5.071199225212066608e+02,1.189034052421895638e+02
1.105750968211636831e+02,-6.684099770324536394e+02
-8.170185458755399566e+01,1.767827682305000508e+03
-3.169896304794879605e+00,9.713096861807367759e+02
3.358832977499141066e+02,-5.208333333333332575e+02
5.042386223163563272e+02,-1.179604018785421658e+03
-4.096453295110911199e+02,-1.021517389554407373e+03
-3.255208333333333144e+02,-1.021827519228981629e+02
1.640625000000000000e+02,1.706832294219307641e+03
-4.319111583640964227e+02,9.828155692808379627e+02
6.269509041481268952e+01,1.405727228595447741e+03
8.072916666666651508e+01,-4.843750000000000000e+02
7.435486458810069621e+01,1.385302561434167274e+03
-1.655191903766592247e+02,-9.463974834531034048e+02
-9.589138736676778763e+01,4.843750000000000000e+02
7.894659475981136154e+01,1.680625073765150773e+03
2.194919858363375340e+02,8.034259298676721528e+02
-1.588541666666667993e+02,1.804636105681220442e+03
2.632877744331289023e+02,-1.438806621326159302e+03
3.166262918003583877e+02,7.253943180715159542e+02
-3.547640116467554208e+02,-5.951564012167699502e+02
2.860271597404807835e+02,-1.466721349646859153e+03
-3.667164305882695885e+02,-5.688011548945581808e+01
-1.970133046428378520e+02,1.066552209824726106e+03
-5.171598144350659823e+02,-7.581134886335509009e+02
6.521534351040688193e+01,-6.040991466223412090e+02
-2.605063230851058051e+02,1.286057755854346851e+03
-2.859328689516900113e+02,1.372588808655534422e+03
1.109395501379786992e+02,6.337051686513674440e+02
-7.394402064669324659e+01,-1.353403354484168858e+03
3.032717013937826778e+02,1.504529025420004700e+03
-4.795222865697314205e+02,3.863007911495970603e+01
5.006138345463651262e+02,-1.275830602802139992e+03
5.494791666666666288e+02,-1.244791666666666515e+03
-5.234375000000000000e+02,-7.518972490729402125e+02
2.250032109054066609e+02,-2.011619218125385089e+02
5.537988094556567376e+01,-3.264301315419159550e+02
-9.329927713146372525e+01,-7.793580564482375621e+02
3.257357715651955914e+02,-4.983707037805053801e+02
3.505803113282119625e+02,6.354166666666669698e+02
-1.661406493562182334e+02,-1.793321613272176592e+03
1.348817802982793523e+00,-4.114583333333335986e+02
5.535728707843512097e+01,1.288999898485407357e+03
7.349431333632742280e+01,-4.843750000000002842e+02
-8.197776716867470270e+01,2.213647204824461880e+02
1.523993945868940614e+02,4.637642450142423627e+02
-9.354628571009104832e+00,-1.757625169574442907e+03
-9.598014740920982035e+01,-5.834342399516349360e+02
-8.211511786243649169e+01,-2.967946746475016084e+02
6.174988103572728733e+02,-1.415079138732434103e+03
-2.191842818597279745e+02,1.209990113308947912e+03
1.525563232140457330e+02,1.710802319510069083e+03
-2.604166666666518637e+00,-1.758358155408381890e+03
-4.296748005104452095e-01,4.245137323778858445e+02
1.886853558814719722e+00,-7.630372567773875971e+02
8.474106298219103905e+01,1.689523141765186210e+03
-1.328125000000000000e+02,1.794805379589607810e+03
2.031849359533704558e+02,-1.866913250070349193e+02
-9.573470484777708123e+01,2.811094880250483357e+02
-3.662709919385907256e+02,-6.063599165323927309e+02
-1.514947885472572864e+02,1.805724937628867110e+03
-1.692708333333334849e+02,-1.781250000000000000e+03
1.617880033011003036e+02,-1.502895603961803204e+02
-2.970243235999528224e+02,1.368351238882940606e+03
1.683559437772042600e+02,-6.324372618886151258e+02
3.091944768316364289e+01,-6.426853461661193023e+01
4.500523591593070591e+02,-1.496267474974535617e+03
1.244501381894136358e+02,1.712198124734888097e+03
2.176109844927159997e+02,-1.439547610993558010e+03
1.873836457729582889e+02,1.686855068620979864e+03
-4.903699587480255104e+02,8.333333333333362702e+01
-1.154373261911419490e+01,1.769375178378677901e+03
-2.655681910498600828e+01,-8.731712121468235637e+02
-8.225484782377233728e+01,7.784040394062122914e+01
-2.912491384400824224e+00,1.408864790310760782e+03
-2.526041666666666572e+02,-7.760416666666666288e+02
1.762119888182015703e+00,-4.348394881417730744e+02
-2.850494736311715016e+01,1.786079233382672783e+03
-2.446811493098516621e+02,-1.124999999999999773e+03
-8.114008327022344247e+01,-1.649993939258091132e+03
1.609857221679389170e+02,-4.295946966018533431e+02
-3.217260421249035289e+02,-1.075187799406145587e+03
-1.298427148219685989e+02,7.778680950868803166e+02
-1.921636614425247558e+02,-1.144099334767860682e+03
3.249553713154072625e+02,7.364250829943999861e+02
-5.251965641216115728e+02,-8.511463221348834622e+02
-9.412102684109220263e+01,-5.544868340518081595e+02
-8.168556311939578052e+01,-5.661643258398445369e+02
-2.962171702116564234e+02,8.949490353522630812e+02
-3.390138053747165259e+02,-9.166317277863721813e+01
-2.072124632500752170e+02,-5.406599888232941566e+02
-2.130287303252781612e+02,1.389222564963272134e+03
-9.613694339772897024e+01,3.567062707338204746e+02
2.916101564075370334e+02,-1.043096023533537618e+03
2.869185709881933235e+02,1.572503825258799225e+03
-2.096280683215027523e+02,-5.835032800550570755e+02
-8.752659283176070559e+00,-1.559925886926187331e+03
-4.865872097690044598e+02,5.504178496850571634e+01
-1.354524218791939916e+02,-9.605326817262844088e+02
-1.708010556034995489e+02,1.030862171715295290e+03
5.780907357476838797e+02,-1.302083333333333258e+03
1.676957147659484804e+02,1.276041666666666515e+03
4.221085451550058565e+01,1.701362028902023440e+03
1.047274252502637495e+02,8.833059917206516047e+02
7.905036705408703313e+01,8.788863884769733659e+02
-6.569353001087104360e+01,1.826854293131349323e+03
2.475011921896710305e+02,-5.897851679239307714e+02
-9.611002628445170615e+01,1.588439533449156613e+02
-9.613431728307078572e+01,2.264331593324667153e+02
-1.796874999999998295e+02,-1.153903486575910392e+03
2.508539670854101757e+02,4.571752414357434304e+02
-1.522396779505337179e+02,-1.791146818160714474e+03
1.792638933169880886e+02,1.677354598394062350e+03
-8.576702901311013250e+01,-1.549483874375346886e+03
1.545531028154973683e+02,-1.390556655545465901e+03
-1.380208333333333144e+02,-9.496074998333774602e+02
-9.071284612679416171e+01,-7.994017969824815282e+02
-7.164283715940614172e+01,-1.629802286364590145e+03
-2.592130589236748506e+02,-7.753633772978079151e+02
4.482272609295622487e+02,-1.133004302814964603e+03
3.552600828723247446e+02,-4.824102712902418943e+02
-1.845245610367118871e+01,-5.969778838982913385e+02
-1.849684113865429254e+02,-6.198508531259250276e+02
-9.878054179790380829e+01,-1.718987318315319499e+03
-3.009846888550438138e+00,1.078125000000000000e+03
-8.459791736623440528e+00,1.807264740313577931e+03
6.670895284095463751e+01,1.689634048990490328e+03
-2.005208333333333144e+02,8.854166666666665719e+01
-1.411020552984313703e+01,2.273683905055262073e+02
1.744791666666666572e+02,-6.604186318183667481e+02
1.209624904797405378e+02,1.372867753876975485e+03
2.645935390384466928e+02,-2.235138573856885671e+02
-2.908124464715703628e+00,1.145734557876597819e+03
1.000182422541824252e+02,1.276287770245500951e+03
9.203198249892899696e+01,-6.787551227057467713e+02
9.369256572446153086e+01,1.689590822236403483e+03
-8.045568966444912462e+01,1.851486789777657123e+03
2.046198366753125413e+02,-1.430654584883809321e+03
9.357846722569095732e+01,6.600316969925244166e+02
-8.338881709634222261e+00,-1.611552217897927903e+03
-2.286223703945536272e+02,4.237229436290122635e+02
1.999034333587133005e+02,-1.423392597691064111e+03
-2.767179910692556177e+02,-7.890848055179732228e+02
4.947916666666666430e+01,-3.281250000000000000e+02
-8.759198059752633014e+01,-8.509434412668199457e+02
2.556534900284933087e+02,-4.284410612535630776e+02
-8.182248218650049409e+01,-2.796734825998179872e+02
2.087166524831166043e+02,1.489076363921656139e+03
3.135663040771505052e+02,1.543983672066368172e+03
3.213203233800436465e+02,-2.801993256804280463e+02
-3.892040424246155226e+02,-6.267679098921953482e+02
-4.173791273584927239e+02,1.223221305031444786e+02
-8.202043761093116814e+01,-3.204943355442771349e+02
-2.940802142450110068e+02,-9.298384162748785684e+02
-2.006245868290347403e+02,8.130803820667716764e+01
5.258595403048274193e+02,-1.244791666666666515e+03
2.992529210150914878e+02,-5.727358200634115519e+02
3.558782145112498938e+02,-3.318413000293792265e+02
-9.085272808479963658e+01,1.322916666666666515e+03
-5.230360725955680437e+02,-8.831437979900174469e+02
-2.611157140928632714e+00,1.767945529586590055e+03
-3.213006633975544446e+02,1.360654111077087236e+03
5.463898828501619391e+02,-1.265625000000000000e+03
-4.955204817675872278e+02,1.967830497864809445e+02
4.885307235500179956e+01,-1.198282640004637415e+03
5.507550342772585594e+01,1.309689394189370887e+03
-8.204105641795544557e+01,3.802406078680160135e+02
-7.879382735827000772e-01,-8.599633974210236147e+02
1.253910239997243110e+02,1.685128061226469754e+03
1.143207422880959285e+02,-1.362528100264378509e+03
-1.596988311392049695e+02,3.411979255303121477e+02
-3.418856989318753108e+02,9.166505618755131763e+02
4.299886867514703113e+02,-1.492254150070819151e+03
-2.630208333333333144e+02,4.166666666666666288e+02
-9.092006541967185740e+01,1.304806934780313441e+03
-3.041840448673689856e+00,-1.471161015829362668e+03
-2.527150443751069417e+02,1.248891222915595733e+02
-2.403498140329580508e+02,-8.782347037534105993e+02
-9.435817498141662441e+01,6.764758446866677559e+02
9.635416666666651508e+01,-1.346092055468484205e+03
3.075478314630020122e+02,1.551224116546846290e+03
-2.674549549549590921e+01,-1.127369557057058273e+03
-9.396863031139430689e+01,-6.328945058622332454e+02
-3.245688933785671679e+02,8.992201783082542761e+02
2.253513381246211793e+02,-1.927083333333330302e+02
5.116636830945191150e+02,-1.233439590605063358e+03
-9.099109179347826171e+01,-1.406236031745832634e+03
-2.140805810450248714e+01,1.889637825129620069e+03
1.536458333333333144e+02,-1.406250000000000000e+02
1.831360139522910515e+02,1.454347641353872177e+03
-2.055928882313355077e-01,-1.081736811582493551e+01
-8.988095791924017419e+00,1.677112847002939361e+03
1.178758717370539699e+02,-1.376929419741632046e+03
1.315852571017163370e+02,1.691367849179840732e+03
1.441340982251933553e+02,-1.634207349609605728e+02
3.219296949735165470e+01,-3.184381266579500220e+02
-2.352539112563290473e+02,-1.111181483209674980e+03
1.408101634455597093e+02,8.639773621840453188e+02
1.284283783754610226e+02,6.414457017196998549e+02
-9.578970168231703042e+01,6.640914043650258236e+02
3.015262802573662952e+02,-1.437588574489456732e+03
1.417488716543098235e+02,1.718750000000000455e+03
-1.904855468524792173e+02,1.044815831842481430e+03
2.010086922667383078e+02,1.475953513294950653e+03
5.525653158742566120e+02,-1.282341118516220149e+03
1.640016513470505117e+02,-6.452385430802702331e+02
1.510543360237666777e+00,-5.261456665517752072e+02
-2.107501651391891073e+02,2.354962539610110923e+02
3.799639319882326731e+02,-1.486779947860573657e+03
-5.113391985920395655e+02,-8.934620560766600192e+02
1.434033179043225914e+00,-4.636360579302752285e+02
4.401041666666666288e+02,-1.088541666666666515e+03
-2.592115615493236760e+02,-8.676216503614398334e+02
-9.593555976766069193e+01,5.233488860948597221e+02
1.882756168668731078e+00,-4.479487793359432430e+02
2.628974494961523192e+02,-5.775268912468470717e+02
-5.026041666666666288e+02,2.308561103679738835e+02
3.597247339088743274e+02,-4.688477940561916739e+02
2.264129154770027696e+02,3.913165416102352197e+02
-8.682413771117936108e+01,1.795911010282455891e+02
3.903240087971212233e+02,-1.498712049200768888e+03
-2.140552348624383399e+02,8.308934315333556242e+02
-1.692708333333333144e+02,1.807291666666666515e+03
6.661942827501061970e+01,3.307184798756184136e+02
9.400969009005613941e+01,-1.315135589555982733e+03
-5.038000377837370252e+02,1.077351891681829557e+02
4.320322690924408704e+01,9.133915450825853668e+02
-2.881550652815848768e+00,1.442648462062789804e+03
3.357112229180808640e+02,5.285057616018967792e+02
-9.594175946702391400e+01,4.556893284223543219e+02
-3.084005327663062417e+02,1.365809448878093008e+03
3.409859826977733519e+02,1.435011143924279168e+03
-7.275618737136423420e+01,-1.586290118374528220e+03
1.120629982102161364e+02,3.201318274755138304e+02
-3.691534838880087364e+02,-1.037869709809900996e+03
8.477337679684326588e+01,1.405844455362861481e+03
-9.594420000445961705e+01,6.223716417435192625e+02
2.716439402356899535e+01,-3.073767334732311269e+02
-2.526041666666666572e+02,-1.119791666666666515e+03
1.833378735793367298e+00,-5.911445685980256712e+02
1.523541218864332620e+02,8.525115364112464249e+02
1.422830025185703278e+02,-1.099113627420814282e+03
2.187866110545085974e+02,-1.425530528619773804e+03
-4.958069307019641769e+02,1.130197547999899143e+03
-9.467678491258195095e+01,-7.343749999999997726e+02
-1.048252233809709963e+02,1.777493079915528142e+03
-2.534513282908030760e+02,8.677427479130769825e+02
-1.852741948347934908e+02,-7.005110393894653953e+02
-3.667784665543589995e+02,9.432673824774848299e+02
5.755258740436983089e+02,-1.531176373812619886e+03
-5.610704849425754759e+01,-1.836608323606270915e+03
-3.527550623052966330e+02,1.023388823987536512e+03
-9.097963456788541237e+01,1.078125000000000455e+03
-3.665758403063094875e+02,-7.422799550460190687e+01
-4.647819120890447380e+02,2.097899348692037336e+01
-1.457021829209200234e+02,-2.053693270081548974e+02
-4.238657911986791760e+02,-6.308217088013210514e+02
-2.686472286490196097e+02,1.777656305317935335e+02
-2.551201487625567097e+02,4.157194667087609901e+02
1.853146140716494870e+02,1.570115562704642571e+03
-7.575767456753678175e+01,1.864285375883051984e+03
3.183280530263129435e+02,-1.455843793450136445e+03
1.246809908961328262e+02,-4.645013083621908550e+02
4.860453740739937984e+02,-1.148213403321217356e+03
-2.100903768556485716e+02,-7.503754585044317764e+02
-1.007002879960706281e+02,-1.158817169309686733e+03
-6.596097758054438209e+00,1.120509411535053232e+03
-4.766276587547255303e+02,6.350627922574502549e+01
2.274995237751250841e+02,1.658762755489018218e+03
-8.558519895787048881e+01,-1.627646597969276172e+03
3.813754245615351692e+02,-1.466550969544205600e+03
3.236190679168545330e+02,-3.927547999256034359e+02
-2.873092680483857464e+00,-1.447884489254046457e+03
-2.704991181236733837e+02,-8.573628901974592509e+02
-8.514724449262800476e+01,1.802083333333332575e+03
4.117841690616203323e+02,-1.093017588926645885e+03
-3.857288750055333253e+02,3.593750000000000000e+02
1.985848750195930847e+02,3.712449015977397835e+02
2.463897772745191617e+02,1.323445395129584313e+03
5.598958333333332575e+02,-1.276041666666666515e+03
2.589110930026858455e+02,-3.110049359708995098e+02
1.815598150915921565e+02,7.446088711292895823e+02
-2.963507953205694267e+00,1.429609422286634526e+03
6.036093402474929093e+01,-5.129497313012072937e+02
1.148413707310614456e+02,3.475381024535071219e+02
3.279663144396532175e+02,-1.471235136525332109e+03
-9.101055194805167048e+01,8.608630952380959798e+02
-4.196024961114937213e+01,-7.474111554751505082e+02
-3.607179032790955375e+02,9.229292579572678505e+02
3.619791666666666288e+02,-1.479166666666666515e+03
-3.463541666666666288e+02,1.354166666666666515e+03
3.320504012838742938e+02,-1.444127178983941576e+03
-1.197176777445479559e+02,-1.741858833986532545e+03
4.050172611439783736e+02,-1.489582439169697636e+03
-9.097316341967464837e+01,1.393154252158088411e+03
-3.100177780211617495e+00,-9.687500000000001137e+02
-4.659930199458631250e+02,2.937194850448729539e+02
-9.519695042959715181e+01,-2.733467385257529259e+02
6.358491640699436687e+01,1.250840653546144040e+03
-1.167098349508253818e+02,3.288979067457908911e+01
-4.973958333333331439e+02,7.555989420577832050e+01
-2.875975021411125709e+00,1.335810967160147811e+03
-4.078518208473297477e+02,-4.412955453484249801e+01
2.184495831780151605e+02,1.522349784480109292e+03
2.634668362424970667e+01,6.896393871234890867e+02
2.600828272371901448e+02,7.948656811392543204e+02
5.192725468735289240e+01,-3.083606185959546906e+02
2.252604166666681351e+02,-4.984734195402298269e+02
-4.965630284520037776e+02,1.702600258575633347e+02
1.110900884846938510e+02,-1.158897189989162371e+02
-4.169903493539559918e+02,-6.275469954366569709e+02
1.216249906142023889e+02,-6.837708871399928512e+02
-2.217756951768191129e+02,-9.138354809873762861e+02
3.279892436807747345e+02,-5.384066512270220528e+02
5.442708333333332575e+02,-1.250000000000000000e+03
-9.090479493486809304e+01,1.453124999999999318e+03
-3.934914756801521474e+00,-1.291453211240907422e+03
-1.888677857863295912e+02,8.268412105581243168e+02
-2.691535995130550987e+02,1.378132628754448433e+03
-8.875087199413211181e+01,-9.575215907569995579e+02
-4.211469101280525251e+01,-1.820565299241847015e+03
-2.961792427840374220e+00,1.109375000000000000e+03
-1.640624999999998295e+02,1.807291666666666515e+03
-8.569100482442637201e+01,-1.523504459862231670e+03
-2.912551538509777771e+00,1.041666666666666515e+03
-2.994791666666666288e+02,4.010416666666666288e+02
-2.194985727802933013e+02,-5.486004142333366644e+02
-1.560461567024628948e+02,-1.810885474048195192e+03
-9.881487235179934103e+00,1.817385569172472970e+03
-9.612834669446563396e+01,3.177083333333335986e+02
-2.613776891528341366e+02,4.108364598972888757e+02
-1.707839011969426792e+02,1.240357877443910184e+03
-4.893113561804836991e+02,1.067708333333333258e+03
-9.095046365088539631e+01,1.270901056456806828e+03
-2.984760367892894894e+00,-9.244784363396863682e+02
6.160675580626036663e+01,3.187393914727113042e+02
1.743845115423692249e+00,-7.061339940209001043e+02
1.019585373302011391e+02,1.692850965546455200e+03
-1.120054851143907797e+02,7.867632967222763227e+02
-1.304264110865047712e+02,1.786458333333333258e+03
-1.594545812578561197e+02,2.471700170917125945e+02
-1.449447483900348743e+02,2.279676901840795367e+01
-2.171632777382176585e+02,-9.814299065543924598e+02
1.592098128433120596e+00,2.133988234885615327e+02
-8.989066043524903193e+01,-1.468725834289941758e+03
7.656952578837857004e+01,1.690319296073045734e+03
-2.758998181332941613e+02,-1.078471077166783289e+03
-3.325784216825514932e+02,1.130078589277924038e+03
2.938553972051041114e+02,1.575668143836645868e+03
3.151041666666666288e+02,-1.476257369146486326e+03
2.362254542870350633e+02,8.093405818617013665e+02
-9.094512635318100990e+01,1.083333333333333258e+03
-7.417783541230792821e+01,1.336298835027606629e+03
-3.113993376955912140e+02,8.989951034879771896e+02
-1.644163433507871730e+02,3.855854223774075535e+02
-4.370127337089788853e+02,-6.395520822430441967e+02
1.746165406203997179e+02,8.307795626020676991e+02
1.459094584551312579e+01,1.730828897254659978e+03
3.457812844725988839e+02,6.867389954299275132e+02
-3.128213768449775856e+01,1.870880869005036857e+03
6.537125053203436664e+01,-1.224631277153849396e+03
-3.552004252500573500e-01,2.864585371265719118e+02
6.410013991889524920e-01,-2.650776785105227873e+01
-3.860516278143851991e+02,3.535194356977614802e+02
1.031464942044196391e+02,-3.450445836362696355e+02
-3.463541666666666288e+02,3.802083333333333144e+02
2.128495108129033611e+02,3.825547549625358670e+02
7.057553974515506923e+01,6.619071492195956807e+02
-1.222251166642207565e+01,8.583716695766299836e+02
-2.912901309754634127e+00,1.234323302891048343e+03
5.930353189567878491e-01,5.069791197614158591e+02
2.387572085652974181e+02,4.268253291206720519e+02
-9.095270480788715872e+01,-8.072916666666666288e+02
-9.612276668573603899e+01,2.056648177404341027e+02
-9.097067671367915409e+01,1.458333333333333258e+03
2.997272448384737800e+02,7.681598328613935109e+02
2.057291666666666572e+02,-1.437500000000000000e+03
-2.919836225160674985e+02,4.010362576243915100e+02
-4.165650239204796321e+02,-1.015439561639551584e+03
-4.400505127577190478e+02,9.869850965265319473e+02
-3.773390195445592212e+02,1.331122111531153905e+03
7.403124054491823358e+01,3.997744006251121505e+02
-3.337496530854503485e-01,3.646296283216378242e+02
-1.850432070790706121e+02,-6.067917528338772399e+02
1.853301130428190788e+02,-1.814900353388114240e+02
3.499955508240122981e+01,9.181813326168791036e+02
-2.749146538304382261e+02,1.684086261594428322e+02
-8.202923360176997392e+01,-5.289307362649039987e+02
6.057014152444484125e+02,-1.509967077416598841e+03
6.636335693983984640e+01,-4.972758622343557136e+02
4.128987327086648662e+01,1.710886276834710088e+03
-2.401007448045465935e+02,8.490399620114025936e+01
6.192391334063001977e+02,-1.403753218842427032e+03
-3.643990892441051415e+02,-5.989583333333332575e+02
-1.541500217866133937e+02,1.308700120884885337e+03
-4.921875000000000000e+02,1.171875000000000000e+03
-2.915497017433654747e+00,-1.380208333333333258e+03
2.484027451565046363e+02,4.374999999999996589e+02
-1.249793874325681209e+01,1.735759360474035020e+03
-9.540883788698934609e+01,-3.617782127824054328e+02
1.571882269317260921e+02,1.669250202308245207e+03
2.072504215544495594e+02,1.510416666666666515e+03
-8.210319036824786565e+01,3.074652202192682466e+02
2.373342050447299414e+02,-1.042550144974754858e+03
-4.057679843052125648e+02,1.308854709394377323e+03
-8.515988993629855486e+01,-1.640497568958882084e+03
-1.141073584518722157e+02,7.665442924417800441e+02
1.588541666666666572e+02,1.708333333333333258e+03
-2.816637098403518280e+00,1.310137858754879744e+03
-5.064305637370991349e+02,-7.796555623036787210e+02
4.009801735233118052e+02,-1.503582069903905222e+03
-8.557606834828756348e+01,1.692647112303947097e+03
1.625755976003973728e+02,1.692785256822229258e+03
-5.078124999999999432e+02,2.223757308257378327e+02
3.294535655061135913e+02,5.908047423034157646e+02
-3.203125000000000000e+02,-1.064338449197830272e+02
-8.202916818772543195e+01,-3.098051286573368088e+02
6.029314977051383266e+02,-1.360360340762827263e+03
1.935604095246938812e+02,-1.428358216137727140e+03
-1.045234353271056875e+02,-9.701006391114874532e+02
2.296889658787542032e+02,1.330251248219317631e+03
8.932892955534313728e+01,-1.255040284379881768e+03
-4.466446337326262324e+02,-9.964946278817835719e+02
-1.600460275293989696e+02,2.813370588137231039e+02
2.229779051635694600e+02,-1.039848743348747348e+03
3.062290564535515358e+01,-1.208333333333333258e+03
-3.810455077842235596e+02,3.368063221607631021e+02
6.015769299555169880e+01,-5.283478772887955301e+02
3.023047938513535655e+02,5.098681236729805732e+02
2.800800777077245698e+02,1.591440321699943524e+03
5.338541666666666288e+02,-1.244791666666666515e+03
2.770016458896238305e+02,1.601475928457006148e+03
2.776911340731859354e+02,1.555791870672280766e+03
8.463499346861908634e+01,5.229875940974342257e+02
2.843338890602809670e+02,4.788130963429433677e+02
3.407918005488201061e+02,5.596538073032164675e+02
-1.640625000000000000e+02,7.968750000000000000e+02
-1.681461287149471104e+02,-1.786458333333333258e+03
-2.918201580721409627e+01,1.721870670417956035e+03
-3.374658381430367626e+02,3.785113593383497346e+02
-4.839874154087363536e+02,1.168935190053686483e+03
9.183478051385899343e-01,-4.818527428211754682e+02
-3.767022213909913120e+01,-1.804415476217587184e+03
-9.611330063263675072e+01,1.197194066451094869e+02
-2.290606454343135852e+02,1.033698810617057831e+02
-1.564005484212565023e+02,-2.108895317588913088e+02
2.805015230248936859e+02,-5.913831063662738643e+02
-2.812713921797982408e+01,-9.148150542535555587e+02
-2.427817797547914438e+02,1.981223237768464855e+02
3.488084138706571480e+02,-4.968544833132316967e+02
-3.564254500599162157e+01,1.747678205763542337e+03
-1.237872201431236618e+02,-1.170330485876995226e+03
1.739265426953198812e+02,-6.398935826694538491e+02
-5.045578757485533288e+02,-7.111038384260572229e+02
-9.238661966635451961e+01,2.655533471508488219e+02
-2.028548276344279486e+02,6.514291969123586057e+01
3.456310355166299360e+02,5.885108155330428872e+02
1.345530684630222709e+02,1.708333333333333258e+03
-5.170818891612263997e+02,-7.429774006557107668e+02
-1.483848367568743640e+02,8.057526645001130419e+02
-1.276041666666666572e+02,-1.739583333333333258e+03
-2.734566277663550977e+02,-8.518114706227709121e+02
9.569453236491312964e+01,-1.142829127720886362e+02
-8.216542823150533081e+01,-1.688307234781187844e+03
2.800090858897335693e+02,4.679554663115113726e+02
3.290071170127145592e+02,7.265747195356766497e+02
-4.576528739241235257e+02,1.009313169006273142e+03
-9.352185025245017869e+01,1.482171275219868676e+02
6.010080520484691391e+01,4.295285173585601797e+02
1.552183352217332697e+02,-3.997718465868290991e+02
-8.448411477865420238e+00,-1.549510760047200620e+03
6.269329457645401362e+02,-1.421875000000000000e+03
3.343626578925039325e+02,6.448783013983299952e+02
-1.302781608336989194e+01,1.869732340371980172e+03
-3.086865947645630115e+01,-1.791490051678881173e+03
-4.295235136946812418e+02,3.185840587925795262e+02
-2.913381982547758042e+00,1.018274568536173888e+03
-1.729613091443193866e+02,1.316405185383462822e+03
-4.801969825820463598e+02,2.732366574945963293e+02
6.201380247231469411e+01,4.683364343880340925e+02
-1.658678781612509567e+02,8.157757981662433622e+02
-2.755642045162535325e+01,1.373204481864753689e+03
5.951987478128239673e+02,-1.344570673562179536e+03
-7.234678304961065010e+01,1.662480075228350188e+03
-1.101915419064916080e+02,-1.726083000030065477e+03
-3.080959173528056372e+00,1.325349200680529066e+03
2.605728125499699104e+02,-1.458333333333333258e+03
-2.844440538241420313e+02,-1.087404806661973907e+03
-9.408783492541120097e+01,-1.841335497584781479e+03
-2.045254910374234498e+02,-1.786361132845038640e+02
-3.078955314009637618e+02,-6.811028079710108614e+02
4.009281442440970267e+01,-1.209426865341497660e+03
1.768324410124977248e+02,-1.585250129646734933e+02
1.035207123749781744e+02,-3.624055498734556409e+02
-4.938280950238001878e+02,1.093488216355025770e+03
-3.641866686624102734e+00,1.526029582239547835e+03
3.507496927531713595e+02,6.302083333333330302e+02
9.716384672707374648e+01,-1.335783084540407117e+03
-3.948627767527647165e+02,-7.887453874538691707e+02
2.369791666666669414e+02,-1.444428042188806785e+03
-9.285690593770526391e+01,-3.515248809840368835e+02
8.488133796284813570e+01,1.702228134060381535e+03
-8.511856900238640833e+01,1.715839933423502089e+03
3.421370024066077917e+02,-3.363252309087209824e+02
5.961607654400383760e-01,6.743906800897866560e+02
-2.748157213931772844e+02,-1.312755391166714674e+02
-1.409249197301433583e+02,1.022911784387096191e+03
-8.303294336885258531e+00,-1.687404083555745501e+03
3.834005376344095453e+02,-1.357379872311826830e+03
2.672089405641821713e+02,4.594863986725587210e+02
-1.148475837172585159e+02,-9.636143590771919207e+02
6.224437654017537369e+01,6.836652883747510714e+02
-1.853482502595031747e+02,-5.672175190536589753e+02
2.057291666666666572e+02,1.502332974672384580e+03
1.842392289312254832e+02,1.283672767441709311e+03
-1.404807192832553255e+02,4.410689894834914071e+01
-7.392484720716296920e+01,1.130587147912222008e+03
1.927375057022710170e+00,-8.072916666666666288e+02
-4.678213328353355109e+02,4.147686203009055816e+01
-2.318970959595982038e+02,-1.038510101010103881e+03
7.338185742383421939e+01,1.390759847696930365e+03
5.543120979650299063e+01,1.299447447509943231e+03
1.924686923581377869e+02,1.565866698237491164e+03
1.762684731704133867e+02,1.445165120620409425e+03
3.811237047389015231e+01,1.726470543676800844e+03
-4.578654296844250098e+02,-9.891787523342206896e+02
-8.561139132857645606e+00,1.695356659772090779e+03
1.315159382488273252e+02,3.531581148519361477e+02
-9.607715327610088707e+01,-2.942905123028518233e+02
-4.311410544642936884e+02,3.294827678516828655e+02
6.437799615012200150e+01,-5.708238412040336698e+02
-5.096660024816753207e+02,-7.316486971258059384e+02
-1.593922768006383706e+02,-9.381627613879477394e+02
3.556418454964684202e+02,-1.451769215367817424e+03
-4.903517164318259915e+02,6.250000000000000000e+01
-2.782918230395262871e+00,1.499957593407103104e+03
3.346624335565456931e+02,5.208333333333330302e+02
-2.879752104344405552e+02,1.835220314634113947e+02
2.976053408485270779e+02,-2.546778312146361145e+02
-3.066131218147769459e+02,-9.503141188852677601e+01
-3.911961302221058645e+02,-1.039392998325702820e+03
-2.990083900528482559e+02,-1.074652824670671635e+03
1.268177050868198421e+02,8.695499016003413999e+02
-7.467533980581093545e+01,1.045900044012321132e+03
-3.750211865560807496e+02,3.619589438354318531e+02
-1.545442412512333590e+02,1.395833333333333258e+03
-9.496589292272660998e+01,-7.265643482291178543e+02
-9.101150070779813461e+01,1.479168198301574421e+03
5.800421054919772246e+01,9.044671661503133464e+02
-4.649208960476503307e+02,1.231110958398551475e+03
5.527910461954924415e+01,6.738746465487513433e+02
5.543078677333330972e+01,1.356829332948270348e+03
-8.395038481852374446e+00,1.830771867756333450e+03
3.409548655834389486e+00,-3.074229014167529499e+02
8.394130660169274449e+01,1.269046104097631314e+03
-2.681893110338477015e+01,1.011021012685024061e+03
1.687725979229230120e+02,-1.531657076637144428e+02
1.095798679970818483e+02,1.663038736480111993e+03
-9.594612808943485049e+01,-4.037434406721752680e+02
-9.613926779714915938e+01,3.385416666666666288e+02
-2.851523468351342849e+00,-1.401041666666666515e+03
2.629787704828304840e+01,-1.011054321211307979e+03
2.682021657202770939e+02,1.339024521356728656e+03
1.688855784135689930e+00,-3.984665651019699339e+02
-9.594712848585609777e+01,-4.114583333333333144e+02
-3.007288196836969352e+00,-9.140847993483581604e+02
-1.781390617159317458e-01,5.197228800127865611e+01
-4.609375000000000000e+02,1.257915266396958259e+03
3.188696351836813392e+02,1.531250000000000000e+03
3.203125000000000000e+02,-1.471490679285408760e+03
6.004714909431063319e+01,-9.900638216778112621e+01
2.883753725454459982e+02,4.495715934526766091e+02
-2.313871310259396523e+02,-1.636471995094457839e+02
3.717756786959724309e+02,-3.902345874406053099e+02
-3.529860694937313497e+02,-6.888011572932957449e+01
6.542132723889940848e+01,3.747777339037604634e+02
-1.829557663185357796e+02,7.528327131654202731e+01
-2.614020270270268611e+02,-3.225882132132469593e+01
-4.348737836020108602e+02,1.290956220232707437e+03
-4.512992430448541086e+02,1.001654741251124051e+03
-3.325581373254598816e+02,-5.833333333333332575e+02
-9.095421046092585016e+01,1.231744978561024482e+03
3.072649375268993595e+02,1.373021150042509589e+03
5.003134709559067801e+02,-1.233092596761957566e+03
1.798562486109649967e+02,3.578458996915708781e+02
-2.889589916470168305e+02,1.050556272627460430e+03
-1.498140945187046782e+02,-9.449630148516210966e+02
2.358565711970239676e+00,6.958741257108661102e+02
-5.136315175434390312e+02,-8.857280121194222602e+02
-2.485180127381594843e+02,1.184723249406548007e+02
5.525711233848410586e+01,1.711925816008549191e+03
1.045056377948124293e+02,-4.758186414190869868e+02
-7.395328245501796971e+01,1.444157877866737408e+03
-1.015625000000000000e+02,1.796875000000000000e+03
1.644626151442706714e+02,1.439751551717421762e+03
2.976018008310739660e+01,-1.203125000000000000e+03
1.934035532265990298e+02,1.288225506950853969e+03
-3.531621833579808367e+01,-1.658460467489263010e+03
-1.385028432250464192e+01,-4.215121025378547870e+02
1.251788536734932364e+02,1.415532269515817006e+03
-1.563210129454980120e+02,7.916666666666666288e+02
-3.005542813455663804e+02,2.893253058103964008e+02
-1.649649196146348373e+01,-4.517948417614813934e+02
1.564707217926007559e+02,1.272133120325770733e+03
-2.576999995184983163e+02,8.567483235403105937e+02
-3.155103846658816735e+01,-1.166115378145144916e+02
3.254244971700694578e+02,1.517899005296689666e+03
-4.237668180992877787e+00,-9.870838234793661741e+02
-8.884613834376968100e+01,-1.175481459071545032e+03
-9.546713017993650396e+01,5.859995444485190319e+02
8.072916666666651508e+01,1.742787840436550368e+03
-8.749717756529943813e+01,-9.191511994756175454e+02
-8.820057002567338600e+01,-9.086729752139016227e+02
-8.851881375117616813e+01,-1.273523442565239066e+03
-2.658324562730621921e+01,1.405932414030851078e+03
2.114191949720585662e+00,-1.005698308050279365e+03
-4.902612349068566004e+02,9.349114122120323600e+01
-1.796875000000000000e+02,1.812500000000000455e+03
-1.597037012027502954e+02,-1.802083333333333258e+03
-3.929599728983804718e-01,3.256256523227275466e+02
-2.595059494548229395e+02,1.276658707843063496e+02
1.282267128098291096e+02,1.280882081470647108e+03
-2.478637816956242261e+02,-5.523434821814173574e+02
6.510416666666681351e+01,-3.385416666666666288e+02
1.282552083333325754e+02,-1.169270833333332575e+03
-3.930103862279864870e+02,9.593057007979776927e+02
-2.132176940460581704e+02,1.182849807526977656e+03
-3.404672512499651305e+00,-1.278655011938988537e+03
2.068118318529303057e+00,-4.166666666666666288e+02
-2.760251691006280339e+01,1.543334985573910672e+03
-7.105865036533816692e+01,-1.847601212942638767e+03
-9.554856550133831661e+01,-6.956999423530739932e+02
-4.320193968201948564e+02,2.959858342539346268e+02
-3.776041666666666288e+02,-6.041666666666666288e+02
-5.291777394702976380e+02,-7.936366782221980429e+02
-2.934784449232914199e+02,-1.180975893328251658e+02
-2.143601378123746315e+02,-1.137484686757992222e+03
-5.095682928206464908e+02,2.096442649159240830e+02
-2.064886341167246826e+02,8.403102975667350165e+02
-1.859367748498145545e+02,3.771247316241798444e+02
3.710811202308305496e+02,-1.442626292522875019e+03
2.496399661463180735e+02,1.351137436366796464e+03
-1.731699895594171892e+02,-1.154520078743089471e+03
-4.908085856273353897e+02,1.080206859995078730e+03
-9.306989655353244473e+01,-5.443734697152923445e+02
-2.654299872697321803e+02,1.174098079208376930e+03
2.166118271873041579e+02,-1.133986691016046734e+03
-2.556737122684665167e+02,-1.112564129996706697e+03
-1.640624999999998295e+02,6.084743036813833328e+01
-8.262986414131611923e+01,-1.656250000000000000e+03
6.367557201659193922e+00,-1.012776323084244495e+03
5.835995893926234146e+01,8.905222227057727196e+02
-1.508623465446993634e+02,1.328399037008576670e+03
2.597837751416014953e+02,-1.452125282424603029e+03
-3.156842430734958960e+00,1.474052808000736150e+03
-1.830477037592202691e+02,1.227491498964183620e+03
1.067708333333333286e+02,1.416666666666666515e+03
1.920188596582287630e+02,8.168123531453936721e+02
3.407854598444200178e+02,7.009173186600244208e+02
-9.611081220508265233e+01,1.953621942556864610e+02
-9.595201707618434739e+01,6.354166666666666288e+02
1.549464285042113261e+02,1.621430004919653584e+03
-2.759743569570257193e+01,-1.410379271820262829e+03
8.670077624713574682e-01,-6.667509814523203886e+02
-2.792206899801345177e+00,-1.461039004231076206e+03
5.889429589412593913e+01,1.700299333039493376e+03
-9.635416666666665719e+01,7.135885874778526841e+02
-3.615389652003880769e+02,1.345686038456185770e+03
-3.172128102705062958e+00,-1.213541666666666515e+03
-7.403640062065781535e+01,1.230889657947057913e+03
-8.693936178263831493e+01,1.508194009726533068e+03
4.730726813476750294e+02,-1.520329333767876051e+03
-2.980701454308990694e+00,1.026041666666666515e+03
3.123928618205677594e+02,-5.594371372225659798e+02
3.457237433516686451e+02,6.043121837106998555e+02
-1.171019332756687847e-01,1.093639294101113393e+02
-8.851695233471164670e+01,-8.646267352983837782e+02
-9.089577822038370414e+01,-1.286458333333333485e+03
-4.296748887273308171e+00,-1.361900660290845053e+03
2.814555921052645999e+02,-1.361316703216373071e+03
1.309655950224416188e+02,5.559966279980631043e+02
-9.594778634018904029e+01,-5.677197757135647862e+02
1.628847789158770070e+02,-1.031695081946857499e+03
-1.772102173163563918e+02,8.039422283804775589e+02
2.602291659342190542e+02,7.726570500875394600e+02
-9.271446913911151455e+01,2.447916666666666572e+02
1.121971420340361902e+02,1.686826652411044051e+03
1.376685480826712080e+02,-4.564230801280544370e+02
-9.089621955068903958e+01,1.330838067351636937e+03
3.241377602722111533e+02,-1.462212827826144121e+03
-2.718782898193057918e+01,9.428866078819819450e+02
-1.380208333333333144e+02,1.802083333333333258e+03
2.576930128333423795e+02,1.359719541429810761e+03
8.069845869593213195e+01,3.769520552700961957e+02
-9.592161235628270788e+01,5.104166666666666288e+02
-2.606671005554691760e+02,-5.590092821017433380e+02
3.181554303185564549e+02,7.403164875503271105e+02
-4.957902006597194600e+02,1.107070754039707936e+03
-1.304786345320829710e+01,1.886014789357950121e+03
-1.973554155396140573e+02,-3.478829758051915633e+00
-3.204764342547091083e+00,-1.487131359504989405e+03
-4.731165421237489288e-01,3.984928844159576897e+02
5.870037986336938047e+02,-1.377064880245846098e+03
-5.078124999999999432e+02,-9.218749999999997726e+02
2.135360132067596339e+02,-6.155042804960105514e+02
5.288538041559738900e+01,9.113878913392300092e+02
4.749514030908065365e+02,-1.132179617856190362e+03
2.044074255013939023e+01,-1.202928167879916600e+03
5.988825452329028849e+02,-1.530952230821249259e+03
-9.096471739448918470e+01,1.434964376856183208e+03
2.414195425254386862e+02,7.928081730402637959e+02
-7.280837962417362519e+01,-1.564997959526937166e+03
-8.326006712018624967e+00,-1.705913611034698079e+03
5.989583333333332860e+01,3.250704613178720592e+02
-2.724132963313780351e+02,-7.609327222415137157e+02
-2.682291666666666288e+02,4.109672094441091303e+02
2.545390700114662366e+02,-2.153486961959183361e+02
-8.647375867733082089e+00,1.645859789528140936e+03
-1.860234420645627722e+02,-7.395833333333334849e+02
-9.635416666666665719e+01,7.445759136421917219e+02
4.139989948273354798e+02,-1.504040439290369250e+03
4.475781646185872376e+01,1.721467654994846953e+03
-8.397692275103302961e+00,1.776041666666666515e+03
-3.823256545088461849e+02,9.515253974531792664e+02
-3.307291666666666288e+02,-9.759789648456369093e+01
1.597510423345468098e+02,-1.026126590327871554e+03
1.640625000000000000e+02,1.270833333333333258e+03
-3.844508777656259895e+02,9.395844427547157238e+02
1.042435088931072187e+02,-1.021547488540863696e+03
-3.151041666666666288e+02,-1.054910778871175694e+02
-4.227020811942591081e+02,1.302825990470212218e+03
-1.222171865296027420e+02,7.708333333333332575e+02
1.556936021337000966e+02,5.869533109715678165e+02
-8.212723186953171250e+01,6.197433226993954349e+02
-9.097418200616195350e+01,-8.149669359780667719e+02
7.614287089250544227e+01,-5.024477225246209287e+02
4.991599172600355701e+02,-1.525297254890451086e+03
-4.869791666666666288e+02,1.192708333333333258e+03
-1.380208333333333144e+02,-2.210791924836428279e+02
-1.744791666666666572e+02,-2.009158620085837867e+02
-2.058584160197135873e+02,-9.199164457791862333e+02
-3.800924541052665973e+02,-1.043463656463107100e+03
-3.330620755583990444e+02,3.843493256176157615e+02
-3.149844345139207746e+00,-1.479166666666666515e+03
-9.096101890735589279e+01,1.091301074815753736e+03
7.031250000000014211e+01,-4.915676885807460508e+02
-8.168998932354905662e+01,-4.713399530286267805e+02
2.876557476619397562e+02,-2.434246080037783599e+02
1.744791666666666572e+02,1.276041666666666515e+03
8.390824819484166142e-01,-6.379259506551057939e+02
-9.097335322370803112e+01,1.049377112380534300e+03
1.431481632656494867e+02,1.692708333333333258e+03
7.873814873472272780e+01,6.691907483295456132e+02
-1.056085985100515785e+02,-2.240935067135776251e+02
-2.931956979872474278e+00,1.007870410271129458e+03
1.342575275845887575e+02,-1.283405363189287982e+02
-8.168480942865100758e+01,-3.353670967654575747e+02
2.009117452414018068e+00,1.979485903250193246e+02
8.694582577464988749e-01,-6.510262010423829224e+02
-2.837137001917788837e+00,-1.408833903415265695e+03
3.497163329472841724e+02,-3.259316312798189870e+02
5.821485858256692154e+02,-1.334709654446924787e+03
3.400894051676722825e+02,-3.564867851588854251e+02
6.726060192147674854e+01,3.114234643278888939e+02
1.006231013382194277e+02,1.668516665004702872e+03
-8.484994380464320329e+01,-1.614907514190532083e+03
-9.593310451934907235e+01,4.764580921722837275e+02
-2.838541666666666288e+02,-1.302083333333336270e+02
-1.585862320113135411e+02,-1.769618692267374627e+03
