x,y
1.779281375054191358e+03,7.809873326758765870e+02
-9.555645478655189891e+02,8.020511917233140764e+01
-5.591080579018216667e+02,9.091172989463302656e+02
7.174650254319257101e+02,6.132590808411057424e+02
-1.233820585280838031e+03,-7.346477760737137714e+02
1.167238288687135082e+03,1.198622896895148642e+03
-1.073963465519552983e+03,7.417763614776962413e+02
-1.701918448730507407e+03,7.879348782882041178e+02
-3.354017222128124445e+02,-6.332760748536381925e+02
1.071125291408698104e+03,9.068080047265539179e+01
1.744067773647359729e+02,-5.452015600969285458e+01
1.195253745805627432e+03,1.051574470179619084e+03
-8.399036400205030759e+02,5.005716543808834444e+02
7.252349617815859801e+02,8.663493488185683873e+02
8.149901360374153683e+02,1.008463645449984796e+02
9.472267299288494087e+02,-3.670963254672603284e+02
-1.722709472771565061e+03,3.599278672167689592e+02
3.649014532718729242e+02,-9.448817587675881668e+02
1.268772918105233430e+03,8.396957592223022857e+02
1.156475890995935288e+03,4.933201919576200112e+02
-7.320728447557995651e+02,7.454162735826523658e+02
1.374509844253796700e+03,-1.031805205436204460e+02
1.403755325401313939e+03,1.157855167417118537e+03
8.220010429747356966e+02,9.675800698612114275e+02
-1.757153451042206825e+03,7.589174461840540289e+02
1.344612599099664749e+03,-4.624668556380327686e+02
-4.348825313825781222e+02,1.380216490476895501e+02
8.542145909450622412e+02,-1.118086039378755004e+03
1.005639443600486402e+03,-5.501512057535720714e+02
3.445439099148779860e+02,5.687925218840539401e+02
-1.785391217363626311e+03,6.925994238212875871e+02
-1.577510538009220227e+03,1.122625466081487275e+03
7.641415468620363072e+02,-1.756823146121473656e+02
1.273811549911707459e+02,-5.550290729823328206e+01
-1.406590357863107556e+03,1.512947589983729131e+02
-1.288273036515696049e+03,-4.810229695133268137e+02
-1.267197311514663909e+02,-6.410408890348811610e+02
1.635189318485400236e+03,1.577461470431183841e+02
4.004243209914420731e+02,-4.180913727503386781e+02
-1.663222089312112075e+03,5.499782464617230744e+02
1.146699998389360417e+03,7.674697358474759312e+01
-1.884729248719400630e+03,8.681126868701692274e+02
-1.082834189558902381e+03,5.976331124935730941e+02
4.540425512791352958e+02,-2.000641372413367094e+02
1.616588741165089004e+03,8.767442969109531532e+02
-1.547434549036581757e+03,8.223417096997759472e+02
-8.654423435227528216e+02,-3.124858263239109846e+01
-1.222937120986019409e+03,-2.184896184590768939e+02
4.739422494872211189e+01,5.728608146571145880e+02
-4.656214514798602977e+02,-6.243642699234009115e+02
1.381295180959794607e+03,-4.514587157842391889e+02
4.142905088339739450e+02,-1.261407682402816363e+03
-1.074008714361739749e+03,7.708883000386433650e+02
2.182017843298883122e+02,5.099763636239156881e+02
-2.743473095397923203e+02,5.963594314073753822e+02
1.183115359751658616e+03,7.454078986604500869e+02
-1.271206734774684264e+03,1.087369741709060378e+02
-1.377816454112202791e+03,3.597367858962510354e+02
-4.472087597435562429e+02,-6.260606554969917852e+02
-3.605107989466758909e+02,-6.729505484337607868e+02
-4.541893605824076303e+02,5.095152543440169097e+02
9.698444052647180342e+02,1.487879234380036166e+02
-1.677298567030130698e+03,3.499035257814394413e+02
-4.276910839142460645e+02,7.016174182025212076e+02
-1.090680106795117126e+03,4.946632036711887395e+02
1.534204974421988709e+03,3.502516853044422191e+02
-5.813500876144809126e+01,3.596487198336981805e+02
-3.563423459053877878e+02,-2.111093214144747492e+02
4.214269837315329710e+02,-1.190045013495618832e+03
8.344940709918744233e+02,7.516089891824114488e+01
-1.096107918295051149e+03,-4.322817659704227253e+02
3.096291188102503043e+02,1.567654611773770590e+01
-5.161847985640682737e+02,9.114141300605156175e+02
-1.611498439566133584e+03,-3.510266301226335486e+02
-1.284299186905602937e+03,-9.787752546561647478e+02
1.735448406003583386e+03,-2.513016783331708552e+02
-4.143586463657162540e+02,-2.082728581707056037e+02
-8.376118155839569113e+01,5.104484404904397365e+02
-9.374573608126603403e+02,3.598985007443651511e+02
2.582642961661097161e+02,7.781818181818185849e+02
1.493338908071063997e+02,5.103100320002175181e+02
-1.699716046147022325e+03,-1.491114411878284411e-02
-7.321362709321556395e+02,8.290491713881895066e+02
1.650048223841068420e+03,-5.439585308946046780e+02
1.108809257407553730e+02,-1.206476349093161161e+03
1.256765970170554738e+03,-7.631702191983358716e+02
-1.193709346714657386e+03,6.253075858572735797e+02
-1.592144225730600283e+03,1.512033330972266469e+02
9.584458283983228739e+02,-5.596147499227375874e+02
1.620107753517332867e+03,2.187958373638077205e+02
1.003485629022299122e+03,-5.888270335540161113e+02
-6.932469982280458680e+02,5.849714901190050114e+02
1.122877320647181705e+02,1.015602393832093355e+02
-1.566223409065483111e+03,-4.210787457629211161e+01
-1.562873701094201579e+03,-1.933434235847157083e+02
-1.018425722707816817e+03,4.967982963468935509e+02
-6.171976984893924367e+01,-6.225180569065679492e+01
1.590755512787344742e+03,-8.020111046560591603e+02
6.071108545959883713e+02,-6.516326932087123396e+02
3.852381672770773093e+02,1.121092673735457765e+03
-8.778707575332728652e+01,9.944963122763205092e+02
-1.436207167138541081e+03,5.898773386662439862e+02
1.554422057689053645e+03,-2.962295887591319001e+02
-1.439853909358450665e+03,1.152195978846211347e+03
-1.687361417051318313e+03,7.826637225733131800e+02
5.483492032731452355e+02,6.326359615178923832e+02
-4.354746554041316813e+02,1.055130725467516868e+02
1.737269972444770474e+03,-2.732907324160847224e+02
1.234836146650889759e+03,-7.199815594896889479e+02
4.642998946979146240e+02,9.877977646853204305e+02
-9.716216798538208650e+02,1.114583598018554085e+02
8.963237863860260859e+02,-4.594765913918728302e+02
3.411835629304005124e+02,-2.043767232421619440e+02
-5.130436493557865560e+02,3.598370762200784156e+02
-1.187901056672351842e+03,-5.091001328102544790e+02
1.386206607092102331e+03,9.036256687971576866e+02
2.581703708010598461e+02,7.345563181423556216e+02
-7.231762591566255196e+02,6.142741237904593845e+02
-9.541414364921848801e+02,6.606622249628158272e+01
-1.776081741746653279e+03,4.642181993478416757e+02
-1.709758052144564431e+02,3.596548166934241522e+02
-1.280553472308739344e+02,5.049831622586161188e+02
1.560439938322335138e+03,-8.248371128494430877e+02
-1.756476721446103738e+03,3.961603168735337022e+01
-7.420168988336048415e+02,-1.143477342489485864e+03
-2.531134516014203939e+02,1.854542182955256919e+02
1.381929680856756022e+03,-1.846199491170219460e+02
8.625689419434613683e+02,-6.155313572258099839e+02
-2.218168561014443583e+02,-6.790722836191902161e+02
1.278385433990735436e+02,3.600052963714892940e+02
-1.188497518376381095e+03,-5.444306279446461758e+02
1.229044058163717182e+03,1.046224786591300926e+03
-3.781540469935980013e+02,3.596958944894692536e+02
1.198613720746724539e+03,-1.190350127104964173e+02
3.708590100663121234e+02,3.596496304679385503e+02
1.343919634727920140e+02,-1.207280323733170007e+03
7.996330670090173953e+01,1.127650173616157872e+03
1.416169966616490683e+03,1.486911885407223224e+02
-1.555012972329151125e+03,7.899268701477401464e+02
-7.561965971492633116e+02,-8.533718904762785087e+02
-1.677885205250635636e+03,1.850156204760212972e+02
-7.133964858738482917e+02,1.780679929262671237e+02
-1.516430607066495895e+03,1.064306900621549630e+03
-1.138169062549794262e+03,3.598643427969878417e+02
-1.261944724008719732e+03,1.560417333178873776e+02
-1.316974982370733414e+03,-2.880609012713883885e+02
-9.970169298383899559e+02,-1.615712749784823075e+02
-1.486678126194674860e+03,2.765143309670427243e+02
-8.236525223211293678e+02,7.966168285623470524e+01
-1.164134995088199247e+02,-1.207958239615698631e+03
-8.053398860614294108e+02,8.559996264138168272e+02
5.888477896411706070e+02,9.813450729880312338e+02
4.435710191027001770e+02,-6.255713876564741440e+02
1.705756937805907455e+03,3.360110181716466968e+02
1.686872392773071851e+03,-6.832172944844231779e+02
-1.478503813898349790e+03,5.557340038619726101e+02
1.631077556263777069e+03,-2.583485111466343938e+02
-2.907240378126698488e+02,5.094816750688846696e+02
1.182988791417307993e+03,6.787134654647744583e+02
-2.453986858476398538e+02,7.637118828414572818e+02
2.398038483928890230e+02,-6.783199571749731831e+02
-1.238811998881663499e+02,9.938127063955132598e+02
1.149278547717501851e+03,-3.503983455332430594e+02
9.858467700980206700e+02,-1.155417238565783691e+03
-1.657362967654356908e+03,3.598702082325307288e+02
1.965115499476698915e+02,-5.410276198152752158e+01
-1.143664257375359739e+03,8.737004485097365887e+02
-1.951181070940332575e+03,8.372592618631390451e+02
5.342526185534126171e+02,-1.935393544200019278e+02
6.263320466110458256e+02,1.109017461631315655e+03
1.105264657395942294e+02,-2.221517072334230818e+02
-1.734198707616626962e+03,2.805493468166127968e+02
2.156174260610032434e+02,-3.200618997138144550e+02
-8.615946268949563773e+02,1.091247470921667400e+03
-1.035891096166400075e+03,-5.444700537007050798e+02
1.190082806687762286e+03,-1.086608310750842065e+03
-1.162909038934672481e+03,7.924641094956231768e+01
-4.000886307541740621e+02,1.263818968820044802e+03
-7.811828759619961602e+02,9.703097370668137955e+02
-9.634592575430992838e+02,6.835381754376459185e+02
-1.979251236611931972e+03,9.641469243152253057e+02
1.596253452822656982e+03,9.761363286366688499e+02
-2.531144146261503352e+02,2.472782848385833745e+02
-6.769317473455837444e+02,-2.062351961092640806e+02
-9.633960234008633279e+02,7.563636363636343276e+02
-1.273664878974146859e+02,5.128845329857333581e+02
-1.594109194144348749e+03,-7.527121011866360334e+01
1.667738041930515010e+03,-7.336557033589236880e+02
1.064288764267156012e+03,7.091200597297516879e+02
1.228303610051368423e+03,-2.803598668203638908e+02
8.730063321308191462e+02,1.089339017160191815e+03
-5.015196504837033444e+02,-3.454899754587387974e+02
-9.495482469280969440e+01,-6.414436518936215634e+02
9.760683084254308142e+02,8.583174413038572084e+02
-8.213332639179803891e+02,-5.843808624951797128e+02
-6.116238512443059108e+02,-4.968751664285819061e+02
1.039948062618094127e+03,3.600575933391488093e+02
2.878985109527076816e+02,9.164881005830961840e+02
1.115286252372036557e+02,-4.549556472410305901e+02
-5.540973194525469125e+02,-2.008913679652722237e+02
1.638561205533995007e+03,7.580456732995819493e+02
-1.266167128046161906e+03,1.183095580658128483e+03
1.353153327933241144e+03,1.713754704117976928e+02
6.002070627104413916e+02,-6.127508336421929016e+02
-9.206598671012629609e+01,-1.276920165387850602e+03
4.000750072849338608e+02,-3.708848869854763279e+02
2.655059147062225406e+02,-6.361329973904246344e+02
9.411319496091060728e+02,5.669620295775957857e+02
-2.004404020470707906e+02,-6.387654073373945494e+02
1.353169102215850444e+03,2.292913547684540845e+02
1.680697527448713572e+03,6.129226578216528196e+02
8.533391619107396764e+02,-4.644592576843818961e+02
1.807716675617959254e+03,8.056061873818337062e+02
-1.374768134186851512e+03,6.214333651639216214e+02
1.785030706442542169e+03,6.821133184312888034e+02
1.271307277696649294e+02,-6.411174637873496067e+02
-2.537869623169874700e+01,-6.426733034790225929e+02
-1.803925186446014095e+03,1.062985436007512135e+03
1.615473865276150946e+03,-1.531968255106986199e+01
1.677202541013321706e+03,-2.033503539305708898e+02
1.056927539123542829e+03,1.853967072787147288e+02
1.814880673667093092e+01,5.104096969034164317e+02
-2.692225100257004442e+02,1.123767118544547429e+03
6.876514650345110340e+02,-2.436736163125979999e+02
-1.247627486966918468e+03,1.043703335790972460e+03
-8.322040103815116936e+02,-1.195348165609051648e+03
-1.600434099139895125e+03,3.462850226117994907e+02
1.385700954766054338e+03,4.845569111501731641e+02
1.102798172483331207e+01,-6.834120082715836588e+02
4.769964101034305486e+02,-6.233365249692715224e+02
-1.534119794831632362e+03,4.940613360705583545e+01
1.164175100350679344e+02,1.129752199593770683e+03
7.965531200519634467e+02,3.598218267526422665e+02
-1.700928251204690696e+03,1.091285259770371567e+03
-1.934438611790340246e+03,8.266671425049567006e+02
8.143373213564435673e+02,1.886953791990702598e+02
1.544602295926423722e+03,7.460323251478931752e+02
9.336555897801024173e+01,-1.209081394725606287e+03
-4.876806579068023666e+02,-6.635270292896267392e+02
-1.222432685198838271e+03,8.665404287323693779e+02
1.905719873694350099e+03,8.209435054553849795e+02
6.863281660166264828e+02,-3.782691090564941874e+02
-1.598936495814366936e+03,2.985054406504803524e+02
1.591589320880553259e+03,3.599632623808183212e+02
-1.294146728043307348e+03,9.184914219750387474e+02
1.366574927280363454e+03,3.568801435142784726e+02
1.329811865245263334e+03,2.280798420603497689e+01
-7.241171847908594827e+02,-4.047077198100519979e+01
-1.134877686426594209e+03,5.461002515316129546e+01
3.070062272428276628e+02,5.091910538399150141e+02
-1.989745734756640786e+03,9.435185837798983357e+02
1.262428676548807516e+03,1.157081382832899834e+02
1.322045413990326324e+03,-3.322608231806190133e+02
1.677579617289773296e+03,-3.481642712552630314e+02
-2.458942472311032645e+02,6.981127525468474460e+02
-1.903348871102332851e+03,8.419295375262903462e+02
-5.816062987372168180e+01,-6.834639445520105028e+02
7.840677643776639343e+02,-9.280293937987039499e+02
6.508727192101509900e+02,3.595519246757269229e+02
-6.424518615530363377e+02,-6.076375577628880365e+02
-1.972335726564197103e+03,8.603642228146042044e+02
5.708757647829662574e+02,-6.153038154329441340e+02
1.356715390349768995e+03,1.025753098714528505e+03
-1.659244306900792481e+03,-5.292708900137163255e+02
-1.636601261753335393e+03,-2.291810509245045466e+02
-7.528936691468137496e+02,-5.937677896148320542e+02
4.979122525193133697e+02,-6.625982450651267754e+02
-1.767876381977494304e+02,-1.206775780355124652e+03
-2.378072805734510382e+02,-9.789615052048574171e+02
-4.822584635289413768e+01,-5.195958613545174103e+02
-1.177824249452151889e+03,-1.021953566786259216e+03
3.961646123620047319e+02,3.598124976588630943e+02
-8.631127402335666829e+02,5.718767929560924586e+02
8.509208118849846869e+02,-2.542099389649117569e+01
6.853553775782446564e+02,-1.865562718446918495e+02
-1.486808637126520807e+03,2.313438163125860285e+02
3.124689064233387512e+02,9.166863379112568282e+02
-1.829332569656391343e+03,9.087830097691340825e+02
-9.197235776513252858e+02,-1.102487186952485899e+03
-1.645198915336179425e+03,-4.889723208754384700e+02
1.687946419436684664e+03,-3.749639820103194552e+02
-9.456717354900927148e+02,-2.767577756761064620e+02
-1.179789686685194965e+03,3.558320634571767869e+02
-1.406717911916558251e+03,2.697248560969207887e+01
-1.659455717426805222e+03,-1.190808847137693419e+03
-1.638141461033264250e+03,-3.978315607814279531e+01
-7.130394600929246280e+02,3.092911582473848853e+02
1.164057673073768200e+02,-6.828026722671010020e+02
-1.113344984123941686e+03,8.766655520318197432e+02
-1.119605480127353985e+03,-1.042649764642746959e+03
-1.232764188225067073e+03,1.046988258042792040e+03
1.495598574541516882e+03,-6.864702334614985375e+02
4.179449969519361048e+02,9.136455194109802278e+02
4.984785136569548740e+02,9.855719821976369985e+02
9.775417374431302733e+02,1.221877448216577250e+03
-5.555129318197310795e+02,8.071010520354965365e+02
-9.633520435940342850e+02,7.925959581634324422e+02
1.083378564801718312e+03,4.954206203039684624e+02
-1.554724535147242932e+03,7.466944860190819782e+02
-4.873298106335373063e+02,-6.228732366883369878e+02
1.705757887811867477e+03,3.005450833031628122e+02
1.176580441425701565e+03,2.253654066551470407e+02
-1.344444457106047366e+03,9.107693049670297114e+02
-9.496409953279479623e+02,1.325707043651312631e+02
6.037306699702110109e+02,-4.035592145802349506e+01
8.179493334355195202e+02,5.011959416869502775e+02
-1.610664387425544192e+03,-2.675436830638951164e+02
-1.147279633467207276e+02,1.563356139954705384e+02
-5.772742183229725015e+02,4.741606859338369162e+01
5.110755358997824942e+02,-3.600545699688719878e+02
-2.474925095638408550e+02,-5.561129957160222403e+01
-3.527943895649563615e+02,-5.361436801020504106e+01
-1.032482911567638439e+03,-1.603052225841751692e+02
5.088187678405417387e+02,-4.379734668690719701e+01
-1.561172489369730556e+03,5.803144384949431469e+02
-5.445950794405896289e+01,-2.181547109478099742e+02
-4.543942609271270499e+02,1.118901796171933483e+03
-5.435057631575214998e+01,9.955534937178059636e+02
-9.683041730978213764e+02,1.666544493893684376e+02
-8.793031699211855994e+02,-1.744035073709950154e+02
1.177165486016445129e+03,3.094765301021671462e+02
2.578403576440872484e+02,9.117317025521275582e+02
3.818431779851417218e+02,5.098424402733592729e+02
1.416084007022082005e+03,3.133830532884167042e+02
1.254851872851400003e+03,4.926164196906219104e+02
-1.457079123668582042e+03,-2.343861857998880964e+02
1.168021097644590185e+02,6.425820220804503151e+02
1.054323548570677303e+03,-4.215372004228296419e+02
-1.718490418680654557e+03,6.051571009650825772e+02
-3.126976322343633683e+02,9.165717450282818390e+02
2.989082212697282444e+02,-6.347905741162812774e+02
-1.708605677829090610e+03,4.706515186706595841e+02
-1.222539251013558214e+03,-7.185764506051597209e+02
-8.053180023860793426e+02,6.496693299123510315e+02
1.639872824779514076e+03,-8.319275783785060412e+02
-8.798853269754495159e+02,1.089084982893387632e+03
7.629481074677228207e+02,-6.314086451227590260e+02
1.325671032160913683e+02,1.126448189097875684e+03
-1.628283164583097459e+03,8.605865202310211544e+02
5.963636363636363740e+02,3.596645239193201746e+02
-1.647490516630462253e+03,7.756398566753337036e+02
2.582535536143462878e+02,8.109701547234863028e+02
5.847816523051670856e+02,1.111307070634728234e+03
1.028353833934023896e+03,-3.091889988327343985e+02
2.910185418302179414e+02,3.597290736741700243e+02
-1.242675319107965151e+03,-7.204161252895522694e+02
1.712257467712872995e+03,4.706717260160276055e+02
-2.699706872794180299e+02,-5.204069036180427474e+02
-1.704297872380676836e+03,3.543690999527556755e+02
-1.068841856840332639e+03,3.596500786529899756e+02
-1.353401642002553217e+03,1.729852453090688869e+02
1.601593372811336167e+03,2.587724564114014925e+02
-1.691572888469490863e+03,7.498701494316115941e+02
1.064397316935632261e+03,7.989430116328779832e+02
1.539789666126031761e+03,2.011226311636243054e+02
1.069369962979466891e+03,3.598003692772193745e+02
-1.043194244297120804e+03,1.071713734851896788e+03
5.819866197526446285e+02,-6.541816241785288639e+02
-5.243548799006342733e+02,-6.607067975552516828e+02
1.617833643823704733e+03,-7.801678103675618559e+02
-5.311380193164567345e+02,5.069480982370377546e+02
1.403477224641474777e+03,3.390845459028923869e+01
-1.970616686888713275e+03,3.325917470446341326e+02
1.131082187154037911e+03,5.593731000272908886e+02
-1.496861137986324138e+03,-1.777118757273912877e+02
-6.065599054174468847e+02,9.806965391857036138e+02
1.359601172837968306e+03,7.489793315318403302e+02
-7.911589376996981855e+02,-2.731508725802297590e+02
-1.562947112353280318e+03,-6.416003033801436573e+01
-1.456657905074723885e+03,-1.782516516447199990e+02
-8.642657440514568634e+02,-5.750849375274161730e+02
1.689485948985985715e+03,-5.919789775547460522e+02
-8.437354500445079566e+02,1.091964863889416392e+03
-1.785820900383390153e+03,1.024922588935444026e+02
-6.034945869711478963e+02,-4.494041073051675994e+01
8.220959629381120521e+02,6.538232041233264908e+02
1.176942908069093164e+03,3.389983509623688178e+02
4.444092850726494817e+02,7.599409573267757878e+02
1.672110752510312295e+03,1.515940342021617937e+02
-4.473026897384333438e+02,-5.134874032502155927e+01
-7.492685401882298493e+02,1.243616689202109910e+03
1.420968503630474515e+03,6.282067450882810817e+02
4.472215590712063999e+02,1.119003729180681830e+03
-1.526365880946358629e+03,-6.582127816223434138e+02
1.457553378197113034e+03,8.919415095245101384e+02
-8.581802685549453145e+02,5.002040121000636645e+02
-1.745694449717965995e+02,-6.392922858790069540e+02
1.563791496107569401e+02,3.596751321739317859e+02
-1.335235578386326779e+03,5.566929103712783444e+02
6.868509590580576969e+02,-1.224331105496362852e+03
1.548742862393449514e+03,1.346649355435976076e+02
-1.283198195235855337e+03,8.380019094706399301e+02
-2.390831562016951750e+02,-2.142351685441692268e+02
-1.487645572770943090e+03,1.425935852322502626e+02
-7.074814701636203154e+02,7.541438989841769569e+01
-1.028786251086129596e+03,-2.479106895983748018e+02
-1.483713350082266743e+03,1.002032933579015321e+03
1.712247405624425937e+03,7.720159023432080403e+02
-3.051772695305802472e+02,-6.746106774289926307e+02
-6.558590802462731517e+01,1.268381861262977054e+03
-1.168135404760101210e+03,9.342448714950991189e+02
1.504053512254992029e+03,-1.670242446903233144e+02
-1.529923498424673880e+03,8.803041263482894010e+02
7.630159467696434206e+01,-6.832135405870412797e+02
3.162308608227704099e+02,1.269118477694584044e+03
2.899499975838183445e+02,5.109289925913619186e+02
-4.357140899143360002e+01,5.121946230787143577e+02
-1.648463819657029262e+03,-7.980604567409666288e+02
6.981147519791362583e+02,9.755308379742018587e+02
3.995873916548056286e+02,-1.193067154291185261e+03
-7.912299805045036010e+02,-3.345132725069418598e+02
-5.981899858135230943e+02,-6.125674839444387771e+02
8.193643103834859858e+02,7.745322150657482325e+02
-1.307958762508781319e+03,-3.723177863418528659e+02
1.090157633313798442e+02,9.935856636364186443e+02
7.927605207633112059e+02,5.017526896411752659e+02
9.558663667483911013e+02,-1.163965678631682522e+03
2.725582665555488120e+02,-1.273386122504256491e+03
-1.349615032003205215e+03,-1.021255327076028493e+03
1.567295966460944101e+03,3.598589266938783453e+02
-1.375621597668236973e+03,8.416811902769718472e+02
5.110865790353706757e+02,-3.346602541573590202e+02
7.629460320808786946e+02,9.010173658274837862e+02
-1.258944704766900713e+03,-9.905803742000856573e+02
-1.566467860403653503e+03,8.174414718388693473e+02
-1.160295940306075181e+03,1.056866321154735033e+03
-8.054913367916363995e+02,7.745416976039562087e+02
1.431807337722127386e+03,5.849282091046362666e+02
-9.966515620048155597e+02,8.862034488501801661e+02
-9.527444622719589233e+02,-1.093925188631060337e+03
2.173689551023298066e+02,-4.327730529955367160e+02
8.001850393396952654e+01,-6.416857120456970733e+02
-1.510544746770179472e+03,7.128539429645942391e+02
-1.054132100777414962e+03,4.957049117089553079e+02
-8.802233505613781972e+02,-5.738646436399372988e+02
-5.566802745931667005e+02,6.753806406182341107e+02
-6.580040582620674741e+02,-4.705219201702943792e+02
-2.146303480972024147e+02,-2.609661377479110911e+02
9.699964638227493197e+02,6.004381335746976447e+02
1.061518672881266411e+03,1.212159866837096160e+03
1.779299048926523710e+03,3.657157528466754002e+02
-2.434704566100410830e+02,-1.011107354523660433e+03
1.744324845184110700e+03,4.692705938373976551e+02
-8.764151743982923790e+02,-1.113644843503844868e+03
7.994796457472764359e+02,9.404678476034545156e+02
5.603370897488750870e+02,5.998905285141538570e+02
1.311085861647480215e+03,-5.075504687766082839e+02
1.227227040192195545e+03,-7.602011237105143664e+02
6.299264143640605198e+02,-4.920824451142976272e+02
1.024580791636098638e+03,1.218905437079269177e+03
5.490432610146139041e+02,7.783686009135308268e+02
-9.456980943250720202e+02,4.982752587810967952e+02
-1.090904485204137700e+03,3.597639241864042106e+02
-1.520568076867860100e+03,-6.045386048889330368e+02
-1.672144797450861006e+03,-1.997394622061692075e+02
-6.649724001951606169e+02,3.596389796828858039e+02
-1.430902311089143495e+03,6.077126945472438138e+02
-1.711840415821612567e+02,5.099418805182011170e+02
-7.674253810314119164e+02,1.099269540585394452e+03
-9.341474288656585259e+02,-5.648842663903509447e+02
2.533097018314918500e+02,2.399125903727190234e+02
-1.297952796729717647e+03,1.074670073765157063e+01
-2.531783411002950004e+02,1.453719662535187069e+02
-5.664161585909351970e+02,-6.557811268533872635e+02
-7.573379266182049605e+02,-6.326774513107001212e+02
1.503477742502095680e+03,-2.546928266256178404e+02
1.299871041756742613e+02,-2.135618279212505968e+02
1.430655543424994221e+03,6.342343243393811747e+01
1.305716544309099618e+03,3.597364783241763462e+02
-1.131807045643542097e+03,4.930020375634636594e+02
2.850446958391838734e+02,3.104511621730476989e+01
3.817109186821670050e+02,1.734532821803978564e+01
-6.784185803767900325e+02,-3.755063439113146728e+02
1.889887515730837890e+02,3.596726741579535656e+02
5.100078644802000554e+02,-2.038691296072839805e+02
9.228974596752793786e+02,-1.173545662652312330e+03
1.367865637541049637e+03,2.899918049537559739e+01
-4.346681062503342901e+02,1.709148478181296866e+02
-1.561869641491347920e+03,-3.793966847417001418e+02
-1.630529770228744837e+03,3.563561748851051334e+02
1.072565050381246465e+03,5.903398046501714589e+02
-3.746301520762203268e+02,5.128218574756399448e+02
3.490386464535164919e+02,5.105463163491111231e+02
-6.387489623946771644e+02,-1.948331499193938612e+02
-2.453873254364157219e+02,7.961258658642012733e+02
1.632111228624358318e+03,3.421648027238279610e+02
-1.781210428777485959e+03,5.373405945981299681e+01
1.440006924148181952e+03,4.820293499941244590e+02
-2.723396143006251577e+02,-5.538271750496588197e+01
-1.406155629056787120e+03,2.685401107897396855e+02
-1.429333879192326094e+03,6.798307388513376281e+02
-8.697674876101590371e+02,9.636220140039858961e+02
1.389563992133732654e+03,1.019891026106006393e+03
1.416665531993693548e+03,2.690801467166186853e+02
1.788761007181919922e+03,2.652157650418865273e+02
1.625705812070072625e+03,8.050861869530957620e+02
-1.079081388543398589e+03,8.797998174271399421e+02
1.411118713696272176e+00,2.402790346448653622e+02
-1.719303180475670615e+03,-6.795671052672722681e+02
-1.530969231225235035e+03,-9.111890701703315472e+02
-9.636944552211180053e+02,8.879010724989393566e+02
3.223368103066753747e+02,-9.964525001960136024e+02
1.028210914357329102e+03,-2.473125416666828755e+02
-1.073174263943781398e+03,-1.517753993184588808e+02
1.276341899475715309e+03,-5.183891136139060336e+02
1.707549352903135286e+03,-1.864444397824838120e+02
-9.638561042145562396e+02,6.478313158200378439e+02
-7.742878731468999831e+02,-1.207810330715920145e+03
1.059391143718950616e+03,8.750996090941481498e+02
1.369862809064619796e+03,9.186730396850597344e+02
3.344820416430196701e+02,-5.083289888285001012e+01
1.174628609938832824e+03,3.585390259168029274e+02
5.625025385842503738e+02,-6.534735782329445328e+02
-5.192496912888019551e+02,-4.918092655775063804e+01
5.460241771491961060e+01,1.127568763280920621e+03
-4.327179381802993134e+02,1.262962230505948810e+03
-4.691290271901598885e+02,-2.049929436276854346e+02
-2.894247535462330845e+01,5.679381054576364249e+02
3.042371226926318286e+02,5.824527320551665071e+02
-8.401127503574748516e+02,-3.288549179790627619e+01
9.521940843834636325e+02,4.996895599402641324e+02
-5.858998480949840086e+02,-1.240597819186506058e+03
-1.464899503658580443e+03,-4.234511436554846000e+02
1.632336242130901837e+03,2.839293754779977235e+02
-1.927517180979959676e+03,-8.429244815280611647e+02
-1.105031179800723521e+03,-5.290856523957027093e+02
1.560329924941850550e+03,8.731598447678983348e+02
-5.929836401018312699e+02,1.255488715204933669e+03
-1.347900854277461576e+03,3.560756454406261469e+02
4.443580316669100512e+02,8.811856389153311966e+02
5.853730186713689818e+02,1.256687001510666505e+03
1.522452687844189541e+03,-6.318198238022322357e+02
-1.442236773690579867e+03,9.732649264444613380e+01
-9.127134339877108005e+02,-2.846823776934652983e+01
1.523868569722215170e+03,-8.491825422016362381e+02
1.182883154266912840e+02,7.308916773140882697e+02
1.106984649568206805e+03,6.828283967267762478e+01
-1.535300189520269214e+03,1.720655411943556032e+02
-9.538039010952497847e+02,-5.989498215980905798e+02
1.261856172442210891e+03,-4.877076680413442205e+02
-1.853598158588631009e+02,9.930618572557382322e+02
9.093793392259774464e+02,-1.104136441799108297e+03
9.477543841329063525e+02,-3.456328275919510702e+02
1.641683685701023023e+03,-2.210805626931443726e+02
-1.406341795799976126e+03,2.035045352667963243e+02
2.882527747705807997e+01,3.595825202493446113e+02
-1.353469087735001722e+03,2.250214917750984114e+02
1.221653261794416721e+03,-8.259904263333080507e+02
-9.456838641406815213e+02,-3.273169226668090346e+02
-7.963565422848953403e+02,5.014863502105229145e+02
-2.107258383217634332e+02,5.098877693289114177e+02
-1.779253455875511008e+03,5.667308665148950695e+02
1.683162833415966816e+03,7.317986006176707861e+02
-1.451664485564270990e+03,-9.678954249985812339e+02
-3.089920304030655416e+02,-5.476829864608010467e+01
-1.633989347640497726e+03,3.287481073861270033e+02
1.324247699147283811e+03,-1.196325906891032957e+02
9.348865070110952047e+02,8.898947969824328084e+02
1.540823318492263979e+03,1.636770516104411399e+02
-7.185045782971750441e+02,9.028680527401254494e+02
-1.174558610595895288e+03,2.509017004394046353e+02
3.758380530662179808e+00,9.955361179321789677e+02
6.171459063311513660e+01,3.597113677379818455e+02
1.416791196303306151e+03,8.991174188194376029e+02
1.042761158703777483e+03,-1.453174028578010564e+02
-1.598358227645268471e+03,2.106439279092025743e+02
-9.691334255415720236e+02,3.055046943295767505e+02
-9.098309013993912231e+01,-6.827116900244686803e+02
-1.152507374648462701e+03,-5.747954525085002153e+00
1.309838405230754006e+02,9.935919845580098126e+02
1.047161220273102344e+03,4.903904257446993142e+02
9.439064612660827436e+01,-4.893445982969627721e+02
-1.728612434969809783e+03,-1.388458476577207819e+02
1.434210223685959591e+03,-4.654677343159278280e+02
-1.861927031916550504e+03,1.042399570789702466e+03
-1.706257189757253855e+03,9.411213048375677204e+01
1.462198545935349330e+03,-1.460965694632318446e+02
9.784323285380403377e+02,3.595338836023279327e+02
3.729153906761914641e+02,-1.265680147074060187e+03
1.503720185067934153e+03,-2.200120786627561813e+02
1.722829560914917010e+03,6.086606594924511455e+02
1.356011906177776154e+03,4.864448215588927837e+02
9.487120061787386476e+02,1.225567937642249490e+03
1.603764322198535410e+03,4.763306718132556625e+02
-8.135546824518190761e+02,1.636546131464952225e+02
-5.564827670336580923e+02,7.312762115399341383e+02
6.173302617453166476e+02,9.800457134956038772e+02
1.064029571554970516e+03,6.614589429384787991e+02
-1.530751188012741977e+03,1.133866004727110067e+03
-1.786989028262630427e+03,8.153433533703813509e+02
1.304644085459918415e+03,9.194504755680761718e+02
-4.253721701447191208e+02,-6.683315266624606465e+02
5.482708346700428592e+02,6.761446118044935929e+02
7.117488764874207163e+02,8.034770895764805232e+01
1.258455541694016802e+03,3.358243770395169463e+02
5.346683906870149485e+02,5.090828966158898652e+02
1.472810757566395523e+03,1.144414245862169764e+03
-8.109379339889735547e+02,1.238939273347446033e+03
-1.375385529800106042e+03,-2.589148306796416250e+02
-1.618361842630965839e+03,6.627541295191068684e+02
1.358469917174113334e+03,6.866368104272098662e+02
-1.254935824854891052e+03,-1.215900890197295610e+02
-2.009753288554996103e-02,-6.427387173941514220e+02
1.088347589154831894e+03,-1.125230552704247884e+03
1.607687310909910821e+03,7.576653903317624099e+02
-1.734720318760270857e+03,1.924460991004360153e+02
7.386731325112883724e+02,1.244646814256403331e+03
1.778583516833878775e+03,1.257908510144674921e+02
-1.055255023726585250e+03,1.213116932514896916e+03
6.313539971784187088e+01,2.390479098802188673e+01
-1.649240899457675141e+03,7.980428292406320452e+02
-1.525339724441956150e+03,-8.454506409129514850e+02
-1.495975521296686111e+03,3.559065868132942683e+02
-1.265034966029618090e+03,1.041063270061531966e+03
2.580552050574967211e+02,8.546611564536053720e+02
5.778881987577357222e+02,-9.934613212874114652e+02
1.500982279717735310e+03,-6.195573135870455417e+01
-1.025535838890393734e+03,-1.073453430296819988e+03
-3.923121438640619090e+02,-6.708221009975702600e+02
-1.442870197984808556e+03,5.721803947411415265e+02
5.533253124610084797e+02,6.187622033005366120e+02
1.683294807102289951e+03,7.675216671144103202e+02
4.917192610315260026e+02,9.113505932773291534e+02
-1.510805097504320656e+03,6.611545046627857118e+02
-1.738814136584575181e+03,8.332512182221295234e+02
1.043118593079519542e+03,-1.064921379660295770e+03
-1.229264224895091502e+03,-3.568509797844764648e+02
-1.509238109512928304e+03,4.803332346860487405e+02
-6.032112696758933907e+02,9.084770665974272106e+02
-3.485766893776107054e+02,-1.266682818200663633e+03
1.538260928438028941e+03,2.472448562353673083e+02
6.526011983642315499e+02,5.606158923170722801e+02
8.492891396467939558e+02,-1.190554489972697411e+03
-1.654634881708223475e+03,-7.861122710514171885e+00
-5.325796839171282500e+02,9.837190590966652053e+02
-1.738948593037252522e+03,5.558398845169007245e+02
-1.148319635272915093e+03,-3.527471624484431345e+02
-6.251297159190285129e+02,9.075175886557533431e+02
-1.456791654453977117e+03,-1.240480390670939954e+02
-5.555132603656436459e+02,8.917427478520464774e+02
1.564574468119615744e+02,-2.129653966632171773e+02
3.236259654212926762e+02,3.595815870599986397e+02
9.528026387791569505e+02,-1.746389212479925845e+01
1.228463397210433868e+03,-2.436355405244962924e+02
-8.248848791294934699e+02,9.675510500957641398e+02
-5.189168597907516869e+02,-4.655148812011268546e+02
-1.200357914432533562e+03,-1.311749557311476053e+02
1.358437726681740969e+03,6.456385854435562806e+02
1.581169002354645272e+03,8.199455472017114062e+02
2.118942700865706854e+02,1.267819044599733616e+03
-1.256511672282968846e+02,-2.206671260747752399e+02
-3.286622079224012793e+01,1.178953735982573114e+01
4.074791660634441541e+02,-6.285618821134826248e+02
-8.584961815640888290e+02,3.597650002843500943e+02
7.216484114736554822e+00,1.268363672231646206e+03
-3.138838177973874508e+02,5.724859821448700359e+02
7.192814794065217257e+02,3.453995828952160423e+02
-9.455300920794853710e+02,-2.536282781963729249e+01
-1.934742945658741064e+03,1.012598655169315180e+03
-2.531063193069799411e+02,2.182103887326613858e+02
-7.235095411559721015e+02,-5.973636137163193780e+02
-4.215729369797060713e+02,-5.098543335806239440e+01
-1.019570580173605549e+03,-9.030668493985124314e+02
5.104240046452609363e+02,-4.384795730673711205e+02
6.891585181122246695e+01,-1.208648316444403918e+03
5.430973310084982586e+02,1.292088574854813885e+02
-1.178315225655513586e+03,4.912742016053805969e+02
1.643899656732239464e+03,-1.381156951514952311e+02
-2.707160617046604898e+02,4.592917124228981862e+01
1.708585245786302380e+02,1.126782107434544514e+03
-4.273691950089693705e+02,6.503739670835800553e+02
1.125401302666804497e+02,3.139657435894739592e+02
-1.722548083313623010e+03,-2.136191394959539593e+02
6.760950599580994549e+02,9.752298238992476627e+02
-3.964829773695530548e+02,-3.490858065995140009e+02
7.223133810722252974e+02,-1.811445032645344213e+02
-2.549802971936928131e+01,9.955307556239060887e+02
9.693200497824884678e+02,2.681121038889810393e+02
-1.429338898251641012e+03,7.199952415807332500e+02
3.527257000470878552e+02,3.595382706856443065e+02
4.690538418978840696e+02,5.076241097745733555e+02
2.168011432446143090e+02,-2.177462213733497265e+02
2.156065288428110307e+02,-3.527975829953081757e+02
1.149500046260296813e+03,-1.962145531174287783e+02
-8.381797562006206590e+02,-5.809778524297369131e+02
2.261764090629396264e+02,9.179738230018714376e+02
5.113675692380857640e+02,-2.503098340745005146e+02
8.584284200959650661e+02,3.597550051042422865e+02
1.064301240905716213e+03,7.562563821845370740e+02
1.182139365587119499e+02,7.636144995480233320e+02
-1.295454941321319438e+03,8.579756181372803781e+01
-1.705054510344845994e+03,1.504073787819925201e+02
4.801004451772831203e+02,1.262049237121681927e+03
-1.721848760372979086e+03,5.754186934440084542e+02
7.258958524405807111e+02,8.368673443188931742e+02
1.181913996553814883e+02,7.927526650265999706e+02
-5.419562672298072812e+02,-4.869123309546837390e+02
1.123591419449639034e+03,3.596762924095824587e+02
1.491667939365176778e+02,-6.823319158599996399e+02
4.256483276645477076e+02,5.114483033732608419e+02
-2.907702487254951507e+02,1.122901030662094172e+03
2.651553175496970312e+02,5.376334471512088697e+01
6.257987329316976002e+02,-1.163052795606755808e+03
2.254446800818905956e+02,1.125255881719946728e+03
-3.308601071138346583e+02,-6.744738744978428713e+02
-1.094363113738350648e+03,-1.121649603910779661e+03
-1.378272508107243539e+03,-3.064735779718212711e+02
1.471201751116974492e+03,-9.555903532236784486e+02
-1.478426341304803600e+03,1.239898061072713915e+02
-4.346045199749249264e+02,2.717905465477033999e+02
4.838862166371952185e+02,-1.967583036458923118e+02
-1.269210189331486390e+03,-1.056522854323335650e+03
3.052724303607192269e+02,-6.753188303473579026e+02
5.454596654577272830e+02,-4.188120189748340039e+01
3.627661974937378204e+02,-9.919392401349990678e+02
1.494354576380263552e+03,5.998928193722713331e+02
-5.060440261652080380e+02,-4.434462465425880282e+02
-7.906057142219025309e+02,-2.103047650041147847e+02
9.269390148356854979e+02,-2.039565982099041008e+01
-6.524738342347712887e+02,3.428507532789022605e+01
-1.475295215990982740e+02,-1.276942301065664651e+03
3.809305527186663767e+02,-6.712932626260411553e+02
1.568496534868100696e+02,9.180752536862481747e+02
-1.921182348393604400e+02,-1.276518786613851262e+03
-1.168953836644814999e+02,2.400048184764179950e+02
1.785537986136351492e+03,1.818648558963770370e+02
1.503660150994450305e+03,-1.092877871614686285e+02
1.917030957266493260e+03,-4.022018021232935894e+02
9.762499140978723062e+02,7.781073729651320718e+02
-1.487369659512663929e+03,8.879634988906701665e+02
1.911333333333399878e+03,-7.606484848484784607e+02
1.637509817958800568e+03,-3.412077189312328187e+02
-1.700440542121978524e+03,1.768682770982956072e+02
6.106210809436296358e+02,5.627825620121207066e+02
-1.630061108081037219e+03,-3.672434750688652798e+02
-1.317894905483927914e+03,-1.553679384032887754e+02
1.115654769339904078e+03,1.060962584246149163e+03
-1.229135809436090085e+03,-1.073147946942911403e+03
1.422299012106708233e+03,1.253276168981898735e+02
-1.554674556644312133e+03,6.280590749422236740e+02
-1.682551961629385232e+03,-5.894897937045146818e+02
9.993433474169390820e+02,-1.079247488906781427e+03
-1.499192924674955293e+03,-6.078724748981527455e+02
1.467783674065731930e+03,1.001522554244645335e+03
-5.126190806266428126e+02,-1.250396982870939610e+03
5.347711385710780405e+02,-4.762353125659528246e+02
5.463302174932811113e+02,-1.175409493792451940e+03
-2.834894459678893668e+02,-6.762465450746667557e+02
1.578339216280281562e+03,4.769422840521153830e+02
7.926440224397417751e+02,-3.550315914476022385e+02
-1.320122290264983576e+03,3.597125149863514366e+02
3.090970648399645029e+02,3.596553243793635488e+02
-2.980867059442051641e+02,-1.271460441288776110e+03
1.461891707824942841e+03,4.812995086304766232e+02
-1.003770372782268055e+03,-5.511550173175620557e+02
7.256687716238085386e+02,7.016965423569114364e+02
6.433938931597057262e+02,9.065525365919752403e+02
1.716000625285002798e+03,-3.120000998366960516e+02
1.426581299922915377e+03,1.013447405544960588e+03
1.744514423680345544e+03,1.135136890409541337e+02
1.419849759031063059e+03,3.555663216861588580e+02
-7.772432382127742585e+02,1.241827393951566137e+03
-9.816935762583149483e+01,-5.884335884502991831e+01
-1.464971505263375775e+03,8.376005793139396474e+02
1.228464980664860605e+03,-2.074487746649252813e+02
1.064412681574236785e+03,8.401819069961397872e+02
1.148843213165345333e+03,3.597532726902621789e+02
1.528451303919759539e+03,-3.971557998634076512e+02
-3.892801985750007816e+02,2.361927200383475167e+01
5.956399357526200902e+02,-1.896847462551992010e+02
8.067481038433825233e+02,-8.554175067956349494e+02
-8.917336882874656112e+02,-1.181482521336355830e+03
-1.282705703406008979e+03,-1.159998984606828571e+02
7.312709618654129144e+02,-1.215732103514782466e+03
-1.683205769603919862e+03,-5.311687923446563673e+02
-1.429391280480645719e+03,6.508210727954486856e+02
-1.281349634513362616e+03,6.053218460815370463e+02
1.502460531444544813e+03,6.612766736216624395e+02
9.488615151717373237e+02,9.563361780363973139e+02
6.072517232310643749e+02,3.596540796393599635e+02
6.401255740005535699e+02,-6.476565290613557409e+02
5.416812880585459880e+02,-6.175386922758771107e+02
8.461790869939117101e+02,5.737524222380856145e+02
1.192882863418097713e+03,-5.421519934867814072e+02
-1.406240361381851017e+03,2.326156386324603034e+02
-5.238486475347897340e+02,1.259078128662406243e+03
-4.467100959711119117e+02,-1.257804415819267206e+03
-2.906260640672371665e+01,-1.208842877660626300e+03
-2.412972145205495451e+02,1.267366305288368949e+03
-1.196559431159456892e+02,3.520901351008154165e+02
-1.541621454321195415e+03,-6.085383043784456731e+02
1.551997027681495183e+03,9.860295031515400979e+02
1.752841600564011515e+03,9.344256124336474159e+02
1.786520679985628249e+03,3.090372342622171118e+02
-1.538713325624706840e+03,4.823299187677573059e+02
-1.498339059933492081e+03,-2.590573302875317268e+02
1.134758659679908760e+03,-1.034678076907567402e+03
6.691007748391848509e+02,3.595598267189990906e+02
-3.238846511342806025e+02,-2.122523593790242558e+02
1.018398522235462451e+02,5.104686672347264107e+02
1.530758431472448592e+03,8.789403252120349634e+02
1.324269057021890319e+02,-1.222510413169841058e+03
7.451289283596613586e+02,3.598008148927564207e+02
-1.393366188676530328e+03,-3.401498670174677272e+02
1.888043106347024889e+02,9.180953825495683986e+02
1.323523708232861054e+03,-2.737378673934131257e+02
1.079704444045351693e+03,3.738090650600094591e+02
-1.025094325333911456e+03,-1.960119721129579062e+01
8.926927543011304351e+02,5.532651242097887234e+02
-7.317863361683922676e+02,6.504181228993262494e+02
-1.520387809527159334e+03,3.589114693053920746e+02
-1.081759385021781412e+02,7.128497113954550741e+02
8.796637321586645157e+02,1.232343919501375012e+03
-1.502609695260158105e+03,4.349581936205946420e+01
1.495935294731788872e+03,2.509346001902918033e+02
-7.153945916103311902e+02,-1.219639992235309592e+03
1.542205527566653018e+03,8.218587701752345538e+02
1.741456163128372737e+03,2.616147166104699409e+02
-1.273645839353376232e+03,-7.415104556483222495e+02
8.472832968196028105e+02,9.640807763460381921e+02
-1.641443997463174128e+03,-1.724175415549532175e+01
9.374068964612267507e+01,6.015685018553775762e+02
7.157719000975860126e+02,-5.985642971689969727e+02
3.493112308409598086e+02,1.121684732507205354e+03
-1.659288938301076087e+03,-4.944533719466504635e+02
6.809619883208213196e+02,-4.466191196201851881e+02
-4.947377748584352162e+02,9.115672164652778520e+02
2.544514533857926040e+02,9.921893016747915226e+02
-9.438315586448278509e+02,-4.155138460464752370e+02
-1.262557319233000499e+03,1.337698143500907406e+02
1.942622638945474364e+03,4.489686098654512421e+02
1.775488428687233636e+03,9.300612146177061277e+02
4.764966000336169714e+02,-4.456652542944704720e+01
1.258562535573740661e+03,2.582004630925571860e+02
1.746642220468169853e+03,6.413237793282170287e+02
-1.373873514961232786e+03,6.613129728641383736e+02
-1.373693877626158837e+03,7.489887613437750815e+02
-1.290099681066429412e+03,3.598489653235876631e+02
-1.638264046481043010e+02,-6.819136238137584769e+02
-1.956336648615529157e+03,9.896272610429042516e+02
5.244220563967477347e+02,9.108433208802638319e+02
-9.635497869994388793e+02,8.287626670093620760e+02
-1.500295650571432816e+03,-6.840414102837048631e+02
-2.147609700335644902e+02,-4.293300188045554933e+02
5.486142629090818446e+02,7.056217808663061533e+02
1.668636079392639147e+02,-1.206475423554640429e+03
-9.944493398318132904e+02,1.220418634487889221e+03
6.512254396688396696e+01,-5.697540113152626873e+01
-9.498802903542555214e+02,6.045039021249976940e+02
1.675563816479719662e+03,9.659201237949615688e+02
1.709676521802221487e+03,-2.061895302312801803e+01
-1.637053187403003449e+03,-1.716960885705861983e+02
-9.019333666165551904e+02,3.595684514249861081e+02
-4.107676269217985237e+02,3.599511224409915826e+02
1.228786987633407080e+03,9.657254928442233322e+00
1.247408434180579206e+03,3.597070067753278408e+02
-1.665841030285637089e+03,1.101796570337860885e+03
1.170883878965775011e+03,1.051898918737620932e+02
5.195941044515004705e+02,-4.564132538973769329e+02
1.528513005549447428e+02,-5.483612466108566252e+01
1.416497784566585665e+02,-6.408140931998127598e+02
-9.666088600665411832e+02,-5.585163509595174673e+02
1.593258862741452276e+03,5.792022717826719145e+02
-1.173687023849092839e+03,-1.364936355014114326e+02
-3.346028659293334613e+02,1.122208328123747833e+03
-1.147864632415925371e+03,-3.274708163366420308e+02
-1.686173137735056343e+03,-6.796593459177872774e+02
1.786024140322051608e+03,7.113801787768617260e+02
-1.137547940688048584e+03,9.380746518934065534e+02
1.566609327616000428e+03,-2.409229185822616728e+02
6.863966345261252400e+02,-4.036678322529446632e+02
2.458206234672153130e+02,-5.045759088883876302e+02
8.247948871720617490e+02,2.506211612521019561e+02
1.641224108151182691e+03,1.396840603934513467e+02
1.028207012489155659e+03,-2.909018136383058959e+02
-9.889485745802542169e+02,-1.084147933536149139e+03
1.128592429007461391e+02,2.072628447940207366e+02
1.854893885752463518e+02,1.126392664579511802e+03
3.672707100347852816e+02,5.095030077077494184e+02
1.741083138629373934e+03,2.165582247835785950e+02
-2.659729934777566314e+02,-6.708040806254474546e+02
-7.911771671444346339e+02,-3.055279936276385229e+02
-2.981657208657731530e+02,-2.129105373067033042e+02
-7.320602472262294214e+02,7.854246060111546512e+02
-1.769880801590574720e+03,9.296514046337671289e+02
4.292339471649484040e+02,9.887255156308037840e+02
-8.872104208229507094e+02,1.231704980387606611e+03
1.541097074456179826e+03,1.129704588423921678e+03
1.516766729508919298e+03,-9.275492851756788468e+02
1.495536976604767005e+03,-6.437778159637151703e+02
-2.800821886853240699e+02,-2.128715586747561588e+02
1.057008828941561660e+03,3.239929227462059771e+02
-1.652100053454395947e+03,-7.245829942381174078e+02
-1.857805470341753335e+03,8.919632127186092703e+02
1.782679478701473272e+03,4.841233517802889992e+02
-1.779220655018073103e+03,3.129947203212044542e+02
1.688757819690640645e+03,-5.078828184367963559e+02
7.913346962688352733e+02,-2.983400114962722114e+02
-1.682598658079282814e+03,-5.594665349685024012e+02
-7.343674551529135215e+02,8.950959273244527594e+02
-1.452447139394950000e+02,3.600195263064348978e+02
4.444045017650428235e+02,6.725696293531319725e+02
-1.892632655506256754e+02,-2.157284430452835409e+02
2.217481870858922264e+02,-5.355748799884229783e+01
-7.277730773517677498e+00,8.149305638781202177e+00
-1.905257364324468426e+03,6.750024423745157947e+02
-4.274911892523808774e+02,7.490814985130025434e+02
-8.040807860339780291e+02,-4.337529104453470836e+02
-6.925232304589708292e+02,1.104570240381061922e+03
-1.526525061448206770e+03,-6.397910488310815253e+02
5.711497345902625966e+02,9.794275223024859542e+02
-1.163150443991203673e+02,-6.826349819259589822e+02
-3.964687864931426589e+02,-3.091920671653941781e+02
-8.730281407589139917e+02,8.941126926564769519e+02
-5.738791871996706959e+02,-4.960188510676970282e+02
-1.336711013214252716e+03,1.742189486694831402e+01
5.509104142830281035e+02,7.676088196715868150e+01
1.423027541837673198e+03,-3.503598797084340504e+02
1.354167772014115599e+03,6.063392958650050559e+02
-1.394283940722721809e+03,9.035207990072207167e+02
-1.223293582900937054e+03,-1.596122802961543528e+02
-1.534059414441352374e+03,2.805478913274524189e+02
-1.699182132906749757e+03,-3.147613389216929818e+02
1.030877675167662346e+03,-3.562819223097709482e+02
9.078777791674949640e+02,-5.688804453778212746e+02
1.684552162896255140e+03,1.094779402152074454e+03
-1.701525962839797103e+03,9.512299930218126747e+02
-1.780086050585907515e+03,2.688803023844068321e+02
-8.135175751040608247e+02,1.854480252249227590e+02
1.258615226482969319e+03,3.056367226825491912e+02
-1.598786505221005882e+03,3.238559490822161706e+02
-1.782997597225072468e+03,7.616299197407731469e+01
2.363680182968474526e+02,-6.371015190017436680e+02
1.818172396220097653e+02,-6.391079794904289884e+02
5.202416632203406834e+02,1.114826721300282770e+03
1.058577548829094212e+03,1.672309756655359081e+02
1.759492495390102022e+03,1.218799256466173802e+03
1.651809657243193215e+03,-5.806076933751504612e+02
-1.760269158024564149e+03,3.597687315584357748e+02
5.107587036023273868e+02,-4.222248147202728887e+02
6.864017082931397908e+02,-3.020278177594108797e+02
-5.096147622909899724e+02,-1.179450033653697801e+03
-6.194723741583036372e+02,-6.503859776679543074e+02
2.898096072428498360e+01,9.955123361304392802e+02
6.395517646308697977e+02,-1.858444539070811459e+02
-1.595690850886865519e+03,3.600694066583475319e+02
1.930071258907325728e+03,-4.140790326065123139e+01
1.082813123601333928e+03,-6.365673080654232763e+00
1.129160547804969355e+02,2.609612309749565497e+02
-1.266464161340363262e+03,-5.058144938477325354e+02
-6.797204755340021620e+02,1.250344389672813122e+03
-1.082394081445090706e+02,8.555796929445303931e+02
1.712561358401424968e+03,6.554139198121351910e+02
-1.719238331635171789e+03,1.346951331364648752e+02
-1.030058347700110744e+03,-5.835456295838959022e+02
-1.432123805122746489e+03,1.012127548881652388e+03
-1.668883818503270959e+03,-1.314721180576682116e+02
-1.250684571328591346e+03,-1.064249229610413067e+03
9.967661823043214326e+02,-1.499842286600460284e+02
-1.074078446033286582e+03,8.182145970818922933e+02
-1.360139995183926658e+03,4.857688315678691424e+02
-1.763645013863382701e+03,7.212132909362906048e+02
-1.683004004027024848e+03,8.478596089182345850e+02
-1.049919739553454065e+03,-4.167839694927767482e+02
1.262331941938005457e+03,1.041050539277272719e+03
-1.681940929951401586e+03,8.482281460901648984e+01
7.202257461391759534e+02,5.032659081903987044e+02
1.131534124665954124e+02,-1.277002432704767216e+03
2.545747206034767203e+02,1.267058281859625140e+03
1.462295618234149288e+03,-2.150623282318803149e+02
-1.316810336391157762e+03,-9.652579596795542329e+02
-1.641744815560006600e+03,1.484427233244040849e+02
-2.618025863400595767e+02,-6.362299722186982081e+02
1.045071390428708810e+03,-5.799322490168019613e+02
1.210882611774737143e+03,4.905885096772782390e+02
-6.101615552732486094e+02,-1.088699349248145154e+01
-1.384426224507580173e+03,1.021218723337661118e+03
-1.090178234290264783e+02,6.685733097115358987e+02
1.565055453892001651e+03,1.138957691352216415e+02
-2.505903926287458603e+02,5.099664585845159195e+02
1.094843792069337496e+03,3.593858361256948797e+02
-1.675503348897167143e+03,1.671359552325146467e+02
-3.127401513293600601e+02,1.122441907353283796e+03
1.121368553967705111e+03,-1.317976089363835115e+02
-7.715360645560271280e+01,-5.066082053775263603e+02
1.283575847334844639e+03,5.813299801794462383e+02
-1.442058495992550888e+03,8.951846268245463989e+02
-8.292506484359773822e+02,-1.125386462384955848e+03
1.127617619899497612e+02,1.231939682695027898e+02
7.201363398153600883e+02,9.745046680613937724e+02
8.193833949597290029e+02,6.979338803463773502e+02
-4.866119685352038573e+02,1.261737453978682652e+03
-5.099558195529290856e+02,-2.126494962687590942e+02
1.921634489222086813e+03,1.195778819119009995e+03
1.421428489260910737e+03,6.794127759771936326e+02
1.644123715271512083e+03,-1.542871523882199192e+01
1.011299416192690501e+03,3.597136634281073952e+02
-2.518560161422682029e+02,6.246057176704623544e+02
1.258500376518462417e+03,2.327025287505489359e+02
-2.109647924758562567e+02,9.931527597582829685e+02
-1.476918959608377918e+03,3.859125335363945197e+01
-4.905554869137447440e+02,5.074982091777899882e+02
7.522234580509078796e+02,-1.123685030612091396e+02
1.454573845241528929e+01,8.597410932110587822e+00
6.893305346535172475e+02,5.390561522772630809e+01
2.073286729602606044e+02,-6.385643189728561993e+02
5.639682966924386847e+02,5.098467057501005115e+02
6.654431614893742335e+02,5.045638621399108388e+02
-2.869014432488157240e+02,-1.201578583006391000e+03
1.585897702361442953e+03,-1.644555347514278765e+02
-1.496313171137074733e+03,-4.424605371302454273e+02
-1.900749182656441462e+03,7.853540210417241951e+02
-3.309558506206597031e+02,9.166336240374506588e+02
-6.793125157255761906e+02,-3.309385360240929117e+02
1.319849119072687699e+03,5.266765423195321318e+02
-2.292780906187881840e+02,-6.375105514845951120e+02
1.565139428407368541e+03,-2.703661911094089874e+02
-7.913487900989756554e+02,-6.271249615622922420e+02
1.028186685668300925e+03,-2.140647977937828728e+02
-1.686336012223499210e+03,5.488648209026382574e+02
8.409129030295140694e+01,9.947922087562759543e+02
1.414669182837533754e+03,-4.403681379349105782e+02
1.677207305517370969e+03,3.028539379615069151e+02
3.880176180375891590e+02,5.773810029899184428e+02
6.578547677636056505e+02,1.107050109580716025e+03
3.381519267007053600e+02,3.595249755005519319e+02
-1.316932792159647533e+03,-3.357389013053098665e+02
1.414476800124900592e+03,4.831700211819243123e+02
-7.489990775154941502e+02,-1.873874960419584568e+02
-1.196472022973398907e+03,1.194054791207217932e+03
1.007617502798875194e+03,-1.321487614693730528e+01
-1.687981630889077678e+03,5.853098908586604239e+02
1.999488919135178833e+02,-1.205707426400226723e+03
1.040046868144811242e+03,-1.059725880730680281e+01
3.527391559902364406e+02,9.155488386918829065e+02
5.135938976051875215e+02,3.600024962936865904e+02
1.344999669495389526e+03,1.106551561217956561e+02
1.185962080442806581e+02,9.022299589217473113e+02
7.942637911977833483e+02,-1.836043714853692279e+02
9.695115158818609871e+02,3.094304915087270160e+02
-1.677850718932024620e+03,2.135561009125996748e+02
1.199986889173994996e+03,4.906389738570063628e+02
1.122623338612406343e+02,-3.309012181981992171e+02
2.727540176155347922e+02,9.918020432653991065e+02
1.287254646673692378e+03,1.037667063611047979e+03
-1.668783036571525429e+02,9.180457834685954595e+02
1.043675941738916208e+03,1.213986263643818347e+03
-1.705019072308082741e+03,6.868211362145906378e+02
-9.633632247237860611e+02,7.381685203283190049e+02
1.421535813733675695e+03,7.815821772968836285e+02
-1.261603546172958431e+03,1.817603013727197663e+02
2.525355331417048603e+02,1.415988991881890229e+02
-1.453573462206664999e+03,-3.239592992603353423e+02
-7.387352754997926922e+02,5.026521461799388817e+02
-1.709561106856176593e+02,-2.163003591098618017e+02
-1.509626443641855531e+03,-3.000547488477832303e+02
-2.181818181817933677e+01,3.596261577078505525e+02
-1.735022376796862773e+03,2.124796430445526596e+01
1.266887838577478078e+03,-3.900443375243436890e+02
1.725396882419903250e+03,8.374245343138640010e+02
-3.417973990920522169e+02,9.158816358691860842e+02
-1.145023033273564124e+03,-5.195557811556039951e+02
4.512488521112585431e+02,-1.257475734410910036e+03
1.673865517111172494e+03,-1.422155580609548622e+02
-1.596996584383158279e+03,8.141674539273716391e+02
7.305122770065645454e+02,8.955095290876013223e+02
-8.569249620861961603e+02,-6.170462681139860024e+02
-1.873237144113154500e+03,7.628515423703860279e+02
1.518316230122282377e+03,-6.622371665898043602e+02
7.944549882296557826e+02,-2.936518085408703271e+01
1.534111208180837025e+02,1.268256493022170389e+03
-8.774450717291797446e+02,-4.655154318439439294e+02
8.163018318521500305e+02,-5.840815888309006141e+02
-8.848190366013624271e+02,4.097486667125311754e+01
1.529900007353885485e+03,4.781840907049484599e+02
-1.746504217432054702e+03,1.224194939081512075e+03
-9.534053333716864245e+02,1.225439889346133214e+03
-1.439179619819334903e+03,-9.043842741963493381e+02
-1.680100769336516123e+03,-6.219981320876330528e+02
-1.074020865546270670e+03,7.961038225783270263e+02
-5.035166676754391233e+02,-2.656643756321157070e+02
1.063073712104880315e+03,9.443486890601707273e+02
7.657368375778374059e+01,5.104404706578908986e+02
3.422407546186059335e+02,-6.736118002962175524e+02
-1.983223099362883659e+03,8.795985797234011443e+02
-1.312362273162402744e+03,-5.085180821069841386e+02
-2.557212319879584470e+02,7.256111424140623001e+01
2.532250685823877916e+02,3.421360857074151340e+02
-1.296073946035205608e+03,5.726385085763984080e+02
4.001516871261066512e+02,5.095216145928324067e+02
-4.580933101001247110e+02,1.262289727916212996e+03
3.860749070515736321e+02,1.264221069830086890e+03
4.368318811610780017e+02,2.509130836775026125e+02
1.235177924924338868e+03,-7.312109930254785013e+02
-1.753574087054911615e+03,6.561415757111634548e+02
1.084446015157764805e+03,1.209293016220331538e+03
1.149445509072128971e+03,-2.472978267671787194e+02
1.659914085427501959e+03,1.327033141674562842e+02
1.476524350282304340e+03,4.716623011771864782e+01
1.306673654855012501e+03,-1.038844701187819737e+03
-1.456769613001075186e+03,5.564218208667737144e+02
-1.717443645331748712e+03,-9.154696449683962101e+01
-1.081563523110848593e+02,8.034539524479846477e+02
1.584768767714109572e+03,8.700272209462052615e+02
-1.332232226056121135e+03,8.545611033157646261e+02
-6.250245516900948815e+02,2.996338042800144308e+01
-7.321034838428505509e+02,7.127455031803525571e+02
-1.426379266492014949e+03,8.361283125711543107e+02
2.526640260854516953e+02,1.783626735541590449e+02
7.743041422755649137e+02,9.704745478776249001e+02
-1.201860932166655175e+03,9.301762061690136534e+02
-1.269466655651408018e+03,-7.195377860546782358e+02
-7.992502003794922985e+02,-5.874546501065251505e+02
-1.406519981686484016e+03,3.097010087770017321e+02
3.192494935486886334e+02,-8.985031785648586720e+02
1.187157222625473423e+03,-1.015789385308154465e+03
-2.798973873098969420e+02,-1.272855672817198183e+03
4.289731794820569917e+02,5.903861547164338219e+01
-1.779301842179680307e+03,7.521211860220095105e+02
-9.413822448256750022e+02,-1.168446073195680356e+03
3.273059481605592964e+02,5.102230012792109619e+02
1.249950301605458662e+03,8.622827229327524492e+02
-1.068424893568557309e+03,-5.379416918340929215e+02
6.746790428537810840e+02,-6.040348458810151442e+02
-2.870059188266827732e+02,9.173888905766083326e+02
1.183170303010116413e+03,8.090000100122312006e+02
1.632185354196891922e+03,3.093114580312278008e+02
1.315790500375887405e+03,8.557495205995622882e+02
1.636086654551304036e+03,-7.615328196280714792e+02
1.659275434816959887e+03,-5.175420234153637722e+01
2.602055266856396543e+02,6.759828461257372965e+02
-1.729237714406750229e+03,-2.905339652266500252e+02
2.581621329500611637e+02,7.199882032559947902e+02
-1.781292629901025521e+03,2.212036758812893140e+02
1.697171072504407448e+03,6.973157566255254096e+02
1.584142445427952453e+03,1.255455931875429627e+02
-1.853465677455425293e+02,-5.692200518942750875e+01
1.589318493387600711e+03,-3.979091443154565582e+02
1.449924129065055013e+03,-4.274198505392601533e+02
-1.193524497402581801e+03,7.054583194470751550e+02
1.256243731470528701e+03,-8.219292070792602090e+02
-1.545145585335330907e+03,-5.126589530767161023e+02
1.121552406309993557e+03,-5.245072848932024954e+02
-1.170325204812348602e+03,-5.090774291380429695e+00
6.179504926922994628e+02,1.254886581162368884e+03
5.077328915216135101e+02,-6.214308218843905252e+02
4.872504995449236844e+02,5.078562100319888941e+02
-1.172723474153058987e+03,1.173084260563599486e+02
-8.067586448302242843e+02,-3.494089314753347963e+01
3.344191418000822296e+02,9.153973391199021989e+02
1.149201674287075775e+03,1.200127658479268575e+03
8.732972860341057242e+01,9.180359439492642650e+02
-1.345150847397304005e+03,-4.640681970227254283e+02
-2.149268600363145367e+02,-3.563716942519824329e+02
7.462329182366908071e+02,5.042243996708241980e+02
-2.147319513120700378e+02,-2.226004957044491732e+02
-2.458879466567662462e+02,6.541760717508883545e+02
-1.567089960879068485e+03,3.598203240615368372e+02
-1.174845475508093159e+03,3.247402369699030373e+02
-1.980848522884341264e+03,8.689118339140974285e+02
1.502710944350030559e+03,6.272208413560908866e+02
3.416524466078569162e+02,-1.197280995674390851e+03
-1.060297539957624167e+03,-1.063033840845428585e+03
1.229280149960893823e+03,3.598388082976911733e+02
1.706727840468995964e+03,1.961069905473866584e+02
1.718548970189459169e+03,-2.889110475698726077e+02
1.439694722975194964e+03,3.924230116512903521e+01
-9.633959230441918180e+02,7.126868002453060171e+02
-2.447355188954063578e+02,8.813251495219450362e+02
7.708893854396410461e+02,3.519639695854442039e+02
6.619543126885120046e+02,-3.666506567017346185e+01
-3.966392967031550825e+02,-2.724131689363408100e+02
7.192589312555586503e+02,2.832865037553630145e+02
-1.028639665602540390e+03,-1.948206811691999292e+02
1.742882745477348635e+03,3.561070420318041556e+02
7.927868869383845940e+00,5.662411620458036623e+02
-7.552671364189294536e+02,-9.251173185242330419e+02
-2.296622997684924030e+02,-1.275034930541651647e+03
-7.909717879281624846e+02,-4.032580854015114369e+02
-7.385465499718051205e+02,9.731738373784507985e+02
-5.700468970141325826e+02,5.066074006944518260e+02
5.894716901798718567e+01,-5.143219302163528255e+02
1.634755232012096712e+03,9.655798575439005162e+02
-1.054946648771336413e+03,1.702816517381297956e+02
1.784714836683097701e+03,1.525446106361403906e+02
-9.389057066297858682e+02,1.083116552571507100e+03
3.179713096928315395e+02,-9.485476363028177502e+02
-3.965177970075999383e+02,-3.893589947088357235e+02
-4.000600436324020848e+01,3.595736004631114042e+02
-1.367177842939056973e+03,-4.573975613398897622e+02
-1.685190525013231536e+03,5.673886369370682132e+02
-1.633437848153896766e+03,-4.011817555662623818e+02
1.519601766727697623e+03,-6.932486033320097931e+02
-6.744136826852728746e+02,-4.085366358407994767e+02
-9.131260166813101478e+02,4.548634729792907194e+01
-1.683961232893534316e+03,-5.059353520039837804e+02
-4.328455990665013928e+02,-6.262500228533583595e+02
-3.961806388308584133e+02,9.144850494772269940e+02
-7.706498179574621190e+02,-1.852250680772879718e+02
-2.291371362544003318e+02,-5.701585420564924789e+01
-2.858269132752320729e+02,-1.008577643664696666e+03
-1.458414579259193260e+03,-8.151897039713936977e+01
2.153534115231935573e+02,-2.581729333555106223e+02
7.710111860299717819e+02,3.606888355700328361e+02
1.089839886675472826e+03,-4.352731948028583702e+02
-9.082957568858200830e+02,9.606778901181409083e+02
-1.068956860622741488e+03,1.069077646983836075e+03
-1.525921883267134262e+03,-6.826899002987643144e+02
2.073207385467061101e+02,-6.802673276553472306e+02
4.659320891876814130e+02,-6.651059127527222472e+02
1.512913266798902214e+03,4.803678538900986723e+02
-1.525272687587622329e+02,-6.400775716659270529e+02
-6.619424735889144813e+02,9.052821054415906019e+02
-1.510694600274740878e+03,7.461131400748635087e+02
1.497319707612198954e+03,8.853524692666815099e+02
-1.054842842475256930e+03,2.683752174534002961e+02
-1.787737960989771864e+02,1.268080762567518150e+03
-1.147749856076124161e+03,-1.102700898563567762e+03
-1.671881858729302166e+03,-6.644428566102595468e+00
-9.459215992494390548e+02,-2.201008753397726707e+02
-5.456093496833374275e+02,1.113355478965870816e+03
-7.273494986043210702e+02,3.567490894030236745e+02
1.183270858589077505e+02,8.215661242070340222e+02
-1.645538866092176704e+03,-5.132661610277361888e+02
1.104847078839265123e+03,1.206717829684556818e+03
-1.699878494429935017e+03,2.154197989523289323e+02
-8.135204925746128310e+02,2.145425776734228691e+02
-1.327013181698897824e+03,1.173119895916925771e+03
-1.668622534371282200e+03,-4.202374569741798638e+01
1.591222761836169866e+03,-3.488805972298016655e+01
-1.025157313582535181e+02,3.593084745036530308e+02
-3.671888683073294146e+02,-6.320402931060181118e+02
5.641620058939361115e+02,-1.914947775533172774e+02
-3.966902619883518923e+02,-4.660344294692994254e+02
-2.615910403030281941e+02,-6.811763459624634152e+02
5.978845332564336559e+02,9.086051005592778438e+02
2.288332785059736239e+02,3.599733240346677121e+02
-1.499863235640430275e+03,-6.571830183004708203e+01
3.348673210019247222e+02,9.769531966712747817e+00
-1.610936161480771716e+03,6.793768846605148326e+01
1.280076980171164223e+03,4.908805233399452277e+02
1.759883106918678095e+03,1.073604485807526544e+03
-1.606760118910414803e+03,-2.882810914817603276e+01
8.359352358856995124e+02,-1.687482993365630364e+02
1.708909596153359644e+03,1.006464476939582937e+02
-1.443530355237340245e+03,3.596237453908634052e+02
-1.635727996315370319e+03,1.728608636486896160e+02
-4.000766082832249140e+02,5.118287446447826028e+02
-1.778921392617440688e+03,3.507591470808587246e+02
-7.270672060260669696e+02,-1.889993634075449336e+02
-1.636896803649552112e+03,-1.312786976495923170e+02
3.999329774868733693e+02,-4.861468845080005252e+01
1.723484285815673502e+03,-7.322326118173261875e+02
-1.098768669555026918e+03,-5.675784144009768397e+02
-1.051300287456437701e+02,6.329831136563032032e+02
7.014912994108287876e+02,-3.447615667296097541e+01
-1.131452097955450199e+03,-4.113312209802824100e+02
1.353752352041600034e+03,3.245181201062357559e+02
5.490003037185847461e+02,7.381504444202680588e+02
1.855859465404438993e+02,7.961831516061890852e+02
-1.829436660292205943e+03,1.053548845541861510e+03
8.907545364660323912e+02,3.595352714686143827e+02
1.105371314439081516e+03,5.258647925014383873e+02
-1.159804763930385661e+03,-1.028450154117927241e+03
4.944119805652788955e+02,1.116273728707633381e+03
-9.272724894125956325e+02,-2.747572487789325635e+01
1.309397593114850224e+03,1.033704787798845700e+03
-5.744501882503678871e+02,3.597905311846236600e+02
-3.202595525375814418e+02,-1.269653506757570540e+03
7.311875409754421753e+02,-1.144434161230091604e+03
-1.158753131776434202e+03,5.638218553174089038e+02
3.056364324883472818e+02,-1.199626478740331095e+03
4.444023873065998487e+02,6.981287556955719538e+02
-6.983566772413299759e+02,9.026137169345267921e+02
-1.174567212148886711e+03,2.181521086549318227e+02
-1.485439298375677708e+03,1.668044496901529783e+02
3.185147230634348148e+02,-1.270142619884387159e+03
-1.429151249918003714e+03,7.965512241682960166e+02
-1.737323763193160403e+03,9.399614771003156193e+02
1.577408049223582793e+03,-6.966199207087915113e+01
-1.691764093227948706e+03,3.573240925206804945e+02
-1.147501512819920663e+03,-2.654653099348179808e+02
-1.139044763502297883e+03,-5.574665225791763987e+02
-1.739705402195367924e+03,7.743452752020427852e+02
-8.135091986797533536e+02,2.544106095662287998e+02
-1.677869226498861735e+03,3.171216628510023838e+02
1.825591448059888222e+01,1.127688146541730930e+03
-1.818516597665281722e+02,1.126644237905955151e+03
6.841411410644753914e+02,9.044907591191501979e+02
-3.868727316991856355e+02,-4.850896168201074943e+02
6.363262390662711141e+02,3.595039735491790793e+02
1.188807808848693867e+03,9.302877095683089692e+02
-6.396941618930256936e+02,-4.378012744755220353e+01
1.272204054937603956e+02,-9.458731196860744603e+02
1.359939756721973481e+03,8.333716201457958732e+02
7.192861931004232474e+02,1.817720127895340170e+02
-1.777869489626714767e+03,3.915345539951181308e+02
-9.159105557636621597e+02,1.229320038079731603e+03
1.708763602098483261e+03,3.581802749795367049e+02
1.507831192617805982e+03,5.176739808201401161e+01
9.817115976185834825e+01,-5.626334411932661794e+01
4.101073479123830907e+02,3.306696601571646710e+01
-1.691275312299130292e+03,-6.560056962137081200e+02
-5.554020266060181257e+02,7.744769359918092277e+02
-1.029235827085327173e+03,8.827464936501762622e+02
1.735980780649150802e+03,-2.264817196970178941e+02
-3.917370705489290685e+02,-2.130263618907299019e+02
2.685628230521512023e+02,-1.203000627870671678e+03
-1.687772434656141968e+03,2.851997185788906677e+02
7.193101208024720563e+02,1.415012710121893349e+02
-1.778699170246770791e+03,6.027322224704340670e+02
1.156664491268603570e+03,-5.521290404783800341e+02
-1.779222647799371543e+03,5.199379640402713676e+02
-3.935911041829988335e+02,-5.234199781846655242e+01
-1.411343766950740928e+03,4.830847528419218975e+02
-1.062642399605488890e+03,-1.133923766806006597e+03
-1.659687748892841228e+03,1.337029116085622320e+02
1.258613887332732929e+03,2.796525581225281485e+02
-1.513831738371271740e+03,-4.037794974580936014e+02
-5.122890238523121980e+02,-6.207844709775173442e+02
6.526104504003582178e+02,-4.724944186242823321e+02
-1.225216166712312315e+03,-1.304995282702837187e+02
-1.710525386362470954e+03,-7.194206561129758484e+02
1.603600602536482029e+03,1.114968064191651592e+03
3.567059968689409288e+02,9.714980878387574847e+00
-1.509542880248365918e+03,8.238431111496124686e+02
1.214145891202306302e+03,1.190997544699640002e+03
7.661613338876742318e+02,-8.533537532940896426e+02
2.653888293970980499e+02,5.106796686114311683e+02
-3.280835492728452607e+01,9.180854109984337583e+02
-1.775594086885967045e+03,4.942670244663879089e+02
-1.077187284186178204e+03,6.853238627451756315e+01
1.555213158522249387e+03,6.350354806308235567e+01
6.769950308446992722e+02,-1.154526018656425094e+03
-4.347770313466261314e+02,3.138679201843214059e+02
3.491933932406502663e+02,1.265513520581209605e+03
1.001295818241065945e+02,1.126618915406463429e+03
-7.748462222512913513e+02,-1.136832650741395128e+03
7.267194220299655854e+02,6.535890289661784891e+02
-1.222968693790253383e+03,-1.885742722492647090e+02
5.531070040393354930e+02,9.826003776796112561e+02
-1.174438577177244724e+03,-1.094681283575482439e+03
-9.057134021634208239e+02,1.086986865939002200e+03
-1.053905838245441373e+03,8.812075536529076771e+02
5.235162560229847486e+02,-6.601328223941681017e+02
1.423177946743067650e+03,-9.838207786204036438e+02
2.581676498379589475e+02,8.797114651050394514e+02
8.618564610309749696e+02,-5.766178506908535155e+02
2.536723081713262218e+02,3.095847387636347889e+02
-2.360588690049662830e+02,9.925288465593836236e+02
-1.480644460492729195e+03,3.580787421751464876e+02
9.786522470586487543e+02,-1.498880468102036190e+01
-1.324454602457500187e+03,8.402012394778817850e+01
-1.353192582274346478e+03,-9.492370701766183174e+02
1.505848079489019710e+03,1.136852743881661127e+03
-4.896775663909784271e+02,-2.029262310503382878e+02
-1.319550492677933335e+03,-4.725267488005728183e+02
8.045706066906859633e+01,-2.150231251667882475e+02
-1.017862195536364140e+02,1.127572721289082210e+03
1.223184869365000395e+03,-7.403934222196734254e+02
1.986903249117676751e+03,9.124681242521905915e+02
-1.509287779976924867e+03,6.276372541193838970e+02
-1.074351773522110761e+03,8.652278624488276364e+02
1.196416717928892240e+03,1.193272362472102941e+03
-9.161062930290021313e+02,8.916314438497585115e+02
1.654909784814846944e+03,1.102232500410139892e+03
-1.526561776617744727e+03,-6.214263696035187650e+02
1.265707548708338663e+03,7.700137022980177335e+02
1.785855730493831288e+03,3.313056927042010784e+02
-8.134346168362061462e+02,3.020117357770157582e+02
-4.793227311787352960e+02,9.870690611315988008e+02
-5.644203750276218443e+02,6.231394408193710888e+02
1.720399406551101038e+03,1.579974399265382488e+02
1.128300794678993526e+02,1.598720887111903721e+02
1.733712719792433290e+03,-4.194622328466555672e+01
-8.367090728365424468e+01,-5.879223112216509151e+01
-1.592850982673128556e+03,-4.308288936307979355e+01
-1.273414362958917536e+03,-7.710372920190549166e+02
1.598349320503259833e+03,-8.675843234766703063e+02
-4.274794534526908478e+02,7.890367395798825783e+02
-1.185685734490065926e+02,7.924694114032510583e+01
1.811776362732448888e+03,1.057459978230609067e+03
1.785281258088532923e+03,3.885706473213382424e+02
-6.583679863736925881e+02,-1.158134366150640972e+03
-9.053158301310934348e+02,-5.699635893215385067e+02
1.687825840723666261e+03,-4.632447007099418101e+02
1.181758190734167783e+03,1.195498744173638670e+03
1.033775236644515417e+03,-3.886031696749181492e+02
-9.687209641675158309e+02,2.616979019437202396e+02
-8.224119280911941132e+02,1.094090384732849770e+03
1.127472057779255010e+03,1.202763614700157859e+03
1.387611199048881417e+03,-3.227362300316154915e+02
1.248808129715227324e+03,-1.063680685167303864e+03
-7.995881661350986178e+02,-9.419447690053063980e+02
-1.475573620844522566e+03,-4.510045234324830972e+02
-1.397560617587773322e+03,3.584156855149279295e+02
2.290766820130548638e+02,9.923305496339559113e+02
-9.687919739133650410e+02,3.201136539809720603e+02
3.912917606436778897e+02,-4.712189678668507327e+02
-1.909233448565538538e+03,8.136342450050985917e+02
-1.574703570585196985e+03,4.772794496371213882e+02
3.925985922453677972e+02,9.150571248132994242e+02
-5.132589728441250827e+02,1.115231751278024149e+03
-1.562962163866658784e+03,-9.986856882670983282e+01
-1.616989683790832942e+03,-7.627362778669842100e+02
-1.279587110963992245e+03,-3.911050807567506808e+02
1.784440936530843828e+03,7.132367016590085029e+01
5.487924944426908951e+02,1.113019948889412717e+03
3.781058184346064763e+02,-4.936718038603657988e+01
-1.845463430565065664e+03,7.557849137207680315e+02
-5.360408425979578624e+02,3.315470726848078584e+02
-1.012104398548072766e+02,-4.865269509228000402e+02
4.504406628633821015e+02,5.099407246598281631e+02
-1.112526135992102127e+03,5.635516926290016499e+02
-1.651276617035693334e+03,7.673932566021366597e+01
-1.246414815422894890e+03,-3.834354857449100109e+02
-1.618877228333729818e+03,6.249392111728845975e+02
-1.107244652272584062e+01,-5.258592482414953793e+02
8.327118287308625213e+02,1.092770615255098164e+03
-1.145268619732748618e+02,-4.545283865024492229e+02
1.783795563383757212e+02,-6.813343156405238688e+02
1.057049465391478407e+03,2.144659290421836033e+02
1.057067861513488197e+03,2.472370271964481674e+02
-1.080892762760173582e+02,2.400422746697954040e+02
6.468805640910514967e+02,3.207507412332729757e+01
5.055346721594150949e+02,1.261032274552226909e+03
1.736210484616281519e+03,1.797044222653498196e+02
2.357765944125276292e+00,1.232149315470699236e+02
1.703709303077634559e+03,1.612144157219414708e+01
1.651560526650365546e+03,-1.200799544293394320e+03
5.420573391042303228e+02,3.505761468589513470e+02
1.635283356839328690e+03,-3.750790474318363295e+02
-1.379240157489513876e+03,-1.238558329361589813e+03
9.171394170066282641e+02,1.229118693650654905e+03
-1.671587688772568072e+03,1.508340810897373672e+02
6.505877079503286495e+02,9.783119109742458477e+02
1.601183178260681188e+03,1.833556124044860667e+02
-2.906020974605235097e+02,-9.753296109189506069e+02
-5.557701546308525167e+02,8.660555112703976874e+02
-3.490514142529993364e+02,5.102712660496738408e+02
1.877828495118967794e+03,7.792584743982879445e+02
1.534275273425819933e+03,5.796301474787179586e+01
-7.673056600991382084e+02,5.018924363855235242e+02
7.975038638547241590e+02,9.000119171874356425e+02
1.109004698042964492e+03,4.942037278981702002e+02
1.727785611983020772e+03,-1.177528336224099803e+02
-1.085301146244339776e+01,5.105829949866117659e+02
-1.590993145371748824e+03,5.519110500727538238e+02
2.798012485754915133e+02,1.123126117489771104e+03
1.733959611676933719e+03,2.960066701040576831e+01
1.890382686956595080e+03,8.572563258876185728e+02
5.429917488286070011e+02,2.327376096198839548e+02
-1.554558297931553398e+03,6.872768648329557664e+02
-1.150239864197353370e+02,1.307363275045969999e+02
2.154965171897587766e+02,-3.931255174738759024e+02
-1.510541493176092445e+03,6.873877007889230981e+02
1.596464839473521238e+02,-6.402728361692734325e+02
-6.802269862554006750e+02,-4.362547823915999174e+02
1.539330753481704733e+03,4.870396041180362658e+02
1.681653705750413337e+03,6.619096508367263141e+02
-6.988842430655679436e+02,9.758887511412980302e+02
-1.752225928213365023e+03,-2.581697913080467401e+02
-2.438156363589120019e+02,1.124212814466912505e+03
1.049922041237455232e+03,-5.403311479506479600e+02
-1.682012708660609405e+03,-4.447878734032401553e+02
6.876271283718274390e+02,-2.176308303672569480e+02
5.456723849263024704e+02,3.098341944897136955e+02
1.728505172706184339e+03,9.411445851566704732e+02
-1.648220176755192142e+03,7.453447341885104152e+02
-1.279022396251056307e+03,6.470393953147719230e+02
3.444192922271477642e+02,-5.148657504730687151e+02
1.407974088949635188e+03,-7.730092662033980844e+01
9.691072146254604149e+02,1.779350600698985829e+02
9.019180580926538369e+02,-6.086679929335329007e+02
-1.223205307638900877e+03,-2.878065746654173722e+02
-1.593909905273472759e+03,-2.112842690021023770e+02
-6.877097981956942476e+02,-6.025396204234242532e+02
-1.534598325237938752e+03,3.247439863438627867e+02
-4.099916478553382149e+02,6.036357207689702591e+02
-2.376424305933950052e+02,-9.372546762550319954e+02
-5.363278057091090432e+02,1.963713651212054287e+02
-1.716376992419070575e+03,7.790165701319735945e+02
-1.690578942365045805e+03,7.201862177155784366e+02
1.364699958912924558e+03,8.500849346914636726e+02
-1.961731381487487397e+03,8.492466275218033616e+02
-9.460823998995743978e+02,-3.718886335440450353e+02
-2.109548555443232090e+02,-5.662370266444130351e+01
9.723057403170075759e+02,1.266512634504595667e+02
-9.669344435188868374e+02,-2.418300847585627977e+01
-5.105186523160320462e+02,-3.456845124217478542e+02
-8.054875727026385448e+02,6.981126584414447507e+02
1.655914820694835498e+03,-1.792673006047787396e+02
-1.729033092874417889e+03,-2.533278768629762396e+02
9.814776469276611692e+01,-6.411829979188689776e+02
-9.678347755706677162e+02,9.224247717678818503e+01
-4.547472567879596568e+02,-2.054256986059338033e+02
-3.552400215556355545e-01,-5.828713023158177720e+01
1.149426700732423797e+03,-3.019231176530801690e+02
1.784896773758585823e+03,7.379908721992205756e+02
1.042962765844531077e+03,1.070538540333612673e+03
1.416438958971069951e+03,2.293832332088525163e+02
1.174499698190221125e+03,4.920122533338733319e+02
1.831281718461744049e+03,9.092885646615848145e+02
2.874019257992056851e+02,1.266843233440361701e+03
-1.778771220564160330e+03,4.325407978794458472e+02
8.768588911231232714e+02,9.615448841755460307e+02
2.582510580049396935e+02,7.927272727272722932e+02
1.487452196645297818e+03,1.270628831860422423e+02
-1.906701167601366251e+03,-1.154664054755721054e+03
-1.419973006624234699e+02,-1.207344359557756206e+03
-1.241553188794551488e+03,1.567104628261420771e+02
4.368402192837860980e+02,2.109262319531797800e+02
-3.572359528069537760e+02,1.237221592402482351e+01
-1.422305732065288566e+03,3.599205510450988754e+02
-1.990644740162859307e+03,8.888549016122922239e+02
1.687612846827091744e+03,-6.579795708240206977e+02
1.614382578711985161e+03,-3.839824772253805918e+02
1.716192665534195612e+03,7.944695262204995743e+02
-6.801313709204139286e+02,9.039580269878867966e+02
1.055449214778660689e+02,9.184232289942581247e+02
9.089923882207192491e+02,9.598825523465108063e+02
-1.593806622488269340e+03,-1.859003380806201164e+02
-1.225104158334396971e+03,9.877768723378143045e-01
7.912288466056625111e+02,-2.391972679621428313e+02
1.621828807559072629e+03,3.599822870204349670e+02
7.157816600315717324e+02,1.102348323011286539e+03
1.148809067254917181e+03,-1.317733838543344120e+02
-9.684020050984502177e+02,3.551173756310332692e+02
-1.528388530549089239e+02,-2.138959338224728981e+02
1.248811405055351770e+03,-5.256550597428760057e+02
-1.454532274464595048e+03,-4.590435476828000105e+02
1.372697080935075974e+03,-1.238216896855488812e+03
-4.256570139348350494e+02,1.119650757135271533e+03
1.137803120950796028e+03,-5.960395504883887474e-01
-8.014071939378194429e+02,8.905475711117949231e+02
-6.469561950443959404e+02,5.705295285278816664e+02
-1.428496737423994773e+03,-4.685937110964762269e+02
1.162674102153735930e+03,-5.142055815685902189e+02
1.764248248547974754e+03,8.270152830347875579e+02
-1.170133813319733349e+02,-2.795535382926308330e+02
3.598041920331252186e+02,9.905560312393675986e+02
-4.146380650280457303e+02,-6.277439507358196806e+02
1.093714390483039779e+03,5.682787241704197641e+02
4.447344933196588386e+02,8.512789622882274898e+02
-1.156169026428464832e+02,-3.639450168628608822e+02
-1.496484948277607145e+03,-2.296552123062526221e+02
-6.546442404647511637e+01,1.127586862651058482e+03
-2.148222734212064040e+02,-3.099745976813507582e+02
8.884535645791690683e+01,4.232862956900527962e+01
-4.340441593959334341e+02,7.001878857944306844e+01
4.002048896112955845e+02,-2.698491604791816485e+02
-9.632566612090245144e+02,7.709272387374192022e+02
-1.193530580262988451e+03,7.779994435204278034e+02
1.020679547279399344e+03,8.841481408356776228e+02
5.109187507933546044e+02,-4.035634435256411621e+02
-3.925064264515683590e+02,-1.263674539445220262e+03
-1.214341937440816082e+03,3.598344899300900579e+02
4.182106394375609852e+02,1.263199814062870018e+03
1.017281923180925332e+03,-1.148449886754267709e+03
9.299544359777701175e+02,-4.379044651889338411e+02
-1.145193344370206603e+02,2.831395763833440355e+02
-5.552752697272609339e+02,8.360862278523167106e+02
-1.236076935897142221e+03,-8.088829864825354434e+02
-1.094186178054581205e+03,-1.313179891015000678e+01
1.502942367135660788e+03,6.911458434818421210e+02
2.515976999057635339e+02,-5.073384643114257386e+01
1.393206194518750408e+03,-4.799880552348319611e+02
-1.715662897169674125e+03,1.771802358626907647e+01
1.675556872886025076e+03,1.735024487441995120e+02
-7.439088349864960037e+01,9.183954932140369465e+02
1.050785076066661759e+03,4.987647490370111427e+02
-1.689788729924062409e+03,6.122553230969982678e+02
8.117895024995525546e+02,1.238694694521619112e+03
1.735868674938346885e+03,-2.674271334526772126e+00
-1.287414107855398242e+03,1.038179711531715384e+03
-1.531431360539890193e+03,-3.152369465493238181e+02
9.821401069882449519e+02,6.656669281506149218e+02
-1.193526996198547295e+03,7.381116174644131434e+02
1.683981020455811176e+03,-7.171921190947280138e+02
1.595081960017702158e+03,1.400644706456234303e+02
-1.437011087802221027e+03,-4.335902387749854370e+02
-3.684807277249631738e+02,-5.029238468230377066e+02
9.676640931596631390e+02,1.011562298600628367e+02
-1.522912878354038071e+02,-2.219713954530770366e+02
1.544903267845231994e+03,7.967297580308860461e+02
-1.562737816744780446e+02,9.936125256094650240e+02
8.193755091600967262e+02,8.459711222544530074e+02
1.759646172200627916e+03,-2.852136949219956250e+02
1.125261441470316157e+02,-2.605782644987543222e+02
-1.554059034669647190e+03,-2.928184034580951902e+02
-3.922547618972791952e+02,-6.302820246658386623e+02
-1.624474602859369043e+03,1.111143745030488617e+03
-1.196898167901674242e+03,-1.980615144307193987e+00
1.142559439487346708e+03,-3.870350825780120658e+02
-8.398562054005000164e+02,8.967667889752683550e+02
-1.061948043703970598e+03,-1.522046168713979419e+01
-7.023185380410913012e+02,-1.150401488159478276e+03
1.684694303194862414e+03,-5.539971050095476812e+02
7.745931644945110293e+02,5.019925838849727029e+02
-1.373891864809052777e+03,7.929182939098249108e+02
1.124875465887457267e+03,-4.198893155893865128e+02
1.598004410176851877e+02,9.934280805377172783e+02
-1.995035906458925410e+03,9.096138503217943025e+02
-1.151995772178902797e+02,9.106710504500622392e+02
1.306081817182350505e+03,-3.727533702004928955e+02
-1.994904804514875195e+03,9.238131439266887810e+02
2.956414108038680411e+02,-2.060731791280279026e+02
6.924443586828332400e+02,4.274034352685682165e+02
1.836077692051762369e+03,7.440362255453477474e+02
-2.980841215914564373e+02,-6.349208178059594729e+02
1.360216547012875935e+03,7.822918533912785506e+02
-7.960645361001722904e+02,1.097465461784489889e+03
-1.193798393106130334e+03,6.546001512248647032e+02
-1.766344413790504632e+03,1.155702080032659183e+02
-1.799761068527224097e+03,9.209628105004817371e+02
1.538168929169959938e+03,2.959567912279974280e+02
4.444028641393453540e+02,7.272280453721160711e+02
-1.687827913091416576e+03,-2.258264118115247925e+02
5.585595081246972313e+02,-8.291318986971213008e+02
1.123453773282236341e+02,-3.564398353221180287e+02
2.526005206808316359e+02,2.108822988294654692e+02
-4.346584143524405590e+02,2.400203600898659886e+02
-2.723046406988832473e+02,3.598918648208932041e+02
-1.627903715609844085e+03,-2.203977786129185290e+01
3.163972353237427910e+02,9.909564979948783048e+02
-5.034031612364434523e+02,-3.091312184851550455e+02
-1.635527320049515083e+03,6.820753530221525125e+02
1.166521270727961564e+03,5.808441919896056334e+02
-1.633233700263532455e+03,2.613317871086347850e+02
6.735735658330994511e+02,-4.674413246307802865e+02
4.444364093180444115e+02,7.927231717114467529e+02
3.128754470370573699e+02,1.122367222545364484e+03
-1.649777828997265715e+03,6.504246008905167855e+02
1.507152799061093219e+03,1.001735523607842651e+03
-8.657235254493982666e+02,1.233592578055685863e+03
-1.417725559924489062e+03,-8.663101246381653198e+01
-7.060299044432837263e+02,5.032406216713065987e+02
-7.135785917320132512e+02,1.494135858227851088e+02
-1.682022130274691335e+03,-7.579706591689308652e+02
1.295469335464283859e+03,1.796311120942680617e+01
4.649128566766967197e+02,9.119258795565949640e+02
1.603564368756188514e+03,-2.461608724368660148e+02
5.487385810869376428e+02,8.284577141239212779e+02
-6.799826728635609925e+02,-4.211872882662439821e+01
1.004183005103107234e+03,1.218943368995104038e+03
-1.069567995937495425e+03,9.452664894078865245e+02
1.785521870664033486e+03,7.596668334993811413e+02
-1.148528390205708320e+03,-1.626973123206227569e+02
1.629090909090908553e+03,3.558391740835688779e+02
-4.256862225630286503e+02,5.118276224586574017e+02
-1.193667626003335727e+03,8.595458801760196366e+02
7.715210328737003920e+02,-1.207936799252362789e+03
-1.149069666290354235e+03,-3.786945904731826431e+02
-1.279014647612304771e+03,6.981015987623628689e+02
1.601973561112699372e+03,3.419627959155654366e+02
1.785619245475752223e+03,2.109128526309694394e+02
-1.203045314005560840e+03,-1.012414903655158355e+03
-1.317168332627633163e+03,-1.091875828825527606e+02
4.442485777543945460e+02,9.074017907024748411e+02
4.661247921725924357e+02,-1.185379405753200899e+03
-6.468737004063976883e+02,-1.380041623400508932e+01
-5.847894352081460738e+02,1.111704485967298524e+03
-1.302857298876575442e+03,-1.041302594825136566e+03
9.763752611690146068e+02,7.017493463760332588e+02
-1.691662310589976187e+03,-2.954344188250066168e+02
1.246805139401196584e+03,9.241691850498289114e+02
-2.454602494301893216e+02,7.164301857916709650e+02
-1.580969737426225947e+03,9.800789737074931054e+02
9.466095094790641724e+02,-4.130505452430659830e+02
-1.114019388995134477e+03,2.310413997206646002e+02
-1.279003932782586389e+03,7.625680153860366772e+02
-1.678901425450437046e+03,-3.452330949411208962e+02
1.652368494342138547e+03,-3.616151079004377493e+02
3.749431557952786989e+02,-1.194489368092479026e+03
1.064484980425424283e+03,6.224892713860893991e+02
-9.821882620844141911e+02,4.975086237961278925e+02
1.265647845634035775e+03,6.981915733424118571e+02
-5.363352611347638685e+02,2.363540996841474566e+02
-1.782831742612468133e+03,1.775387386684141404e+02
-1.145644519001780282e+02,1.055165908475059524e+02
8.866957712291211919e+02,5.009284364697693377e+02
-2.167784491881587314e+02,-4.635575108076008064e+02
-1.624792473614540086e+03,9.704553686649420570e+02
1.503396481639262902e+03,8.260497507451831325e+02
1.659359449542101174e+03,-9.367087103445018670e+01
-6.148309767764252456e+02,3.595457606100837324e+02
8.150691346326241273e+02,-6.234547922699091487e+02
1.308932782007834930e+03,1.175521499513158005e+03
5.273761575735095448e+02,9.841358208687585147e+02
-1.345528668083829643e+03,1.028052902613245124e+03
8.926597905468364615e+02,-1.621925670507531265e+02
2.905721094137354612e+02,-5.214118499511342861e+02
-1.490480792074236660e+03,-4.129291490451810773e+02
1.226629986117582121e+03,-7.818656488656854435e+02
6.777966553657043960e+02,-6.433683324136038664e+02
-4.648221343876105749e+01,-9.452964426877522328e+02
4.618328731614920457e+02,1.262235109679134894e+03
-2.812241404417860053e+02,-8.898463648041108627e+02
3.349557777027720249e+02,-6.332288480881488795e+02
1.177120877932842177e+03,8.624710309531659505e+02
-4.799039500634262367e+02,3.598054369767477283e+02
-1.830637088200419385e+03,7.854024867960788470e+02
1.065388507723344901e+03,4.957352580908753907e+02
1.126905926149935794e+03,9.383590490387491627e+02
-6.133156755871901851e+02,5.055668691345402408e+02
1.056821289653383019e+03,3.018405393835184327e+02
-1.850896946920484254e+02,5.975701234934136892e+02
1.442483122471627439e+03,1.016939654691420571e+02
-1.318560452001877138e+03,-1.263442437809104320e+02
1.176330156579941558e+03,1.417806211475358680e+02
1.223776154423390381e+03,-5.346486718446723216e+02
1.678031587581379881e+03,7.998266991746074837e+02
-1.504304390710202824e+03,-2.801935818482936043e+02
-1.147567877927129075e+03,-2.981496199535734490e+02
-9.378842770082039806e+02,8.899366123070897174e+02
1.727209027048797452e+03,-1.554983241353284029e+02
-1.365093482852194256e+03,5.855255493015617958e+02
1.344562085178303732e+03,9.094124239744318174e+02
-1.485299766935889011e+03,-8.749484904562658585e+02
-2.452035264919130384e+02,7.381892394575735352e+02
1.600435243297445595e+03,-2.062335699734700825e+02
-1.682509448957672248e+03,-3.958389634510916153e+02
1.181302596012062395e+03,6.211938005590325247e+02
5.476550133637456952e+01,9.952236588165520743e+02
-2.615864910955387472e+02,-2.141380061277213258e+02
-1.362667739192052522e+03,3.559412119822978866e+02
-9.409819784043975233e+01,-2.181811536937195797e+02
1.786053127917177108e+03,3.509056742750207718e+02
6.218252798256232836e+02,3.595160602408249133e+02
-1.302506148687038149e+03,4.882790262397595029e+02
1.265567374827888443e+03,6.322706542717133971e+02
9.476376990598419070e+02,7.492153887705316606e+01
1.190212731798712184e+03,6.220077741211091471e+00
1.227782065336086816e+03,-8.032403467179832433e+02
1.688031490465932620e+03,-4.136623285091208118e+02
1.641164049063914263e+03,8.329163630832950105e+01
-7.316181100757462445e+02,6.832810094907488292e+02
-1.643605680730631775e+03,-3.386088035155502212e+02
-1.168989898994756686e+03,8.708567521207553455e+02
-1.734725561576070731e+03,3.172834356004295842e+02
-1.718104081749838997e+03,7.206437240627664096e+02
-1.729965183432060257e+03,1.558803132540445233e+02
-1.261600561760747269e+03,2.614227485538079918e+02
-1.130061215757161108e+03,1.060849398585947483e+03
1.258144743162764826e+03,1.591571885111600579e+02
-9.687493879561867516e+02,2.874919200866294773e+02
1.261091277979249298e+03,3.575165252314276358e+02
-2.461884549073451183e+02,6.800222462917587336e+02
1.557243677100462037e+03,-9.001343363305187495e+02
-1.054848771456050372e+03,2.216877285997663307e+02
4.368164344483028003e+02,1.708274064309237303e+02
-1.898858042177473408e+03,1.028940424566281990e+03
-1.174579787224251049e+03,1.890900906391973137e+02
1.599451358272604693e+03,1.569010154604176250e+02
4.183766303993024849e+02,1.119741269064771814e+03
1.297580782540437440e+03,8.176218043983701023e+01
1.226355913224087999e+03,-4.981300370202532690e+02
-1.537732525770441271e+03,-3.923159857155833379e+02
-2.509656542003069148e+02,-1.274474287822421502e+03
-1.063025838349419473e+03,9.542710908075274290e+01
8.193425916601963763e+02,7.381479989824761105e+02
1.786418171224134085e+03,6.394694117305367627e+02
-5.746160289538403276e+02,-1.171651549271685553e+03
-1.257132034119963237e+03,3.546623107119398810e+02
-7.336041041616047096e+02,1.101682167082770775e+03
-1.642340030315201375e+03,-5.342572804103225508e+02
1.487322865393740130e+03,4.804978312897641217e+02
1.149123695252008247e+03,-1.591344399201856845e+02
1.010928320423155810e+03,4.971832794175140293e+02
1.260754161882208336e+03,1.646957699779208539e+01
1.712601055520008913e+03,7.367761576245071637e+02
1.608763705662646998e+03,-3.546422429780132575e+02
-3.271127080366985638e+02,9.911534925592004583e+02
5.429601287118839537e+02,1.854051342393677260e+02
1.360378566063301832e+03,7.198896971287359747e+02
8.194871613221257576e+02,8.872204590445384156e+02
1.124479366161474161e+02,-4.188125528131045030e+02
1.323448644164190227e+03,-2.009991568056158258e+02
1.030605730014847495e+03,-3.312051521157007414e+02
1.526801347477434319e+03,-3.102517467501303940e+02
-3.055927199034348405e+02,3.597073378761801337e+02
3.175536585830290619e+02,1.260790937320232160e+03
5.601672805304922349e+02,1.257873406673138106e+03
5.431415547275540803e+02,2.720010135824531972e+02
7.364675581394405981e+02,5.014138638157218679e+02
-4.236931743903786582e+02,9.090187317036104560e+02
-1.732586424717816044e+03,1.082655515661426762e+03
-8.365819786493910897e+02,-4.582281773735091406e+02
-1.174409854469102129e+03,2.872055895838692550e+02
-1.577557385731220620e+03,8.706782410371579317e+02
-4.362446608258171068e+02,-2.072944486034775196e+02
4.359456644405422026e+02,8.306990938765258647e+01
7.773947831511229651e+02,1.241849688882281271e+03
-7.276296931270028381e+02,1.245901884462690759e+03
-2.655947175656059471e+02,9.921082893014967112e+02
-4.275746595854324710e+02,8.319630106543044121e+02
1.758496060225186739e+03,-2.661054493473125149e+02
-7.008751826933023494e+02,-1.904050029387694281e+02
-5.399181150335170969e+02,3.560118735375749566e+02
5.857862601603081885e+02,3.511999326416317331e+02
-1.147096319808894123e+02,2.290909090909088661e+02
-9.125817661308686866e+02,4.987456079040601935e+02
3.719768525630404810e+01,1.253204738385089811e+01
1.189283845771338264e+02,6.908930977028879852e+02
-1.593723898169098675e+03,-1.564678740026139110e+02
-1.375333986921405767e+03,-1.701712414091535948e+02
-7.156545792552825560e+02,-6.383051283716737316e+02
1.305702135871249766e+03,-4.756063197678008692e+02
2.521529947443567892e+02,1.091699525925973404e+02
1.577735781545777854e+03,-3.725665792087416435e+02
1.502808391195129161e+03,7.533376372250685336e+02
1.676690142529734430e+03,3.356062246338274235e+02
-6.000315549400231703e+02,-1.975516034103140441e+02
-3.442938793511933113e+02,-5.186843897349040162e+02
6.944907193512740378e+02,5.036458450109815885e+02
1.509580516147976141e+03,-2.847428305081763824e+02
-2.903296569394144058e+02,-9.447668081786368930e+02
-1.412716640573786435e+03,-9.908905942281760417e+02
-3.419014539647446327e+02,3.595575090995289997e+02
-8.368630811381163426e+01,-1.208731277607804941e+03
5.517388050590162720e+02,8.942811085017219739e+02
-8.542620552945572854e+02,-5.794279059345219594e+02
1.658509671037398675e+03,3.596407729872312871e+02
-1.734350503473496246e+03,1.024633500769031826e+02
1.128921878685373912e+02,8.620684683939936122e+01
1.430553018232262275e+03,-9.076636753425046891e+02
8.004436735234453408e+02,9.687207762173370611e+02
5.738203789703418352e+02,-1.242409965348072092e+03
-1.356633584051448679e+03,-4.939364817026116157e+02
-1.977327128931699235e+03,9.850531267791232040e+02
1.741397096619527701e+03,3.283200901946445924e+02
9.720515979525192733e+02,-5.974943948652911558e+02
1.515644419113048343e+03,-4.333418380709406392e+02
-1.779042167377991063e+03,6.531097385990054818e+02
1.055418011269837962e+03,3.555737552298627406e+02
1.574434109060335231e+03,1.121449961983803405e+03
-1.147092893739185939e+02,1.999524068781273343e+02
1.028078329804420264e+03,-1.748063521557033084e+02
-1.173678604516314863e+03,1.560701357188128782e+02
1.722274988863074441e+03,-7.733923294308789309e+01
9.489298148594720033e+02,-3.897106501229752666e+02
-1.203826348839729462e+03,-1.082397786470531855e+03
-1.348255059310283059e+03,-1.027603356544388760e+02
-1.648209677639997381e+03,6.103874746522412806e+02
1.715515240032858344e+02,-1.276554927288583031e+03
-5.379280376978451841e+02,1.025523191788953454e+02
-8.216015061203656842e+02,5.011251034503908954e+02
6.951563478204442390e+02,3.599029422140655470e+02
7.256700090915971941e+02,7.526569139266385946e+02
7.256920708756628073e+02,7.996293304838668519e+02
-1.428717939834935578e+03,6.287490618337121759e+02
-1.006611018363950166e+03,-7.556897860069865374e+02
1.175886101795063496e+03,1.819406512136728509e+02
1.696206162546921178e+03,-3.338811708839600669e+02
-8.472779607194651135e+02,-1.120396300046898205e+03
-5.035970593820733825e+02,-3.820008508362088264e+02
-1.576299227136742275e+03,1.260052701562085531e+02
-6.021836518670864962e+02,3.298734406272594555e+01
-1.231081360487057282e+03,-5.130205305087396255e+02
1.957034404468862249e+03,8.594692722733299206e+02
1.865897513375184644e+03,1.038987420644138638e+03
-3.962679454309049447e+02,-4.218907802326220349e+02
-1.105830214494760412e+03,1.063355153957419361e+03
-1.214570787312148695e+03,1.049144902693028143e+03
4.723244968878560144e+02,1.117969094481226875e+03
6.116847957048490798e+02,-1.236827638500668854e+03
1.747374315057089461e+03,7.281575006401064911e+02
-1.385203120265951156e+03,1.162725095550929609e+03
-2.944585538937729439e+02,9.918123185883438282e+02
1.578204404291346236e+03,1.235821569734606783e+03
-1.487388342622367190e+03,3.214956948870032534e+02
1.480997725409411487e+03,-8.775723166498305545e+02
8.524363641267009370e+02,8.954106169006329310e+02
-1.743367637172216746e+03,4.691309607878492898e+02
-1.669888488448938006e+03,4.724502234054294831e+02
-8.368006774029956318e+01,3.648853082081462418e+01
-1.123594086528765956e+03,3.596477594867358221e+02
-7.784247735179430947e+02,-5.902181012948816488e+02
-1.074022227398372252e+03,6.798964435954841292e+02
1.882696859252153445e+03,-1.137165310763687785e+03
9.743740173930324318e+02,6.653580461534523920e+02
7.131291838361704549e+02,9.025235718945436929e+02
-1.783330777100881278e+03,1.421523546188504099e+02
-1.598649931318802828e+03,2.396568798630172807e+02
4.252784269078206307e+02,-2.012461613432116110e+02
1.377866182829632407e+03,1.163042486217521855e+03
1.544615965960716267e+03,6.450294479719282208e+02
-3.313338232530234251e+01,-5.890093739041358845e+01
2.754364596680674637e+01,-5.247327462450654139e+02
-1.576742752831031794e+03,-4.008039797963394903e+02
1.056317427247321120e+03,1.221145784690725122e+02
7.885648260380114607e+02,1.097811999275399103e+03
-1.193600079787740242e+03,6.799949748162283640e+02
-2.149951730346600129e+02,-3.966435666369017667e+02
-4.435856504811654304e+02,9.130759385198437030e+02
3.561683758145665593e+02,-5.036864824152272035e+01
-7.617411460459574073e+02,9.001297215276814541e+02
9.474395344428821772e+02,-3.164094786462336515e+02
-1.454943804354562189e+03,4.811539077345264559e+02
1.167320626798740250e+03,1.053652961950395593e+03
-1.456763706091943050e+03,-2.849642236086879166e+02
6.906595799881865787e+02,5.798334483863689002e+02
5.817731857472819001e+02,1.183201457132551468e+03
-9.966104222814233253e+02,-5.900469260532179305e+02
1.257135177114426824e+03,-7.923675364363807603e+02
1.642492521354487963e+03,5.881891783864570016e+02
-1.111634629257652477e+03,-1.452768295605090429e+02
-2.398673246660527241e+02,-8.966046828645193045e+02
1.496677516353769533e+03,1.747201506515373524e+02
-1.840201208802311612e+03,7.296010067818136804e+02
-1.316640363518145250e+03,-2.404472396169338992e+02
9.467093351339809715e+02,-1.642203214581637667e+02
-1.992006115876866261e+03,8.986208119813760504e+02
1.632516752745154008e+03,2.510280604585684330e+02
-8.209025952039206686e+02,8.989028768744810804e+02
4.367569694616577181e+02,1.052564679105499863e+02
1.236336150726414047e+02,5.104378759249766517e+02
1.702812214783880790e+03,9.520392524235594465e+02
1.677815925134333838e+03,2.080166823634551179e+02
1.688657424252920237e+03,-6.308386082668640711e+02
-1.651381161229409145e+03,-5.704408286782904725e+02
-6.143867094138923335e+01,5.848976658310468792e+02
9.476550796442168121e+02,-2.173509999531285644e+02
1.674911682875745782e+03,9.079348403412123503e+01
-6.065582868184181820e+01,2.073542435915917537e+01
6.310873440285298557e+02,2.035650623885966013e+02
-7.910900625458543800e+02,-2.399130709604107494e+02
-6.148682880255933014e+02,-1.165084535564166799e+03
1.963680806772746053e+02,5.099202095487602264e+02
1.719028848961589347e+03,-6.935486627133496995e+02
-6.546846911286295381e+02,-1.229826710525734597e+03
1.684944128499807221e+03,-3.126276412860945015e+02
4.366396477959977460e+02,1.346313081423529070e+02
8.954072794275597289e+02,-2.224803637396111000e+01
2.582514040172120531e+02,8.323710292768720365e+02
3.091024990439787530e+02,-5.127716243718148093e+01
1.786511323502623327e+03,2.873276243627812505e+02
5.855130520381312635e+02,3.608002024779418662e+02
-6.199113091179862067e+01,-1.208911404577887197e+03
-1.686712942571491794e+03,2.518481090840894012e+02
1.169304087761400524e+03,-1.237392096905145138e+02
9.121369922580197453e+02,5.419086664248528251e+01
-1.380576230391174590e+02,-6.825463156642582589e+02
-1.429344288976408961e+03,7.600474180285060584e+02
7.491228843175246084e+02,1.100409141255595387e+03
7.042405622588293390e+00,-1.208797126730771879e+03
1.203724769060239396e+03,3.597438939697181581e+02
-1.718222689695387999e+03,7.419230964522524800e+02
-1.597274400669687566e+03,-2.412538695687036068e+02
1.229141781440380328e+03,4.901583718313622740e+02
-1.782188879127709015e+03,1.068096430467220671e+03
-8.404093412623443555e+02,1.236547369278116776e+03
-8.943237428023627444e+02,-1.110045004920032852e+03
-1.342673129031541066e+03,1.035637692486321555e+02
-9.691481664392432549e+02,3.347759754565764752e+02
6.320193757459484232e+02,-6.084836661594935094e+02
-1.703858980869673360e+03,-1.393234053333929410e+02
6.952706807247750476e+02,1.248942014051669730e+03
4.577715884725132156e+01,-1.276571087411766257e+03
-7.148280852410908892e+02,1.123032457948379061e+02
-8.547263076976906859e+02,8.959492021297988913e+02
-1.733612648794658298e+03,1.745862835278754517e+02
1.027182866621345511e+03,1.209955415680904707e+03
1.058699599378648372e+03,1.484112767678662976e+02
1.127505835248278032e+02,-6.412925131571605561e+02
-1.323537683213338141e+03,-1.033163520904813367e+03
-4.831646062661113774e+02,1.117417138116887600e+03
1.706061870039486394e+03,2.339104031800686414e+02
-1.233908399791821239e+03,-7.779187476452452756e+02
-1.027600860889151591e+02,5.753131878450920311e+01
1.083483328785552885e+03,1.066872871023292191e+03
-7.133618731907720303e+02,2.254859864895830697e+02
1.345538321236709407e+03,1.168913999055472914e+03
-1.162127582123689109e+02,-3.202094895352466892e+02
-1.486677187789974141e+03,1.952557078582913164e+02
-4.690967492221187172e+02,9.123005674497868540e+02
-1.028848412255011453e+03,-3.098407783383566425e+02
7.465558357203784681e+02,-3.213728496371397370e+01
-1.633427869896529046e+03,2.994013987551362561e+02
-1.124691541369292281e+03,1.204151284699635880e+03
1.350806476230931821e+03,-4.939526001505829527e+02
-1.636061757949403045e+03,-2.043488579075280711e+02
5.128210716636815505e+02,-1.178596811110405724e+03
-9.930112174020491693e+02,-2.177566584175751174e+01
1.474301641087658481e+03,-4.497240275410803747e+02
-1.497892530374829448e+03,5.721137650884626282e+02
-1.682807470304727758e+03,-4.798701787601212345e+02
-1.651571985072877169e+03,5.762002001380086540e+02
-1.715462726937631260e+03,-2.767624003696974455e+02
-1.637040772321923214e+03,-8.908249288551421330e+01
1.289456213536787345e+03,-1.021857190122597530e+02
4.201018562983881566e+02,6.035390923818368947e+02
-8.137050792945987041e+02,1.382015004474080513e+02
-1.163021888014964134e+02,-5.842703986774081670e+01
-6.436390253540515687e+02,9.060069698296141496e+02
-1.109127943300187098e+03,3.596885378171052707e+02
1.555016488555379510e+03,-4.046074181928562439e+02
-4.250359378673235824e+02,9.888502061358498167e+02
1.081544816555348689e+03,-1.383988964228672955e+02
-1.025704398712805869e+03,-1.145311709734808801e+03
9.692786573703588147e+02,2.218550116022213956e+02
2.546704679837189644e+01,-6.427564978662254589e+02
4.000883392673639491e+02,-3.236414578347444149e+02
1.544687511653755791e+03,7.016718642511448252e+02
5.456258616570762854e+01,-6.429318782447470539e+02
1.360135562931234517e+03,8.108596861362469781e+02
9.057900737707723238e+02,1.085597197356402603e+03
1.639449593395960164e+03,3.581819641174297431e+02
1.419685841363088457e+03,6.077372920933673868e+02
9.763861937878245953e+02,6.323872439094263882e+02
-3.024692790158039770e+02,1.266751696463910321e+03
-1.497132724632744612e+03,-1.318926811781160211e+02
4.368966547171269212e+02,2.907996895474490202e+02
1.741619197316915006e+03,2.987586792426269540e+02
1.196411087617283556e+03,-5.058719812905409867e+02
1.784799984322912223e+03,4.488438784668993549e+02
3.999637453374940321e+01,-1.208655420870982425e+03
-1.189206762996661155e+03,1.052665006967748468e+03
7.924849552465490206e+02,-1.131990361757973460e+03
2.730584012994301020e+02,-6.770950343208544382e+02
-1.428338596763521537e+03,-3.502668526075802333e+02
-3.965357005805565791e+02,-2.392150644772079318e+02
5.811345223148613286e+02,-1.170240213273325935e+03
-1.222968130294221055e+03,-2.511061727617115196e+02
-6.709118995758899473e+02,-4.583628725651154809e+02
4.218199635981313804e+02,-4.734133526635621791e+01
6.286072224107493867e+02,-3.902574954693901077e+01
-1.593627459985101950e+03,-1.148723230393402019e+02
-9.163524724490405333e+02,-1.709701509576437104e+02
-1.589365850888363866e+03,-7.898094826245894637e+02
-4.110548190267823543e+02,-1.191422720504195695e+03
6.868813423758919043e+02,-4.258609034419058048e+02
1.812787061085399728e+03,7.195967049033882859e+02
6.546038413778367158e+02,1.253656910800645164e+03
1.140947907969502467e+03,1.055384742984100740e+03
-1.734237442816795692e+03,2.432881836093832248e+02
-1.147220793950865243e+02,3.171924242132998870e+02
-1.317007559855346699e+03,-1.971335747038659179e+02
1.746869081641486673e+03,7.714452089575507898e+02
-8.055011813141679795e+02,7.381361220290376650e+02
8.902793979123246118e+02,8.929377783309411143e+02
-5.745156713889458615e+02,9.818715090082724828e+02
1.610588800573064646e+03,7.495851609287373662e+01
1.836752564152791138e+03,7.753156130354798279e+02
4.445413123371025108e+02,8.211121624190449211e+02
-1.375280270596793571e+03,-2.108463567714273665e+02
-1.759269193969239495e+03,1.074266426288659886e+03
1.256362480281696207e+03,-7.350896755651613148e+02
4.435335203079007442e+02,1.262659550265771713e+03
1.747146121323524085e+03,7.525954883231750046e+02
-1.234013063617608168e+03,-7.526687117111005136e+02
7.601458894653362677e+02,5.023446827367433798e+02
-5.414009585627642309e+02,-1.175834585687391154e+03
1.335142659223141209e+03,3.595484639186166760e+02
1.863604223719420588e+03,8.890909876445621194e+02
1.696568739007362865e+03,-7.025688052002336690e+02
-1.632256777779010463e+03,-2.533769223815598082e+02
-2.959561398407375918e+02,2.697592051192548723e+01
-8.614443542757724117e+02,-1.117498015130183830e+03
-1.466729640421316390e+03,1.067277791635840600e+02
1.028199358390760153e+03,-2.727300090759783870e+02
-8.837061782142855009e+02,-3.005851522877884818e+01
1.761161321345551187e+03,4.962808960162998062e+01
-1.104980718697801876e+03,9.415235442499301826e+02
1.973794961842578914e+03,9.724420366100783895e+02
-1.103223383849900074e+03,5.170296597727408283e+01
-9.452774469243965996e+02,-1.775823498953960495e+02
-4.346625016102875065e+02,2.073071341416797679e+02
5.924571036906210111e+02,3.736786509518093169e+01
1.744864893158706991e+03,-3.010299899945640618e+02
-1.147360586607291282e+02,2.181976023371721851e+02
7.637736688834035022e+02,-5.918890020505089069e+02
-1.497569821267754605e+03,-9.698711528172907492e+01
-1.374924509000085891e+03,2.087670895070480270e+01
1.633413626887022474e+03,8.579308932337640954e+02
1.381950038092687009e+03,-2.661845989871248435e+02
1.447594248964847566e+03,1.149556425020375400e+03
1.544544601998312828e+03,7.746916174097866588e+02
-1.486709512995125806e+03,1.142776566520023607e+03
-9.636573300455668232e+02,8.661114065866538567e+02
-9.016856063072648340e+02,-6.087401482385005238e+02
-2.530066916079017858e+02,3.168280019580042222e+02
1.651472836726013384e+03,-5.189927150973394419e+02
-2.452784586915578871e+02,8.360901437334908906e+02
-1.087308354598555525e+03,1.067412771273959834e+03
4.251778675785903943e+02,-6.681164741412482044e+02
1.679245328953897115e+03,3.574935760027204310e+02
1.422214076319002061e+03,6.503637066821296457e+02
1.367299865790892454e+03,-1.011549311129967691e+03
9.198144138910381571e+02,3.597037625986370699e+02
1.692258560509187873e+03,8.448409273855729680e+02
1.784164126409579467e+03,2.399904827138431642e+02
-6.793356217107432258e+02,-2.730929485743579335e+02
4.735667944453739153e+01,5.103935158341257079e+02
-6.682985693960368963e+02,-6.446223025163665170e+02
9.345311852044228544e+02,1.083272492682787970e+03
-6.649960146774252507e+02,9.779295579546673025e+02
5.625473742753171109e+02,-4.921207364664612101e+02
-1.669006147926151471e+03,-1.684324324204397669e+02
1.115657552337052039e+02,3.487784530212645109e+02
1.620873154829047280e+03,6.346665998066567909e+02
-2.525964950274070304e+02,1.045213769220841158e+02
1.083759806972708475e+03,-5.535164532009370078e+02
-1.930972356821968674e+02,-6.806054724444892372e+02
-1.244121827910566935e+02,1.268287563211427823e+03
-1.353370723934534453e+03,1.330961993930722258e+02
3.975997132643276899e+01,9.180976211201959813e+02
1.418250426423985346e+03,1.707545185410140220e+02
1.330494503722924946e+03,1.030261142175428404e+03
1.674941908445989611e+03,-7.972429786337679616e+02
-4.541864792822041750e+02,-6.660761504033081337e+02
1.628958312745178091e+03,1.108056673033462403e+03
-1.147454004785741745e+03,-1.916555244824710655e+02
-1.668855883787680114e+03,-8.519646065505908439e+01
-8.140167421691032814e+02,1.083643781155323751e+02
-1.432037695157172948e+03,3.108501611327958614e+01
-6.416487834840452251e+02,-4.855498507991111410e+02
9.474375440813259956e+02,-2.728138411832289307e+02
-8.881169972109546507e+01,6.050447403900199106e+02
-1.393006490809565094e+03,-9.295485142274255850e+02
1.049234052530443705e+03,-1.136548630643417937e+03
5.092986488574421173e+02,5.080888388495476420e+02
6.320588542357182860e+02,5.063618913469351241e+02
-3.600220148098915729e+02,1.121488461494332114e+03
-1.073975467708554106e+03,7.127250197249180701e+02
1.798771186476051298e+03,9.188733391550042597e+02
3.696485299291940692e+02,-6.317636285495168522e+02
-7.987129326749095526e+02,-1.845014328254152076e+02
-1.380789408148220048e+02,-5.758719842366231489e+01
-1.055047837931859476e+03,3.100255460905153768e+02
1.309108018490445374e+03,-9.674437228476399468e+02
-6.168183793210077681e+01,-5.441136051728583567e+01
-1.668253608196779851e+03,-3.152940679745229886e+02
1.548337464145498188e+03,-3.973408761176580839e+01
8.139041129625638860e+02,-4.453996413635972544e+02
2.157080561423204301e+02,-2.911966753639539434e+02
1.556130815960282234e+03,4.783915987423965248e+02
-7.672885872115191432e+02,-3.729859090325465587e+01
1.588776087570422533e+03,-1.081199045877836085e+02
-1.354280619388254763e+03,2.818405445951983666e+02
4.479113448868991441e+02,-4.611464713791870906e+01
9.081662505883534209e+01,3.600839585629978501e+02
8.136563823637577570e+02,2.504483058741871844e+02
1.245113026879274230e+03,-9.930567681308891679e+02
-9.375257545133513304e+02,5.694845958204660974e+01
1.552374626724159270e+03,5.889417142007323491e+02
-7.054392536234205409e+02,1.248130253633601342e+03
-1.547457319068535298e+03,1.373845124004366198e+02
1.703172154058906926e+03,-7.668035442102866455e+02
1.057079587696490080e+03,3.421316681301670428e+02
1.369656871314532964e+03,-6.927778111282920008e+02
-9.687424402546258762e+02,2.327721942444629235e+02
4.442433004660134088e+02,6.503876322758940205e+02
-2.139104671791489523e+02,9.179388975542182152e+02
-1.235578343979679858e+03,4.895332727690525871e+02
1.785586225788581942e+03,4.142469766159229039e+02
-8.948380915983560726e+02,8.926652705437030590e+02
-2.525112437424945711e+02,9.148695710519226623e+02
-9.859642642382370923e+02,-1.156638378500047338e+03
-1.261576905289524348e+03,3.097009607056272102e+02
1.488589562520045547e+03,-4.126558109672578212e+02
-3.709023256525161401e+02,9.154363657284532110e+02
-3.237059763941393271e+02,5.092650736403594465e+02
-4.143974149689121873e+02,4.364783470980455604e+01
2.195306949563444618e+02,-4.721912332501792093e+02
-1.562771158953326449e+03,-1.492918403805372805e+02
-1.508169036963189228e+03,5.973361368447818904e+02
1.647536055309897620e+03,-7.445802298944312270e+02
-1.665144076841442256e+03,9.606595313191213563e+02
-1.511865146448960331e+03,7.819677741325783700e+02
1.737539302245465706e+03,-1.925096960953804057e+02
1.272684566496930984e+03,1.181568454521412832e+03
-1.187040043278000894e+03,5.932690770377488434e+02
8.210939967223488338e+02,3.534481796236166815e+02
1.566929351951082253e+03,-2.058156181456415084e+02
1.855820851310293449e+02,-2.115988236734202417e+02
-1.074017148182989104e+03,6.398623438625347717e+02
-1.123821541400506476e+03,-1.116882979391213212e+03
-2.654218525043097543e+02,-1.273435132785730502e+03
5.503144914220778219e+02,6.510628028936811234e+02
1.746519329647069753e+03,6.919774139894967675e+02
1.496490410656295808e+03,1.484017053017495584e+02
1.632341709011924195e+03,1.831901886187467312e+02
1.060846777289828964e+02,6.633995103449251474e+01
-8.400642720723978982e+02,-1.790144664974658610e+02
2.540792364278935054e+02,2.720563960467139282e+02
1.581983480812120661e+03,6.749165030594977566e+01
9.495599167111322458e+02,3.598455705438273640e+02
-1.533829614570195645e+03,9.914365886996959034e+02
5.344836848139468657e+02,1.259276649349736090e+03
-8.052029287702046076e+02,-8.902037404441050512e+02
5.781412251356575780e+02,-4.140483928252665180e+01
5.964498830391224828e+02,-4.982834862546923773e+02
-1.381116604881838839e+03,-9.721637675232365439e+01
1.703550610306190492e+03,-2.167061016070440473e+02
-2.356654900969262769e+02,-4.971026542510759896e+02
-1.618603582996978730e+03,7.602378846172317708e+02
-1.261621139527323976e+03,2.181144246900190637e+02
-1.956798936483192620e+03,1.200772262921677793e+03
4.869111247203855442e+02,-1.182911427223846886e+03
-1.491043865546480902e+03,-9.417391554429524376e+02
1.671781589484185815e+03,-4.740945676568447453e+00
-1.611779357916956769e+03,-8.394872206962033943e+02
1.462856333721127612e+03,-2.766216524580334521e+02
8.435378508730573230e+02,1.235849074523783656e+03
-1.545805376115471972e+03,-4.177183957498643281e+02
-1.388279696810380983e+03,-4.500465453125592603e+02
-9.889199359688541335e+02,3.598301703979291233e+02
1.495487101696465515e+03,2.065026765906102071e+02
-4.406912146072100995e+02,3.542005939676358821e+02
1.185042786472203318e+02,8.653210319999892590e+02
-8.260126655023926787e+02,-6.217482672110267004e+02
-1.959837316444332600e+03,-9.443642269836593073e+01
1.670236793612616566e+03,5.673014967449911410e+02
-5.384306186279426356e+02,9.108059116262554653e+02
3.279684646414600735e+01,-5.774870336739798660e+01
-1.461749693926475629e+03,3.597086085734760559e+02
1.372524504738278893e+03,-9.375970090985238130e+02
-1.705510136286867009e+03,6.482014815702897295e+02
-1.563100309169147749e+03,-2.307842106394743666e+02
8.982033695516007583e+02,6.545881138015188299e+02
3.611607163865028269e+02,-8.969159980557388963e+02
6.546798821969001381e+01,9.181784385234008141e+02
1.092069433882866861e+03,8.781437771992675607e+02
-1.271322752274649702e+03,-8.035802693439832183e+02
2.328493688602140423e+02,-1.204548271231942635e+03
-1.232899567254664362e+03,-1.000702401862489410e+03
-4.277931078165660210e+02,8.775232778739514288e+02
-1.029453798450850400e+03,-3.714744579158465285e+02
9.688113489478771498e+02,3.422712542957006576e+02
-8.521626505401026179e+02,5.261658924454050634e+01
9.761985755494465593e+02,8.224163225837573918e+02
1.416820526819807355e+03,1.958725139853060000e+02
1.258398210421524482e+03,1.997841322380765519e+02
-6.216484141527477050e+02,1.253517386427255133e+03
1.496934398050125992e+03,-6.096501807296446032e+02
1.188251491064449255e+02,8.835887362462616466e+02
-1.141754517080765027e+03,-1.035019683804376427e+03
-5.364196870573533715e+02,1.488672149563620337e+02
-9.448216927550870423e+02,9.578664848600654977e+02
2.399275539257492085e+02,5.098904376879467009e+02
-1.752493652994320200e+03,5.975151165174991092e+02
-1.944353487179051172e+03,-4.760491876443568913e+02
-2.530917061979679943e+02,2.796227196823331838e+02
-1.420192486274328303e+03,1.231710414402279810e+02
-1.715403396363024513e+03,-1.788292034280196106e+02
2.536115718956249339e+02,-2.087941609090038924e+02
1.455724884119966418e+03,-3.193345479736314587e+02
-4.801029234366400260e+02,-5.051704867654755304e+01
9.381766022597978463e+02,-6.020652908546298931e+02
7.254311744321635835e+00,9.180051624269972308e+02
1.279808017467163381e+03,3.597338790741706589e+02
-1.498427678321711255e+03,-6.283977988805653467e+02
1.483923262926169855e+03,5.754723488612404481e+02
-7.322722665686711707e+02,8.655786485581368197e+02
-1.223199607975832123e+03,-3.236058503391600993e+02
4.901374497930601137e+02,-1.253306739126737057e+03
9.555943328067252196e+02,-1.091395487514906563e+03
9.762610969646253807e+02,7.381740628253005525e+02
-6.507210702430456877e+02,1.252576039679500809e+03
1.136275824803121623e+03,-1.108395033703089211e+03
-1.635245926217055285e+03,7.047875135870870054e+02
4.545370099901351750e+02,3.596790375400031508e+02
1.350924350752593000e+03,7.206151776539970797e+02
1.459717367822789356e+03,-8.036732207442148024e+01
5.365733288702647314e+02,-1.246995795660592648e+03
-5.600118214783439043e+02,1.257716437526164555e+03
-1.539573461011984818e+03,3.556971844391959507e+02
8.142629650666061707e+02,3.106028132170120557e+02
1.503567777296057784e+03,7.886177798915845187e+02
1.421486404595172417e+03,7.236613721404658008e+02
7.439172422365676312e+02,9.687009555330145076e+02
-8.053826501334260684e+02,8.135200029119806686e+02
5.111217075685871123e+02,-2.986928729894742105e+02
-1.355231239627765035e+03,3.246875379297731001e+02
-8.058760590250296119e+00,-2.176415123429205778e+02
1.228239594715222211e+03,-1.676869616388842985e+02
1.003555060988604168e+03,1.076272844760569114e+03
-3.664181018554985485e+02,5.747078497630016045e+02
1.239899834763292574e+03,1.186531301200167718e+03
-5.538964279722426909e+02,7.134044736804175102e+01
-5.362501792814542796e+02,2.719388195023535104e+02
-1.406639861915518850e+03,1.780639215396780060e+02
1.662539701765143946e+03,-3.285004222213423191e+02
1.687082736440716417e+03,2.591693867869389578e+02
-2.913879343975789880e+02,-9.153906757817466087e+02
-1.011839313954998374e+03,1.075455181132010694e+03
-1.410642134796807113e+03,-4.430053131619214355e+02
2.582358880249760205e+02,7.490790982677625607e+02
-1.661324036628875774e+03,-7.121647587376057800e+02
-3.709103385157804382e+02,9.900963768062121062e+02
-8.180844395726886660e+02,6.039270378057624384e+02
-5.210834003754346213e+02,-9.186412800572097694e+02
-5.986795343244577907e+02,5.846514889190282247e+02
1.134825792065644691e+03,4.946231282803424278e+02
-1.618660405841758120e+03,7.263716624057641411e+02
1.662179511598261570e+03,8.510522875915661416e+02
1.786084399253172251e+03,5.922353468692351726e+02
2.817555895076524763e-02,3.596505809912681570e+02
5.798737103470946295e+02,5.784413013068478904e+02
-1.415111772068693767e+02,1.127105751923765865e+03
1.746004589942123744e+02,5.100996189671793104e+02
8.409122430328434916e+01,1.268378166879540686e+03
-1.645577173812082947e+03,-5.554298262523848280e+02
-1.699438165419337565e+03,3.232585848141899305e+02
-1.146876024726448549e+02,1.781388395642011346e+02
-1.156513167414216014e+03,3.598138387133369633e+02
1.087747502929693155e+03,-1.050705771789243045e+03
-1.258076721995279058e+03,6.471930652589476196e+00
-2.442621394692309877e+02,3.547440611137128599e+02
-7.971496359239691287e+01,3.596616053040816041e+02
1.302418440168404913e+03,4.922327515797066440e+02
4.395333871886751353e+02,6.271629714364730717e+02
9.859021331671882535e+02,4.975747520360935141e+02
-1.620259806032956249e+03,7.981012400918474441e+02
1.327465396559829287e+03,4.875712140820579066e+02
-5.361754118237508919e+02,3.059624232236420767e+02
1.610580287829789540e+03,3.584938091489456156e+02
3.987607469656143877e+01,-6.837415333796625418e+02
1.495508210396289314e+03,3.027831415451280463e+02
1.258897405077310623e+02,9.174056057390262140e+02
1.732495322738366667e+03,5.763388921590479868e+02
4.838850661715407000e+02,3.597850502054833441e+02
1.236566325284759614e+03,-3.633328023127489814e+02
-1.373708076147646807e+03,7.054305218808071913e+02
1.216621118960497370e+03,8.665214462540122895e+02
5.669892655938181178e+02,3.599596845444805240e+02
4.268049366997473157e+02,3.585066438429670370e+02
1.566345951419081985e+03,-1.341035100318402726e+02
2.495142520747590709e+02,8.126236342607667495e+01
3.710306819769696176e+02,9.152232378202176051e+02
2.597426502333266853e+02,6.435093789287971049e+02
1.353643401676044050e+03,2.797774914573071783e+02
-1.599930987217186953e+02,-5.743471750054575153e+01
-1.093803878487934981e+03,-1.051387672958443773e+03
-1.714194511728151156e+03,-4.494733627970741452e+01
-6.358704981691413423e+02,1.108452367950663984e+03
-7.135193023683526690e+02,2.614961252834047514e+02
-7.912353517032261152e+02,-3.676649307422182460e+02
-2.187185455788370447e+01,-6.834275368632502250e+02
1.235171383667278178e+03,-1.197746191996111520e+02
1.467579383554234937e+03,8.368660519307769619e+02
-5.642531898267960742e+02,-4.697155271977945290e+01
-1.081006187727548848e+02,7.563683393906904939e+02
8.192684503384291475e+02,8.108376004481165182e+02
-2.455483009977995721e+02,-6.767440443426730781e+02
-1.014278578458832385e+03,3.597721080957460913e+02
1.527317912147588004e+02,1.126677705843100966e+03
-1.138225423304528704e+03,-9.168518295003774909e+00
-1.286032775148118162e+03,-1.050829266010112860e+03
-1.312967544575462398e+03,1.033376884923599391e+03
-1.028057885156292969e+03,9.496916101051423311e+02
1.057034325759803778e+03,2.759059072484827766e+02
4.372506266482960768e+02,3.319026556417067582e+02
-1.518413517487284480e+03,-4.315977805314629450e+02
1.418860483445402451e+03,8.363297088526471725e+02
-1.734865787477318236e+03,2.142074931033760663e+02
8.868068223450567302e+02,-1.181869051187887180e+03
1.452576742211918372e+03,5.645421052651896616e+02
-2.145551355521164965e+02,1.125255306442728624e+03
1.606857481603729411e+03,8.631832117901983565e+02
-1.177131549149899854e+02,-2.464900473709028574e+02
-1.378954262236207342e+03,-1.007499297969367717e+03
1.715338924080493143e+03,1.078241837317264753e+03
9.667323631165163533e+02,1.080094396753438559e+03
5.379307119967180597e+02,3.104438699017896397e+02
-8.835045327134035915e+02,4.996565518446449232e+02
-9.697095835606347691e+02,1.379818495591642034e+02
-6.821269898228121065e+02,5.011356996592191848e+01
5.448358714322433798e+02,-6.581482378479854560e+02
-1.637784339390648711e+03,-7.395050764674522270e+02
7.908544127795332770e+02,-4.050076860565529273e+02
1.130826352620897524e+03,8.752811261155474085e+02
1.520882444495121717e+03,-6.069343398013437536e+02
1.123257439382715290e+02,-3.854969484839873530e+02
1.601806814836802914e+03,3.067893179514232429e+02
-1.152885132515918656e+02,-4.114412977029545004e+02
1.118077930086759125e+03,-5.624557380708021128e+02
2.659188417233805808e+02,3.598838790325875152e+02
-1.637760042388434840e+03,-6.152171944378137880e+01
1.564792928106244290e+03,5.038880704227959768e+02
1.962410959566060171e+02,9.930172069819916487e+02
7.179994279310780030e+02,-6.373090542161120311e+02
3.019174010304872695e+02,9.916393352953524527e+02
3.929785888429771603e+02,9.895027586105647970e+02
1.590697861326145130e+03,8.591996003231840859e+02
1.189064136412993321e+03,4.913854580533990770e+02
1.677221367900982386e+03,4.728547940212160938e+02
9.200476052468300168e+02,5.001480590804575286e+02
-9.144443231487312005e+02,5.723449266988117188e+02
-9.813190515294536453e+01,-1.207757601888885119e+03
-2.537367049995323498e+01,1.127657617440162994e+03
-2.034871141429944430e+02,3.596985623032384751e+02
1.747512053429257776e+03,7.882390320073346857e+02
-1.532781097509242272e+03,-5.306789707133371792e+01
6.467414570377125074e+02,-1.230793509173769507e+03
-1.633213721024586221e+03,2.119884649705431912e+02
-1.534063758382124661e+03,2.241765607011314785e+02
8.684554288999139544e+02,5.362428681333477698e+01
-1.375651262783587526e+03,-1.417531283862207090e+02
1.126475574425004140e+02,-3.025242209993315328e+02
1.177009095525016619e+03,2.683972957499792074e+02
2.797707298975092272e+02,-5.043576719860476487e+01
1.425651843158761494e+03,1.153956357595782038e+03
-3.083034049359786195e+02,-5.269918180668140621e+02
3.929676547517374274e+02,-2.091843880016182879e+02
3.983153900327538111e+01,-2.161095125999527511e+02
-1.055515910813454184e+03,3.391627621920001161e+02
-9.687210133666735601e+02,2.000310264679644092e+02
-6.624821304108608047e+02,5.044181211936837599e+02
-3.925365702773048611e+02,1.120505855273197312e+03
-1.559400180474932085e+03,-2.632517474560679034e+02
1.328897808931076042e+03,5.725012004173161131e+02
8.095938100775550765e+02,-1.200134384311029862e+03
1.226856543675674857e+03,-3.210114260787680678e+02
8.139452346518171453e+02,1.374753953218187519e+02
-4.657306163655518390e+02,-1.185529986576593501e+03
-1.483589475124327237e+03,4.805638912991908001e+02
-1.616158137511943323e+03,5.838938168748712769e+02
2.581607839801327486e+02,7.016748282704065787e+02
-1.147310180542882989e+02,2.581567896380732350e+02
1.484937431969751742e+03,3.538078016193995268e+02
-8.980659996409599444e+02,-2.951312283808915993e+01
-8.039823651594873581e+02,-1.130191541853101398e+03
-1.673717704718501636e+03,-6.985053444900617023e+02
8.509760812903475653e+02,5.012961718456382982e+02
-3.573608487866375754e+02,1.265580309238148402e+03
-2.298318136856830165e+02,-1.204870441034995338e+03
-1.737428453105061863e+03,3.497589851957964697e+02
-1.814537772270233972e+03,7.103899301092727683e+02
-1.261099791745499715e+03,8.622319344236277630e+02
1.632473061382546348e+03,3.273419884340530075e+02
1.636369479868057169e+03,4.746956215703874591e+02
8.190714303978285216e+02,6.103396625355650258e+02
-5.819202670525384065e+02,9.090089726079535239e+02
-1.498257343129991796e+03,-6.544998373774607217e+02
1.924650460038216124e+03,1.014537275655093595e+03
-3.480268760491052831e+02,-1.196558126997046656e+03
9.785651944442525973e+02,8.851547897731328476e+02
-1.569322638965429860e+03,-8.803670960025187924e+02
-9.179198263670284632e+02,-4.510281471321770255e+02
2.269685243758968625e+02,-1.275290119549742030e+03
-1.054785796684084289e+03,1.254822503021604092e+02
-9.643798407052795483e+02,-1.650313785410722573e+02
-1.062246054692326197e+03,-5.753594374658225661e+02
1.785301279496818779e+03,1.015784037663632375e+02
-1.120313903959938443e+03,-1.072399067719557486e+01
-1.718514714124590910e+03,7.605463616026549971e+02
-6.363094523618833591e+02,9.789728529828689716e+02
5.964599111519790995e+02,5.069131182304193999e+02
-5.818909240231236879e+01,-6.426251188504977563e+02
1.686208848106644609e+03,-2.321054387056171322e+02
2.872487237041290769e+02,9.917757885529656505e+02
-1.558794722409560336e+03,-8.173388223679909288e+02
-1.727390154215858047e+03,-1.074794258272649117e+01
6.877697635100655589e+02,1.104736920185663621e+03
2.509331388634080326e+02,1.124107487284755280e+03
-3.224843005872441495e+02,1.319418622839521049e+01
-1.779203849295083273e+03,5.418400896354822862e+02
7.189422549317176845e+02,1.079101343723939124e+02
1.502920088229991279e+03,7.201175130837133338e+02
4.435931766207642681e+02,-1.187605251401365649e+03
-5.487473947635976401e+02,-6.172810772565405841e+02
-1.622196734904459390e+03,4.744184642719584417e+02
5.109958513596166085e+02,-3.818245990349082035e+02
1.784371210315056487e+03,5.392114643947062405e+02
-1.376346835787993768e+03,-1.191178905125655660e+02
-9.866144766319159771e+02,9.534874871479524927e+02
1.185034206715859426e+02,8.474514490534085098e+02
-1.595980967580015204e+03,1.809619574380508311e+02
2.582236016927940341e+02,7.636479674754127700e+02
6.867249348914244820e+02,-2.691716173858644083e+02
7.192922869263710481e+02,2.290599498439977992e+02
-1.395291513172405530e+03,-4.811978629710290534e+02
-3.527064657435380468e+02,9.157196019607755488e+02
-1.074330176323325531e+03,8.444400625243058585e+02
3.345607602320304750e+02,9.910711654653281357e+02
-1.248593210147750142e+03,9.244359484252709080e+02
2.037291358882149268e+02,1.125299420978187072e+03
-1.594287890315122922e+03,-3.756002924560425527e+02
-9.735525855855429427e+02,1.079637591745373129e+03
-1.406938037434686294e+03,3.404675661098659134e+02
-1.454171870706522441e+03,3.755111861351410596e+01
-8.039023642152652656e+02,3.549173783784094098e+02
-1.147051033210466585e+03,-1.420664913212914939e+02
-1.147481414943622440e+03,-2.299671946473796993e+02
6.864754102186270757e+02,-3.418323554217230935e+02
-7.994687538763502062e+02,-8.430485566143175902e+02
-7.134136066963242229e+02,2.000000000000016485e+02
9.995684181672239674e+02,9.514268675293495789e+02
1.031885951867072208e+03,4.970009000924846987e+02
-1.598998473228343755e+03,2.689667185192270722e+02
-1.571214500893058130e+03,5.744054069739149782e+01
1.472636086190950664e+03,1.033183460967889431e+02
-5.038570389505100025e+02,-4.150753973305338036e+02
-1.193791035016462274e+03,8.217948807044301702e+02
-3.952667442144590950e+02,-4.473832323099780979e+02
2.744846729938022918e+02,6.088098157282663578e+02
1.622906280876953588e+03,6.982369242453064544e+02
-1.045326814270883688e+03,3.585822819346917072e+02
