x,y
1.011431283673299049e+03,5.052112999061503160e+02
1.310597991571554985e+03,-6.205498010308488119e+02
1.878353340130098559e+02,9.591679140073983945e+02
-1.279360656469752485e+03,1.128170881807417771e+02
-2.569012818029339655e+02,-1.480907213605156585e+03
5.696403891744644170e+02,1.684329306633491342e+03
1.972704263715976367e+02,4.808027290032054566e+02
2.133168731791238599e+02,5.892321159319958497e+02
7.269345780730403703e+02,-1.418569255075471347e+03
1.361366796050509265e+03,-5.555974789568919050e+02
9.267900229307985072e+00,-7.979088608575991657e+02
-1.008103445019003061e+03,1.451749416978665749e+03
-1.146908419036587475e+03,-1.079631992502808941e+02
-1.423825585127030763e+03,1.237858845893800208e+03
-1.129315024035178112e+03,-6.070943359312877874e+02
1.278014577610778588e+03,-1.166386076240249622e+03
1.178879013307586092e+03,-3.360934717432467096e+02
-8.012061512901590277e+02,-1.531208377921059764e+03
8.390005824516168786e+02,7.722162646502753205e+02
9.680551900483974350e+02,-1.570575224449398775e+02
-6.241874264664998009e+02,3.563784601321044079e+02
-5.267576552949409461e+02,-8.429883426933623696e+02
8.484911591286285102e+02,1.652863866811703247e+03
-2.310612978228450061e+02,1.295458196222145034e+03
-9.490595474922830590e+02,5.298499625508271720e+02
-3.849232050491853556e+02,-1.198925925234948181e+03
-1.196333513140142259e+03,-5.166194528597811768e+02
3.991965724508619928e+02,-1.622475862925751926e+03
4.377193253249398595e+02,-1.348404608704355496e+03
7.843501411857862422e+02,3.431425487079408754e+01
1.058958678657611699e+03,4.021746500327173521e+02
7.433315696327856585e+02,1.644164647547872164e+03
-1.081354409389444299e+03,-8.855005142480152927e+02
-2.901225085593873700e+02,-8.253843092658163414e+02
-7.368787219348204189e+02,-5.226920105278347819e+02
3.787374436534391293e+02,-1.258004059864129886e+03
4.109098505864547519e+02,-1.366751488514634730e+03
1.397839445311579311e+03,-4.870565901180069091e+02
1.115727983256036623e+03,-1.179724185737276457e+03
3.848423788364465850e+02,-3.173052258308607776e+01
-1.154663775523844151e+03,-6.421000629049375448e+02
8.002422423259750985e+02,8.432051656561884556e+02
-1.032586438652095694e+03,1.583991752405618456e+02
1.034560084081754212e+03,-9.240044858075232241e+02
-9.513675656786299442e+02,8.201970660284819132e+02
-2.035248121769328407e+02,6.717874179801378887e+02
-1.319109021766556452e+03,-7.457943591131320318e+02
8.027091616429368059e+02,-9.717632296318541876e+02
-1.071411257470888586e+03,4.448014377386245144e+01
6.993177594936128116e+02,-1.348767170955111851e+03
-6.545280933399079686e+02,-1.204331971755065979e+03
6.178637464479725168e+02,-1.776330826611355860e+03
1.129923090566666815e+03,5.550359496287554748e+02
1.239258776993163110e+03,-3.480223930090838280e+01
-9.832764241460682797e+02,1.869712127237864649e+02
2.122655287445075771e+02,5.498912625483643524e+02
-1.146292622041253480e+03,-5.434420678634847945e+02
-1.182844998100161774e+03,-3.266009686141630937e+02
7.163404600243540017e+02,-1.338853680911676975e+03
6.518654459812421464e+02,-1.420063479874105269e+03
1.001492873261001137e+03,-4.524324956054167757e+01
1.355550218111520280e+03,-5.076640190512627555e+02
1.309733217669951500e+03,-2.625227195995126408e+02
-1.410000073838703884e+03,9.241409083707608261e+02
-1.270814589679509254e+03,-1.291252643071707666e+02
1.078233225544350802e+02,-3.222241774482888559e+02
-7.912093784786547985e+02,-2.970749368403588164e+02
1.106210534766776618e+03,-9.271943359022246796e+02
-2.842293991145434120e+02,-1.685681838470458388e+03
1.366636979962713895e+03,-6.170627038165847580e+02
-4.532405998780430423e+02,-1.179431843323176508e+03
-1.159982662588957510e+03,-6.835544520491137064e+02
-9.436759104987845603e+02,9.193597325927886459e+02
-1.296281974004438098e+03,-1.148368529590295566e+03
-1.391276750412461283e+01,-1.548333187853156915e+03
9.526094156076795798e+02,-1.002169956278492123e+03
1.032729114029332322e+03,-9.772608768921863884e+02
1.518830115680901827e+02,-4.636465900766179971e+01
1.294584860208716748e+02,-2.980521652784407252e+02
9.552695519530102786e+01,5.436023236604379463e+02
8.363616397711138006e+02,-2.129072134456249898e+01
-1.374430866040642513e+03,-6.860732514914313924e+02
1.009839840973568812e+03,6.910172730397703162e+02
4.490887234174211926e+02,-1.294900240102281487e+03
-1.292250784492545677e+02,-1.706772647449195119e+03
6.239197459112141360e+02,-1.504645879110735677e+03
7.017149551778077239e+02,2.119713216379864491e+02
1.234715235019167949e+03,-5.270622158598229134e+02
7.910643078973956790e+02,-1.319957616750377611e+03
1.042115400845173099e+03,-4.199655816584951253e+02
8.635141843688352310e+02,-1.343457552382229096e+03
-1.055304549734113380e+03,1.039329775839184293e+02
1.159121672479445579e+03,-5.867905668558651087e+02
8.925258174431978659e+02,-7.859768347316871768e+02
1.183919186037279815e+03,-9.587222614711253073e+02
-1.127915640926679316e+03,-1.439246954517368522e+02
3.972820606372385441e+02,-7.810479778703685270e+02
3.170384409234855525e+02,-1.511328678618258209e+03
8.359575704781336754e+02,-1.401189623098504399e+03
-2.925864307009640015e+02,1.600852929467385820e+03
1.173933443814779842e+01,1.309859656427696109e+03
-1.048538341901792364e+03,1.316055213310794443e+02
1.168358831212133737e+03,-1.030301628916421350e+03
4.740651814393459773e+01,1.639209535069206368e+03
3.517630407443926543e+01,5.269801073435825174e+02
1.046040578386697689e+03,2.952117523358365929e+02
9.738216756054707730e+02,-5.637948926894753185e+02
3.034143272366338806e+02,-1.088437577472858948e+03
-6.047347227836014554e+02,-1.459936643189554616e+03
-3.174400045892472804e+02,1.329309871979536183e+03
-7.012987112393731195e+02,-5.636399889657553786e+02
1.235288929318792498e+03,-1.212658812849715332e+03
2.715130362503942933e+02,-9.558507099523985744e+02
3.873980257670193623e+02,-2.690303817437017528e+02
7.084151317545720303e+02,-1.254636974647746683e+03
5.373318467416756050e+01,9.595253281802453103e+02
8.454459021489937243e+01,4.815242567989566282e+02
-1.327614677942347953e+03,2.968742040900432926e+02
1.054936476713322918e+03,-5.907976714710737269e+02
1.164976373864801417e+03,-1.511461806554983411e+02
-8.557409845210806907e+02,-1.828588437259165289e+02
-9.974509049625100943e+02,-1.131635713856882859e+02
-7.634724868796115516e+02,-1.477262337991901632e+03
7.887114338913977463e+02,-6.831470497453800590e+02
2.630965898370183140e+02,-1.624646708743382078e+03
-1.450666865685125913e+03,-4.528199276052859545e+02
-2.425546575035140506e+02,-8.695797774417889059e+02
6.062284192553663615e+02,-1.323585913076032512e+03
1.033964962356294791e+03,-1.447641505322386365e+03
-1.028287242784608452e+03,-2.183763270705444199e+02
5.777887507518430539e+02,-1.293881518474950326e+03
8.773234943065185689e+02,1.429478618438935200e+03
-8.828644872690651937e+02,-2.412162138004600251e+02
2.126825138554893897e+02,-8.513095058644436222e+02
-1.144534292301890446e+03,-2.244215353738576653e+02
-2.442934746164998927e+01,-1.750843148235330318e+03
2.807357551368142481e+02,1.607628208286823792e+03
1.343875504798910924e+03,-4.455517256600256815e+02
9.012108759626279380e+02,5.199436595065994879e+02
3.336524685586807237e+01,-1.485747432441450201e+03
1.019742905256691415e+03,-4.455521745849503077e+02
1.303218941492514887e+03,-4.457118666585989786e+02
3.747131857252112752e+01,1.515738670822191807e+03
-1.221725284308121900e+03,-2.809514152049541167e+02
-1.398603568019573913e+03,-5.207841014149089460e+02
-6.398224821026919926e+02,-1.049631298327809418e+03
1.193933860334031579e+03,-8.726190807036618935e+02
-1.445642996890114489e+02,-3.815303191110292005e+02
-2.129337286975300003e+02,-1.768801789494827744e+03
-9.804918097226450300e+02,7.441765601067457965e+02
-3.332561070839651052e+02,1.304289228137858345e+03
9.435867857128266678e+02,-1.363650761370987084e+03
6.972891657662478337e+02,-2.802191301809189099e+02
8.397317130660096609e+02,-1.434138623297345021e+03
-1.381916245889939773e+03,2.443410898513472596e+00
7.924814098497982968e+02,-1.004665539719988260e+03
-1.326871638530497194e+03,-4.813060269470565089e+01
-9.714313554731490967e+02,3.410227394029266748e+02
2.967072741183978337e+02,4.917140522140986718e+02
5.993779336148868424e+02,-1.441798215255587138e+03
-9.412048298663238484e+02,1.389153145873244284e+03
1.043389822872249169e+03,-1.166759666034387465e+03
-5.752551820715113706e+01,-1.639554685646631015e+03
1.327807809516561974e+03,-3.064757519401757691e+02
9.988527265340678696e+01,-7.824072784863370771e+02
-9.357422085379762393e+02,7.753388100276282557e+02
-2.776776186436316607e+02,6.594750027719626360e+02
8.006575963114002548e+01,-9.160836448373883059e+02
-9.150142569620619497e+02,1.581907365488313189e+03
8.651428100630120070e+02,-9.766334235922066682e+02
-6.641832864838663397e+01,-3.844587897572140491e+02
-1.304010592631203963e+03,-1.052540341639595454e+03
-5.007510936880890426e+02,1.524575514691486887e+03
8.107327413680823156e+02,-1.298065413505308697e+03
-2.759341546005970827e+02,-1.634243145123944487e+03
-1.079516239721886450e+03,-6.487121954343379002e+02
8.038156843655389139e+02,1.895084682516109751e+03
-6.675275557360617995e+02,1.296365635120187335e+03
-9.276536902277416630e+02,4.719214973507691298e+02
-6.398858917677144973e+02,1.235073421596206572e+03
6.790939121283289523e+02,1.231368153799399579e+03
5.177976945877090884e+02,-3.837726233176214805e+02
1.331266915834236670e+03,-9.125513859952437770e+02
-1.243989928060215107e+03,4.903371353338338281e+02
-1.004093915057136769e+03,-5.338112875907071952e+01
-2.408601611999665408e+02,-8.204118915474638243e+02
8.579876918857881662e+01,-1.484564400245074239e+03
-1.209240773643497732e+03,4.212087947053833545e+02
9.481281677530055276e+02,-1.097344051445793639e+03
7.946120880782202676e+02,1.496898665991968073e+03
-1.278860495762157598e+03,-1.118728770247239027e+03
6.286391024211987997e+02,-1.405416074678757695e+03
8.043864227158579752e+02,7.903376048168130410e+02
-5.476432204074333185e+02,-1.315966743335836782e+03
2.929987697149201722e+02,-1.258524526519689061e+03
-1.322301130574074648e+02,-2.260648762599776660e+02
8.800789979758533264e+02,1.073530391120193599e+03
1.031698914260164884e+03,-1.226187802831136651e+03
-1.309304621416926238e+03,-9.200365181294474723e+02
3.644079077519579641e+02,5.393126209576436167e+02
8.659756206038422306e+02,1.723551866028004042e+03
3.523769429360232834e+02,-4.738474782830825802e+02
-1.479566507899062913e+02,-1.342148916224466120e+03
4.335058921084315102e+02,-1.789719538335940115e+03
8.367711316549547291e+02,-1.145721161315675545e+03
-7.542701347954113089e+02,-1.409623400398049171e+03
3.906638926591942322e+02,2.231336414796751555e+01
2.003852840724064777e+02,-1.450563884645410326e+03
9.787348376572331290e+02,-4.088620984213327461e+02
-1.129895806526840033e+03,8.580741835303244613e+01
-5.621461461030103237e+02,-2.810208961441131805e+02
-7.167569203561940867e+02,-1.214499732520588395e+03
1.062429859435691469e+03,6.321883825810360804e+02
-1.252705808267899783e+03,2.555582589475557427e+02
2.435350115547810219e+02,3.805881008246059309e+02
7.741150713397184973e+02,-1.371059256625591615e+03
-4.170361778816821925e+02,-1.415103169273367484e+03
-6.741092233940933376e+00,1.412783128939510561e+03
-6.740927452163656426e+02,-7.709846131025944942e+02
8.794096066312126823e+02,-9.436845434773043735e+02
-9.556600006825686933e+02,-4.489971007821109765e+02
1.126861665640102501e+03,-4.385257042692352769e+01
-8.558333331409698985e+02,1.584379596558808316e+03
1.196747449403711244e+03,-1.006232036112621245e+03
1.923018807901131595e+02,1.416719055186282276e+03
1.095047860796399704e+02,-1.730895793367696797e+03
-1.271908615146962575e+03,-3.277727087670018022e+02
1.038291414058312967e+03,-1.391692376201521881e+02
8.414638837675245213e+02,-1.452653271027404799e+03
1.048426300950031418e+03,-1.345046180293695897e+03
1.255676738495730660e+03,-6.615391778439302470e+02
-9.726195938814792044e+02,1.621007694837117469e+03
-1.121075846901642592e+02,-2.363307062432047871e+02
-8.075174359657599155e+01,1.481333369997352065e+03
1.139934916895043216e+03,6.363200322033817429e+02
1.167365575220610481e+02,-5.799294921934704234e+02
1.045605290869113105e+03,5.608957807330106107e+02
-1.055812232556914552e+02,-1.739253819399524218e+03
1.057976170558696367e+03,-1.432274952752840363e+03
-1.064232892970395824e+03,7.777914452264382135e+02
1.107061062748282893e+03,5.936607218054294890e+02
6.973710765953774171e+02,-1.150582793935016525e+03
-6.971469379470002536e+01,-3.492507654126074499e+02
-3.349588924301052089e+02,-1.927493389200112404e+02
3.064085081870190947e+02,1.010774931886116974e+03
1.574992952679007772e+02,-1.923497348605573620e+02
-1.207089510418308464e+03,-6.870771899103511942e+02
2.137485797667009138e+02,-6.712223646754983974e+02
1.220652223477355165e+03,-6.485551882279986557e+02
-1.104078821458140737e+03,-8.677655659589436254e+01
-8.314137590814439136e+02,1.048477133899517185e+03
1.018881976126569270e+03,-5.448175791048580550e+02
1.235907859188695966e+03,-1.139412574324016987e+03
-7.178423851981032158e+02,-1.126830134519139392e+03
3.528849974691790976e+02,4.153945211824195098e+02
-1.159883940280577235e+03,6.963530090346400812e+02
6.504539818193477458e+02,-1.438263907504957160e+03
1.946679681025242914e+01,-1.534285579611183493e+03
-9.784486065698906714e+02,-2.110203840210209592e+02
-3.801186496092275888e+02,-1.287335658422136476e+03
-9.168803427986157430e+02,7.451913145523257072e+02
-2.326887350970976911e+02,-1.343738741341121113e+03
-5.033247666136123257e+02,1.405506903834818559e+03
1.290762276111988285e+03,-1.698517966148642017e+03
-1.080670611697395771e+03,-1.001493316451847363e+03
2.746016367571250782e+01,-1.363094658212984086e+03
1.112947604418891842e+03,-1.438652364285502699e+03
6.640647429297786175e+02,-1.770539083715018023e+03
-6.735485760901469803e+02,-1.582860084381384695e+03
8.212808012046662043e+02,-1.262956922643622647e+03
-5.551554558517487976e+02,-1.577698869813998044e+03
-9.367451685030160888e+02,-2.465382365126858133e+02
-9.366522018974144430e+02,1.031153337565605455e+01
1.011476863695492966e+03,-7.563440464389128692e+02
1.068433137468754012e+03,-9.176672614362482818e+02
-1.279575828301416550e+03,-4.252762953379333339e+02
7.451754011071802779e+02,1.122187917693303234e+03
4.738230848975571234e+02,8.776912595891043338e+02
2.044573556554116749e+02,-1.625450020736732540e+03
-4.798399373801487968e+02,-1.261112084265691237e+03
-5.794911210100327708e+02,-1.133169807069234594e+03
7.693940781901408172e+02,-1.107827789643758706e+03
1.255165490569251006e+03,-2.829080547937245456e+02
1.048165190293454998e+03,-6.700972354578123031e+02
-4.305672061102856105e+02,-1.594435006964776676e+03
-3.756240669009614521e+02,-7.945911129299133790e+02
-7.895652829980754177e+02,-3.865744497011787075e+02
-2.982921650984131929e+02,-1.458901104567278935e+03
1.598037254333193005e+02,8.080856019177070948e+02
-7.758204256658977727e+01,-1.607027723870202180e+03
4.179543210710469339e+02,1.451012335099127540e+03
-4.393837210085303013e+02,-1.443813166709972165e+03
-3.821878970145225480e+02,8.635422684371696960e+02
-2.945191988918207358e+02,1.344132237475112788e+03
1.096436670521652331e+03,1.745735984525852928e+03
-3.978865522247294848e+02,6.229759103416726020e+02
9.765625150489582893e+02,5.147714901154013205e+02
-3.639902026826357542e+02,-1.121178198337396736e+02
2.080500725002190165e+02,5.200112967941919351e+02
-1.006747909365415012e+03,-1.391483624064129344e+03
8.362259251107320779e+02,-3.520278619393214967e+02
-8.681678307332073246e+02,-4.038946181050463906e+02
-2.247217951075679707e+02,9.266298650006816615e+02
-1.024887574721458577e+03,-5.414551858469416175e+02
-1.342484918198711057e+03,-7.546098052766905084e+02
-1.115184062529505809e+03,-1.166226666978601827e+02
-1.341780456256514526e+03,-1.050740989933390438e+03
-1.454181167673162236e+03,-4.851863604155292364e+02
1.427719827404476291e+03,-6.885851841040130239e+02
6.412830275061035081e+02,-1.152794482059051234e+03
-1.023714919369254375e+02,-8.042635902114772080e+02
-1.292618406013135427e+03,-8.175469533291771995e+02
9.098778547678658697e+02,-8.733281850547780323e+02
-1.166794478661676749e+03,-8.192029034600915338e+02
-1.171239226217996702e+03,3.016595841446354243e+01
1.313337549763618881e+03,-9.692859018950458676e+02
7.451523327237789545e+02,1.543418849795915548e+03
-3.798283980463100988e+02,1.398433679780278453e+03
-1.928398845308979332e+02,-4.592808860724470605e+02
1.189681913496628795e+03,-8.953381612178541218e+02
2.598784936179217198e+02,-3.407752851904093063e+02
-9.046672657138650493e+02,8.882550725058500802e+02
2.720186662722254596e+02,-9.493716067361435762e+01
1.416301312155810592e+03,5.259440708554149069e+02
1.222701591977210683e+03,-3.465940721939139735e+02
-8.617997463892586438e+02,-1.269027446133248418e+02
6.539721255518287535e+02,-9.815985454119473843e+02
9.239168895149173295e+02,3.408840374264136130e+02
1.267969356501933589e+03,-1.242664535568313795e+03
1.223790040151590802e+03,1.103896131471389737e+02
3.653061743285143166e+02,9.879029080566320999e+02
-1.746173967205593272e+02,-1.374191247579370838e+03
8.052457152683448385e+02,-1.724423621713372086e+02
5.486269866604715162e+02,-1.472466095686068002e+03
2.702618866266086570e+02,3.295119670057175654e+02
-7.161491822598195540e+02,-1.468054545427427911e+03
-7.920794206179540424e+02,1.487486164121778984e+03
1.134400898148394390e+03,-1.374085159352040819e+03
7.591392713851251983e+02,1.612196970808954802e+03
4.056743600783996726e+02,5.783556383946099686e+02
-1.398459787383592584e+03,-2.235081311656473986e+02
8.283787286970041350e+02,5.432935960028416957e+02
8.768585485832611539e+02,5.883790655738317810e+02
-1.529958640153349165e+02,1.546866990720008516e+03
-1.035638115263605869e+03,-1.078396498254608787e+03
1.109358794123749931e+03,-1.968703378626160543e+02
5.159038211979751622e+02,-1.455368113255243316e+03
-1.103223499356103275e+03,-1.710735545491870653e+02
7.620226011841355103e+02,-1.288052377835784000e+03
1.152995577687160448e+03,-2.736514376295300508e+02
-4.283911514634457376e+02,-2.646833472800146865e+02
1.187281801142017912e+03,-4.882154406666713840e+02
1.206956469252679426e+03,-3.810475937484913516e+02
2.536975827172402091e+02,4.744963059998741528e+02
3.058671746710669481e+02,6.295037074704519000e+02
-8.165437407969125161e+02,-4.076942655467912004e+02
1.004469274464372290e+02,-2.360297693442195737e+02
-8.892033863808225078e+02,1.459881937045104678e+03
3.528385232165675802e+02,-1.395265858923243741e+03
2.886932976057692031e+02,-1.411247359475341909e+03
3.966086593894489738e+02,-1.495853953323074393e+03
-1.200255179958335702e+03,-3.801880189030347168e+01
1.074509274012283640e+03,-6.336310744826964765e+02
-1.248749304098437960e+03,5.281521117344178720e+02
-1.146451478019819206e+03,-1.828258902258301788e+01
4.242455631902074629e+02,-9.534098690030724583e+02
-8.981405563360293627e+02,1.328986564147376384e+03
1.163592664575786785e+03,4.759816578119134078e+02
9.402165600829774803e+02,-1.060639215442456816e+03
-1.819717570494489962e+02,-8.291920411248203209e+02
1.709993457439667850e+02,-9.540092017427560904e+02
5.126143608452833860e+02,-1.316090850367463190e+03
1.119923723552303727e+03,-1.334449292101864330e+03
-3.694550997282153730e+02,1.527798049589317998e+03
1.011181547891538912e+03,-6.017235384062520325e+02
-2.204814072436823267e+02,-7.483762764702067898e+02
1.128023334661647596e+03,3.896650061557646723e+02
-1.927121094365924421e+02,-3.094683091508557595e+02
-3.215793344756862666e+02,1.481792657578240778e+03
-3.353737766274402929e+02,5.220730109749938492e+02
1.099245266817375978e+03,-4.799482586592619668e+02
-9.856181965465040093e+02,-7.576589572079568597e+02
3.526110431169578874e+02,1.777781592203594528e+03
4.480346705150059279e+02,2.820269010421178564e+02
8.934600056653370075e+02,1.569777465788248719e+03
1.121746485506709632e+03,-1.407200572059164642e+03
-7.206654805387307761e+02,8.520514487431576072e+02
-1.087309089685338677e+03,-1.335176584681549627e+02
3.134733721067956935e+02,-1.367512762826190965e+03
-4.280367915451201952e+02,-2.290300449695953091e+02
-8.756002384586710150e+02,-1.075944852898764914e+01
1.592109325835347988e+02,-1.782444960312726607e+03
1.193420141332564526e+03,-5.643537407832917552e+02
-1.102437196308378134e+03,7.537210332548921770e+02
1.403055142976257912e+02,-9.899292615219166009e+02
1.336907244987598233e+03,-5.301636970923896115e+02
1.098642471054866746e+03,-5.922805027638345337e+02
-1.300744670330410145e+03,-9.622446112282236754e+02
3.424382617488743819e+01,1.392066260090049582e+03
1.150964812317149153e+03,5.059628271408800515e+02
3.078219058367774323e+02,-1.439599143724618898e+03
1.367506288721908049e+03,1.960103537852488671e+03
-6.887389865260356601e+02,1.168472519378822199e+03
1.150065350505862625e+03,-9.998775838758028840e+02
-3.763598913174512006e+01,8.581388951261872080e+02
-1.392927310832037847e+03,-1.873499318955697618e+03
-1.080719348380682732e+03,1.961668413827962468e+03
-9.831274059002718104e+02,-3.695333966862762054e+01
-2.818562130796594261e+02,-6.123768387764667409e+01
8.945642906038021920e+02,-1.474162147892251824e+03
-8.340788883869788606e+02,1.280411907140575750e+03
9.833846701455379389e+02,-1.904116837600242889e+03
1.345377171413592123e+03,-1.104091976295533641e+03
9.988050652845917057e+02,-1.330088682171711298e+03
-6.183772592805461272e+02,5.299649676055882992e+02
5.358622507574834799e+02,-1.194667295456157262e+03
-6.179921094028862854e+02,1.391394517727298989e+03
-1.131802687810928774e+03,-7.320568758492900940e+01
5.116420650631588956e+02,-1.657044033122635255e+03
1.337643189477889507e+02,-1.822847411264002403e+03
-1.772345998192159584e+02,-1.585685060299736278e+03
-3.560572011798732888e+02,-2.033007607631946598e+02
1.082644540557545270e+03,6.122052075897005352e+02
-1.266458676692575864e+03,-1.143016488973867126e+03
8.278029876359333912e+02,9.187087095896806659e+02
7.578832710986188204e+02,-1.566644290860420824e+03
4.461742648002014562e+02,6.018784530771710024e+02
5.542811296083037860e+02,1.445051129079335396e+03
-1.168387980171252138e+03,5.046280292722508989e+02
1.234509626101482809e+03,1.589223852204851255e+02
7.757898073247359605e+01,8.167204943019239636e+02
6.257993550658911772e+02,-1.637829601551003861e+03
1.020634792807741292e+03,-1.207719382113028814e+03
5.129314156962791458e+02,-1.386382655888103955e+03
-1.238768607744058500e+03,-4.220341774765921627e+02
-9.988450139861031403e+02,4.320727549094554547e+02
-1.283013803491729050e+03,-1.571278326561999279e+02
7.450311502827479444e+02,-1.316458170529139579e+03
3.622466804065239216e+02,3.504715001388023552e+02
9.875687304367047545e+02,-1.227754795496475026e+03
1.024554528687385528e+03,-1.022452020465254918e+03
-1.306521186973972590e+03,2.259159005318531399e+02
6.889352998197799707e+02,1.705733666492055136e+03
1.206387135149337155e+03,-1.978909416390732474e+02
3.191171906106742426e+02,-1.610834105036229857e+03
-9.622108712258478818e+02,-1.708167349057541742e+02
7.970292298335069745e+02,-1.626874002961239285e+03
-4.242485980364570537e+02,1.256787146428776396e+03
1.060614035636751623e+03,2.007288763890219911e+02
-7.563102264384060902e+01,-1.271443944200560054e+03
-8.054335545296150656e+01,-1.472131608939876060e+03
7.675731158477441340e+02,-1.257157156293282469e+03
1.097424112915226431e+02,1.737758457002305704e+03
1.400809933210679219e+03,-5.504695162900583227e+02
1.769004287511817211e+02,5.631642938184759259e+02
1.087840582280197168e+03,-1.274044527666089408e+02
-4.517256713071619743e+02,-2.994817897438607588e+02
8.315567000311785932e+02,-1.339179052997838426e+03
-1.944190303259089774e+02,1.582054620364137236e+03
1.111497342127684760e+03,-9.502899442365984441e+02
-9.254575991852905190e+02,-2.956723857311594656e+02
-1.005454301998115398e+03,1.400752769470378496e+02
-1.399202363722477685e+03,-8.294977573119750502e+01
5.619178503691747437e+02,1.507628300468292537e+03
-2.259253132851828525e+02,-1.284596933377711366e+03
-3.265592185588954521e+02,-4.047868432969755759e+02
1.260417855241099687e+03,-7.158363504293917003e+02
1.158646131443109084e+02,-4.996900739173767079e+02
-1.472014635949867341e+02,-1.406649876161510974e+03
8.128501643982383484e+02,-1.362149272832006773e+03
1.306232429240910960e+03,-1.029536930666148237e+03
-1.155641720470008067e+03,-9.461115475647994799e+02
1.191271260234822194e+03,-6.383863324121740561e+02
8.770289624476595236e+02,-2.009272509268322437e+02
-1.295409708821744971e+03,-1.030703285738739936e+02
1.076609721005577740e+03,-7.224852339627786932e+02
-5.950298979465028424e+02,-7.166358220271030177e+02
6.198736360749936694e+02,-1.183096640141434136e+03
-3.977945779454763056e+02,-2.456090856418376234e+02
2.652278397145719069e+01,-9.517075115134167618e+02
3.555096003389377870e+02,-1.635161837174787934e+03
1.040557516154449786e+03,-6.546930612984351683e+02
-1.577253689326320796e+02,-4.961819005558144227e+02
-3.972589006029512575e+02,-1.157140405456294275e+03
-3.881759139827404965e+02,-2.686665072906024534e+02
-1.102880233323131506e+03,-3.216046155344340605e+02
1.276591307742908384e+03,1.855272582062941922e+02
-9.248996285282796634e+02,-8.871517142020313429e+01
-2.327694162715210382e+02,-9.281533406008441034e+01
-1.173187061624668104e+03,-8.936286088343708798e+02
-5.459329430346407435e+02,5.712079038846866297e+02
1.217461434882277672e+03,-3.128861118145838986e+02
-8.054232383280750582e+02,-5.910148440756216814e+02
-3.986505139787860230e+02,-1.462569292147527165e+02
-5.958859198012561365e+02,-8.429412656107706425e+02
3.494548885236655451e+02,-4.077879341446835042e+02
-1.227499395562519339e+03,3.742576923611146640e+02
-2.736574774929569571e+02,1.212599677977989813e+03
-4.248199327323794705e+02,1.424471180397847093e+03
1.159761259624910053e+03,-4.316846025220640399e+02
-8.579846396403779636e+02,-3.603552846055091550e+02
1.156890045748058128e+03,6.112763338068815528e+02
1.897099205833660562e+02,-9.201853452290470159e+02
9.455113984540168985e+02,8.290751420023315177e+02
-1.366995418426061633e+03,-4.346692442139992067e+02
-6.818260606659591758e+02,-1.419928361468429557e+03
1.003730091652222427e+03,-1.541700180696232565e+03
-8.907957948739775134e+01,8.675670981294960029e+02
-6.077953687759752484e+02,-1.562788982246578371e+03
-4.514404610394880137e+02,-1.008032008792584747e+03
9.605443176284649098e+02,-8.588374464643139845e+02
-4.377176450664486538e+02,-1.289180866653721523e+03
-4.320414092104784345e+02,-9.244528991303184284e+02
4.445067118050620252e+02,3.936268512695007757e+02
-2.799557609684474073e+02,-1.769079638435430979e+03
-4.841343432536166915e+02,7.656782100345817526e+02
-2.767959390772978736e+02,9.841576933833625844e+02
1.218805147514864757e+03,-8.009814351970263715e+02
1.269132512109464187e+03,-1.886930198845937241e+02
2.735554867998855002e+02,-1.371830771825622378e+03
6.284832898041984208e+02,-8.094239702474163778e+02
-5.886812268607598497e+01,1.588289113810079698e+03
1.243482848355575470e+03,1.956419314580406308e+03
-6.204359887005099381e+02,-9.073235020515656970e+02
1.243856116341274856e+03,6.093257910817148826e+01
4.129163660159031224e+02,1.329416995525189122e+02
-8.709918632642525154e+02,-7.605318753986604179e+02
8.276499411248705655e+02,-1.275663657176557848e+02
-1.574661795485955622e+02,-1.782696821243285740e+03
-2.350834061316306247e+02,-1.217437417757272442e+03
2.975112756867505936e+02,-3.630430143196707036e+02
4.802742461703537060e+02,-1.279284905491047766e+03
-8.686460136841733402e+02,-1.290861770372740466e+03
8.951515794685732317e+02,7.819795218067155247e+02
7.808693867286068553e+02,1.817930180356426035e+03
-3.084098006314634972e+02,-2.947077571488378567e+02
5.219465144828496506e+01,8.508308307230038281e+02
6.660202767781310058e+02,1.848491640205075100e+03
2.324572732469704590e+02,-1.356778311624256958e+03
1.357145139514891298e+03,-5.757629984304796835e+02
-8.126042491172371456e+02,-7.412699444094081400e+02
-6.311946416716878048e+02,-1.511917014227448817e+03
1.168542687163611618e+03,4.461444545993288102e+02
8.869761007711964567e+02,-6.367291792307370315e+02
-9.208549737811134719e+02,-5.279316300674357763e+02
-2.693189363493661403e+02,-1.315539288813863095e+03
-1.096133427908977410e+03,-1.259419990346251097e+03
5.519020640681974328e+02,1.343590445340729957e+03
-4.741835498726837841e+02,-1.605958495462572728e+03
8.781464243376257173e+02,-1.150526701587105890e+03
-1.226369607551511763e+03,-1.007870543798432436e+03
1.064797172689261288e+03,-4.475406167224083447e+02
1.011535940985014690e+03,-2.439733495131666814e+02
1.092618976418414604e+03,-4.489787706902774858e+02
1.046209158351531869e+03,-1.511457140277911321e+03
-5.161780827573161332e+02,-1.048357245980149855e+03
-3.295226590078997333e+02,8.709119462512657037e+02
-4.882443980339655241e+02,-9.218770871194588779e+01
-1.428397030149178363e+03,-8.909328346730762860e+01
9.112540902030528969e+02,-3.819385967754913480e+01
-1.182908521969123967e+03,4.814606910083781486e+02
-2.321933193541021296e+02,-1.577817508237134462e+03
-1.229608883582476210e+03,-8.255116211693938340e+02
7.113342666204588340e+02,-3.525972937181094267e+02
-6.947125455653811059e+02,-8.886037594790368530e+02
3.494043686974165439e+02,8.666433729913296702e+02
-1.223203568754705202e+03,-4.527565275535829983e+02
2.661297407862833211e+02,4.977840948663117047e+02
4.576055622877615860e+02,9.164198132697594019e+02
-9.782031715428202006e+02,-3.947696584874901191e+02
-2.249188540591168533e+02,1.406389944995962651e+03
-1.435359017295400008e+03,-2.132236231116542626e+02
5.778428154129906034e+02,9.090266114874738150e+02
1.371945869419998871e+03,-8.809569389994517223e+02
1.357697973462207074e+03,-4.019527476117298193e+02
1.449558801311110869e+02,-3.698048595429088437e+02
4.781366556875539118e+02,-1.465365079217071752e+03
9.524953498107986434e+02,-7.602785777542801497e+02
7.563028175412810015e+02,1.421983609725235056e+03
-4.822718879976632707e+02,-1.758248227356041298e+02
1.079290324202172314e+03,-1.259145102842004235e+03
-1.182301289999799963e+02,-9.133140896288342674e+02
-4.161016824820492275e+02,-1.242205953806767184e+03
-6.662400401924537974e+00,-1.694220483007004532e+03
-1.229754355833412944e+02,1.470943632059640549e+03
1.341782281029052228e+03,-5.748170989978357284e+02
-1.285823233129060782e+03,-9.376865243596579376e+02
-5.720373908477342866e+02,-1.610640889169456500e+02
5.723648431058412598e+02,-1.794557631483713294e+03
1.216940109598151366e+03,-1.016969969992639676e+03
-1.018729122034607599e+03,1.913734289068865166e+02
9.302501597803005779e+02,-1.371202589363712434e+02
-9.153075732599563707e+02,1.757269451386854598e+03
-3.983215654419516341e+02,-1.788063264166206920e+02
1.262355876904573051e+03,-4.866425956266229491e+02
2.727575885315192750e+02,4.501543575503890793e+02
6.901592196449381618e+02,1.350605994807375509e+03
-1.252339577159485771e+03,3.023337668877736064e+02
-2.457083883666027191e+02,1.609474733467600799e+03
-1.578504778951592016e+02,5.710525904356261435e+02
-3.237963785554421179e+02,1.032305348539687202e+03
3.834406118111145929e+02,-1.392432170622989815e+03
-1.317795367958666930e+03,3.612006739609707324e+02
9.518415996589695851e+02,-6.100668757572884715e+02
-1.562782568178929239e+02,-3.077796311789094830e+02
-1.217119839755228895e+03,-6.466622109421932407e+01
-9.865080798445403616e+02,1.674109849738915273e+03
2.894111128448085779e+01,1.763727853694397936e+03
7.311017348390141706e+02,-9.978895928578564281e+02
-1.304217593744179567e+03,3.880968152672739961e+02
9.467147656846798327e+02,4.366411468625935868e+02
-3.725554569852749296e+02,-8.967970334653385862e+02
-3.628967895730162354e+02,-1.380272599827067779e+03
-4.998938746050388318e+02,-1.661415616310546511e+03
2.509384431012184962e+02,5.244394881352761786e+02
2.653959776520573541e+02,-4.471679307330768438e+02
6.544787319522087898e+01,1.782122877342116681e+03
-6.745362123246912915e+02,-4.996003839839964371e+02
-4.436650115360198754e+01,1.700414013446253648e+03
9.967289357017134535e+02,-7.144218972590053909e+02
9.138217960953305692e+02,5.687563403752811837e+02
-4.218455110048627148e+02,-1.498164916508096894e+03
-1.012121023934855543e+03,-3.084353502433331187e+02
-3.506795852518392849e+02,6.086291743374825955e+02
-5.958594612064235463e+01,1.420624291057686150e+03
9.019971799948093576e+02,7.114862006888799897e+02
-3.925437267417076441e+02,-1.624165489865647032e+03
-1.302063257733933369e+03,-7.895557670439829963e+02
7.608287462518609345e+02,-1.624944275724383715e+03
1.088803574839009116e+03,-1.456707123078758968e+03
-1.278712821916319399e+03,-5.162560362912423706e+00
1.257186904971343438e+03,2.799164797073070758e+02
4.676438522486426450e+02,4.832271327369124378e+02
7.836259585427537786e+02,1.019845286249617743e+03
1.005238554889599641e+03,3.415299867013957282e+02
3.562517749758342234e+02,6.367303144713168876e+02
-5.821972870293938058e+02,-1.602505358101308730e+03
-5.481533183179227535e+02,-1.170889592198244827e+03
1.180253194275227770e+03,-1.679906855654584206e+02
-9.324148426682230593e+02,9.649820640071810658e+02
4.917385372015145890e+02,-1.782662418349942755e+03
-2.007544966158687600e+02,-3.932730642094256837e+02
-1.101128891897070616e+03,3.412103182974460225e+01
-6.156654727142620942e+01,-1.672953399489203775e+03
1.153231360395436923e+03,-7.181135457412761980e+02
7.327548422593615669e+02,1.303424192441719470e+03
6.965332154630214063e+02,-3.693710425295459032e+01
9.484469013806531166e+02,-1.131896340982095580e+03
-3.868600966769869274e+02,9.258489080563264224e+02
1.244015601279031443e+03,-8.656702501155818936e+02
8.869198828537145118e+02,9.524051562664481025e+02
1.159298579314683593e+03,-9.740261938091846332e+02
1.231997232741730159e+03,-2.472793995485173468e+02
-1.475275465873885423e+03,-9.580745898195877999e+02
8.014776923009499114e+02,-1.048783283498254605e+03
8.076496266229057710e+02,1.221609548719944769e+03
1.029981513567931188e+03,-1.263020316760666901e+03
3.917691512161458149e+02,-9.034224279154882424e+02
3.892930029189907941e+02,2.564718911190290100e+02
9.070135578531233023e+02,6.666720330496956421e+02
-1.380012487885991732e+03,1.851112133830062248e+03
1.093440323191217885e+03,-9.795756469173248888e+02
1.162667805104182889e+03,-6.983610000098686896e+02
7.513163723678860606e+02,-1.366859570056113171e+03
-1.166158379656303623e+03,-2.861575269962156085e+02
-1.012118294177881239e+03,1.947266435083560964e+03
-1.067210161516780090e+03,1.915446869277218411e+02
-2.824779314953705693e+02,-2.203774841225580303e+02
-1.149339846371945669e+03,-7.422070543369044344e+02
-6.810958797706453538e+01,1.365717996368698550e+03
-1.122562341882816554e+03,-4.404833075543216978e+02
1.060740105184075901e+03,-1.378396387169346781e+03
1.086302906908817249e+03,-8.258821267295874122e+02
5.779012413770059311e+02,-1.536294477950615828e+03
1.085503294865702173e+03,-1.222324179985054570e+03
-4.170849681110330494e+02,-1.727264227055628908e+03
-1.012278192882696999e+03,-6.184629289749196914e+02
-1.306207777781337882e+03,-1.322196074122431639e+02
-1.289567248665977331e+03,-8.520631939932696923e+02
8.472652335214493178e+02,-6.398186476726544925e+02
1.353430459210030904e+03,1.483175835156635912e+03
4.090429993053716657e+02,4.599609362956767882e+02
-1.347168109448464520e+03,-3.366597746922048486e+02
-1.264548620056576510e+03,-1.025661380193333116e+03
-1.208455427519240857e+03,1.325425750237827970e+03
8.404574666105827419e+01,-1.122542647888416468e+03
-1.334503056533677864e+03,-9.024684244803272577e+02
-6.444424536333684728e+02,1.336839877630775618e+03
-1.441799980300303332e+03,-3.574538921044702420e+02
3.111985734765027587e+02,4.174694110341395117e+02
-1.297347716680362964e+03,-2.177183082744184617e+02
1.130371719990590691e+03,-1.020133666499410197e+02
-1.333742078673628612e+03,-9.704001447109845913e+02
-6.787630294408643294e+02,-1.110110343560438196e+03
-1.109051676543629355e+03,-8.941401907913730156e+02
8.475313262693993011e+02,-1.305087885698134414e+03
-2.717795108078333328e+02,1.092882008420448983e+03
3.077142570224280007e+02,-1.024171374326775549e+03
1.165107394185572275e+03,-3.078831455585126378e+02
4.554095435589848648e+02,5.638882654642450234e+02
6.541446399595112382e+01,5.380277320806368380e+02
1.160992994985822179e+03,-6.136901530523625752e+02
-7.772863691876460734e+02,-4.896760176926974282e+02
-3.144103350227654232e+02,1.911538264456215984e+03
7.933044660210301799e+02,-4.580991019473911408e+00
-3.700112861519270950e+02,7.227887067163761685e+02
-3.409599615267654826e+02,1.350551447776742407e+03
-3.678150544169555474e+02,5.622842184316574503e+02
-1.870356275537786530e+02,-1.241440978771533082e+03
-1.243601060201604696e+03,-2.911190553949786590e+02
4.560219450832924082e+01,-1.410063954457407135e+03
8.417196302686359104e+02,-8.752173677398619134e+01
9.490406560422102302e+02,1.567206270071098288e+03
-1.359204590007588195e+03,-5.903070817732887008e+02
1.548709098989870938e+02,-1.591327560892546671e+03
-3.433651536117174174e+01,1.622719666629233870e+03
7.706050608029664772e+02,-1.458626728289435505e+03
-3.406155166300013661e+02,-1.656574703706948412e+03
-3.809711385588569215e+02,-1.051665423814054748e+03
8.792446760402809787e+02,-1.558923361608945697e+03
-1.360437422573103731e+03,-5.282579915310877823e+02
1.123537844236545880e+03,-3.917906362128538831e+02
1.155732205847228443e+03,-9.322942714482605879e+02
-6.274461971765749695e+02,-1.583096152848747352e+03
8.198915274407414699e+02,-1.422228769140913755e+03
1.149371038738688412e+03,-7.842228673691757876e+02
1.295352976263265532e+02,-1.536177598934925982e+03
1.284324289948989417e+03,1.177916476186060208e+02
7.380796865333140886e+02,-1.203642996466453951e+03
-1.031644530662814532e+03,-9.645848842664079257e+02
1.177516614818513517e+03,-7.289176311327310032e+02
1.245850256870945486e+03,-6.716077637257138804e+02
3.811682037170854187e+02,-1.831881751805267413e+03
9.986802859057331716e+02,-1.445616648104614569e+03
-3.601245462697978610e+02,9.900719460379203838e+02
8.787453202127572638e+01,-1.821360964439797726e+03
-7.391855612537667639e+02,-4.053003682916373691e+02
1.947951807296409754e+02,-4.551270541497888189e+02
5.267851280351944609e+01,-8.836635233139396632e+02
-8.683284393936497736e+02,-6.043251325693642002e+02
1.242353327963972447e+02,4.942447911380433538e+02
9.006412982885965448e+02,8.344662519705028672e+02
1.148743627027697130e+03,-1.070909411185247791e+03
1.074210940755655201e+03,-1.146449743416050069e+03
1.262810463037737009e+03,-4.700683319726390437e+02
1.014058600018746006e+03,1.999898654036977419e+01
-4.933767841329199655e+02,-1.144486272379766206e+03
8.083675503752224358e+02,-9.023608248827567877e+02
3.997859448458331713e+02,1.502895153734916221e+03
7.501635614233264278e+02,-1.597435933340113252e+03
-1.164026504814668897e+03,-4.943988740772801975e+02
1.254290135721938213e+03,2.504489877673513263e+02
-6.659816577989309963e+02,-1.346297540264085001e+03
-2.094138552975652203e+02,-1.598363934920537986e+03
-2.858254772748558707e+02,-1.351779285834812526e+03
8.494727410243236818e+02,1.420209331832519638e+03
3.346105817137707845e+02,-1.807734881401078155e+03
-9.056360075008441299e+02,-1.235771432558125753e+03
3.102527663314646134e+02,-1.649296181238880990e+03
3.531239459565060201e+02,-1.423658981446322969e+03
-5.218532442461387291e+02,-1.462634378623596945e+02
-1.037986226667933352e+02,-1.138194190155084016e+03
-3.603475879902402426e+02,-2.810380874942580931e+02
1.170473954347570952e+03,-2.320906805138074844e+02
8.914115146023299303e+02,8.794985151879736804e+02
5.721461897874838769e+02,-1.838211566846429605e+03
9.378209587276737693e+02,9.159489319908049083e+02
-1.287185857200876171e+03,-1.887061742450825932e+02
-9.562658819583539298e+02,-1.315360141359021327e+03
3.491244405432220788e+01,4.992826205766774592e+02
-4.468478355204103423e+02,9.404123805383326271e+02
7.755056177955673320e+02,-1.068989112630817544e+03
8.079091511582819294e+02,1.411045604500931631e+03
1.249533118852559937e+03,-5.630157031328524226e+02
6.638731199500854245e+02,-2.117492737783476855e+02
1.334917206776688374e+02,1.781459744546772754e+03
3.316597180216789553e+01,-8.189218156761376122e+02
-1.065394012790316310e+03,6.498954766451768137e+02
1.241245961676900606e+03,-9.108807189152162209e+02
2.545821119884230939e+02,6.045131455507771534e+02
1.208889338957530981e+03,-2.160524810756195677e+02
1.304532236663055301e+03,-1.184123302633954381e+03
1.048726643343508158e+03,-6.933366398686000593e+02
8.072477267947667769e+02,-9.401483481505350710e+02
-2.895717132909879297e+02,-1.529479387904970054e+03
3.967139144747295632e+02,-1.690493298189286406e+03
-3.972618613395301850e+02,-8.413496198753272211e+02
-4.611492637190325468e+02,-1.725602950415701343e+03
1.179456162203245412e+03,-1.285538380592199701e+03
-1.325483690971746682e+03,3.311632493227195937e+02
1.227180600082287356e+03,2.055775497098590279e+02
8.039172579831639354e+00,4.064580983720168206e+02
1.035089689990845017e+02,-9.369743463880806758e+02
-4.234500287005024575e+02,1.298204218088781317e+03
-1.318854644314588086e+03,-2.482378577048229431e+02
9.926642325806585632e+02,-1.395650257851826609e+03
-3.881704395513837653e+02,-1.355802150112268464e+03
1.047769189926839317e+03,1.347404303998802675e+02
-4.720290246703864909e+02,-1.294376553016867547e+03
-1.361998808777233990e+03,-3.974710038107557466e+02
-3.152874036665190260e+02,1.810277204134207068e+03
2.234069459129940185e+02,-1.827786095531611181e+03
-3.646977377715281818e+02,-1.763768796943706775e+03
-9.533763330972797121e+02,1.868674185533709760e+03
-2.586039845022343115e+02,-2.315243635221555110e+02
1.138822728849699075e+02,-1.345800319140904321e+03
-4.958583763912928930e+02,1.342844657502491600e+03
-7.609884394977373177e+02,1.164747653999008890e+03
8.987467843026620358e+02,-3.450123338748734341e+02
1.115637687956292893e+03,-1.600842576326609503e+02
1.257230356391072519e+03,-1.070790118732008750e+03
6.759995011350638379e+02,-1.575406146731026411e+03
-8.088965890849625566e+02,-2.353822339399935970e+02
-1.067587744732339161e+03,-9.476207405583627406e+02
-1.099895914245286576e+03,-4.405642409070038212e+01
8.511636801052901546e+02,8.220112354086223831e+02
3.467577100744515519e+02,-1.733418519065223336e+03
-2.010007601602827947e+02,-2.305088095384349742e+02
-9.000987286208307978e+02,-1.116200361727637528e+03
8.326769726625825569e+02,1.068226742532809567e+03
-5.901501535799480962e+02,-1.069805248810115472e+03
7.672833670893189719e+02,-2.010312871080484172e+02
8.948470041314246259e+01,-2.989609943140753785e+02
1.053661057738666159e+03,-7.566823915999606243e+02
1.472822771321428377e+02,2.983766809178388257e+01
2.870764825876436248e+02,2.448598680952085260e+02
1.546943716518178178e+02,-2.536128661611003565e+02
2.095182634646916497e+01,4.447754967645330453e+02
1.289479037572510606e+03,1.811020597509996151e+03
1.314050143349843211e+03,-6.651598630252211706e+02
-2.493859848048554113e+02,-4.096108292271032383e+02
3.707656785238384032e+02,-1.778751625250393545e+03
-3.009767965252445379e+02,6.114084295181042989e+02
-8.852908164160969591e+02,-3.847212335000223788e+02
1.212776727214440825e+03,-7.272707992523560279e+02
-4.094087495525487839e+02,-1.468904951620897009e+03
-9.067724886021068187e+02,1.245846272272175611e+03
-8.905785732584057541e+02,-6.885014895298172632e+02
-1.033186259804361271e+03,2.321061949793012502e+01
6.850075888177702836e+02,-1.318036553452305043e+03
9.665389209845076266e+02,1.616039448433607504e+03
-5.838181668331341143e+02,-1.280691416251530427e+03
-1.160002218416257165e+03,-1.205124688322953943e+03
7.374969440486503345e+02,9.716865447466984733e+02
-1.940747009114352579e+02,1.382926111484623107e+03
2.272782811491985342e+02,-1.140117771303614290e+03
1.492465376641815737e+02,-5.226652411511618084e+02
1.047513911469873847e+03,3.417855086794689896e+02
8.530908590558393598e+02,1.146422626198931539e+03
-1.232587638210885189e+03,-7.682621586617800631e+02
-1.082656857687687989e+03,-3.826795789028547574e+02
-9.554578412711099418e+02,4.314255126281756816e+02
-1.232494943445980425e+03,3.438734630981491591e+02
1.141589338307208664e+03,5.332494966996166568e+02
2.052647052807603529e+02,-2.206404173638986208e+02
1.209555623666746271e+02,-1.441297532669639622e+03
-2.433146432207881844e+02,1.357588351144721855e+03
-9.395152554325902656e+02,1.003265317449912231e+03
9.937999252485955139e+02,6.007506943690004846e+02
4.338579493925391830e+02,-1.450562608756424197e+03
8.238133821136020742e+02,-1.173844119710383211e+03
-5.086958110835901721e+02,3.808455004063674778e+02
6.314512836213710898e+02,-1.722687081028977673e+03
8.553676989243293747e+02,1.783928399317936282e+03
-2.607213780052314078e+01,-7.477925801375023411e+02
1.228248132976563966e+03,3.024233151554893197e+02
-4.585560994585704293e+02,1.222644923870675711e+03
-1.335615094813098267e+03,-7.288378592768223143e+02
-1.114629729022874471e+03,-9.329534714906235422e+02
-1.138673897753473284e+03,-2.006475564387957604e+02
-9.914200435863523353e+02,-2.582562828333926177e+02
6.983416051210738260e+02,-7.213475759356111894e+02
-9.123059055699154669e+02,-2.061783435193681839e+02
8.606688955449404830e+02,1.481639239241455471e+03
7.696264763459804499e+02,-5.201699820563314915e+02
1.200195195354655652e+03,-1.246820213356025079e+03
2.585188492778138070e+01,-7.588078529226863793e+02
1.166870114059304342e+03,-7.657041629664616949e+02
7.971667537774221728e+02,-1.373866891990710428e+03
-6.035876314768779594e+02,-1.353928906155306777e+03
-9.274328969004591272e+02,3.841511730988121798e+01
6.455221079347875275e+02,-8.704065472708284688e+02
5.548829553519156832e+01,1.578573518501365697e+03
-5.475205799396291013e+02,-1.096578510858417758e+03
-5.192865268925631881e+02,-1.452977923718410921e+03
5.847374678102728041e+01,4.487316777868485929e+02
-7.447599790142500069e+02,1.197347088754444712e+03
1.336746218457833038e+03,-1.029715114949106692e+03
1.118907352163707174e+03,-1.222629653006149965e+03
1.872169422516247437e+02,-1.262519454497931747e+03
9.555593459731961730e+02,-3.911683199076806545e+02
1.271463366603603390e+03,-5.031030825148022814e+02
1.613243868238956509e+02,-1.089740083198471893e+03
-1.792345428895372095e+02,-1.627378900456845031e+03
1.002590813068027501e+03,-4.777420659772429872e+02
-1.014621259178328614e+03,1.602134083982212132e+03
-1.679143882414750237e+02,-8.358745506574867079e+01
4.182380867987087640e+02,-4.519459857534059779e+02
4.146277163679971522e+02,-1.406238568907793024e+03
1.073296537147507706e+03,-1.115393081743000266e+03
-9.762672649696377221e+02,-9.560462490355057525e+02
1.117780150316701565e+03,4.481742867750907067e+02
-7.456029155750393329e+02,1.115253890847394359e+03
-1.582744775012371008e+02,1.307628049579613389e+03
-5.274140231168460247e+01,1.760514730205711885e+03
1.322488987950626552e+03,1.745036211071513208e+03
-8.868633911443128000e+02,1.603221215590712745e+03
8.370953827366331552e+02,-1.497985733365303759e+03
-7.220477028268754793e+02,-1.344942848866311579e+03
-1.332861764282572494e+03,-9.418213138040118793e+02
-2.666933565049182562e+02,-3.370430771280163071e+02
-2.132990587433512886e+00,-1.414624509542998794e+03
2.388900040683219856e+02,8.805062197979581242e+02
-3.608631525121664367e+02,-1.802727570227162630e+02
1.833757614693985261e+02,-3.443740623705054986e+02
1.083958483953324276e+03,-1.311387631264663924e+03
-1.311471907342009899e+03,-1.082112885869485808e+03
1.119442353422762153e+02,-1.260990174771317470e+03
4.286402013919931733e+02,8.972977806947824320e+02
-5.399800763082503181e+02,-2.465804453455338319e+02
-1.345419681658745503e+03,3.891330181293479882e+02
9.472951910487151963e+02,-9.593499157527185162e+02
3.069397757412206147e+02,-8.068001895215350032e+02
-4.620549575275490497e+02,-7.481911885447037776e+02
-1.286578407472510435e+03,4.713408366294094662e+02
-1.058094865081244961e+03,5.024983413407294393e+02
5.999755547157288902e+02,-1.204110185994124322e+03
-1.239094325197403350e+02,1.520300362116110591e+03
9.230189711340240137e+02,-1.404119855497752269e+03
-3.725374570169258845e+02,1.298760339831493411e+03
7.536201725616222120e+02,-1.478187364398500222e+03
-2.638829837131874001e+02,-1.116653495169058488e+03
9.411759263512439020e+02,8.735971496968620613e+02
4.074732814509526975e+02,-1.272954162933202952e+03
8.277635050321945300e+02,-6.799756526972398660e+02
1.151793993103685807e+03,-5.656419620763580269e+02
1.315474166604457196e+03,-1.100820460492279381e+03
3.701810163347651610e+02,1.884683376390440230e+02
8.984771608631064055e+02,9.125316212790643249e+02
1.381109986106607721e+03,1.181730809228611861e+03
3.668771071108789670e+02,-8.630654797952590798e+02
-2.655713907737327517e+01,-3.638447924517410570e+02
-8.947757557741886103e+02,-1.044550988571039852e+03
1.128664951796119340e+03,-1.129729105135876125e+03
7.748595300315301984e+02,-1.306631642728434372e+03
-2.944400795201108281e+02,1.525837780411069616e+03
-9.020578696806649077e+02,1.199279732681954783e+03
2.549757814095176514e+02,5.584057091709806855e+02
-1.725913914919240426e+02,-3.860538316373382486e+02
1.261960486261829828e+03,-4.527878176057186579e+02
-1.379285638409973672e+03,-3.649625849675459222e+02
1.080737732902451171e+03,-3.454792923094729531e+02
1.276608472139969990e+03,-6.262474309389826885e+02
-8.415086211571764352e+02,-1.395249520695995670e+03
7.918936059638086817e+02,-1.401228325638031720e+03
5.525634966791673151e+02,1.582462245378172838e+03
1.221724064669533846e+03,-4.733559455835268182e+02
-3.334567652724636559e+02,1.559008637253356255e+03
4.017671136949647916e+02,-1.318515125754943710e+03
1.109976146063479518e+03,-3.391872814386374557e+02
1.180832977116022221e+03,-1.220644818539566813e+03
-1.340514069572484004e+03,-1.074688134294263591e+03
5.749599580788743651e+02,-1.678813100029323778e+03
-2.204301081059521152e+02,-1.410803067510286382e+03
-1.499415707035485212e+01,1.369979159772534786e+03
1.274323834035699065e+03,-9.055497056110522180e+02
-1.383683725347646259e+03,-1.905310499454965338e+02
-2.759557512255376537e+02,-5.936942957308762061e+02
-4.114395780044337130e+02,-7.193274495308135101e+02
6.712945462813546555e+02,-3.420812623622708770e+02
7.312042156392444667e+02,-1.257321109613458020e+03
3.585676771459396832e+02,1.823778659361398695e+03
1.083445805880034641e+03,7.124007370173770823e+02
-1.220227560889023380e+03,3.979997033806700983e+02
1.394462351563435959e+03,-5.132776827223942746e+02
-9.305946433275648815e+02,-1.340904938914041395e+03
-9.667430181623228691e+02,1.422241476341375346e+03
-1.348163135919279512e+02,-8.619161478399339558e+02
2.516458275059416394e+02,-1.589988468075123137e+03
9.540838110561580834e+02,-8.195061858121758860e+02
-4.567242382905362206e+02,5.994340782959372973e+02
-1.159049325811267408e+03,-1.437880058923726381e+02
-4.164728639306435554e+01,4.571716012864520735e+02
5.653924820107005189e+02,5.936259610268006099e+02
-4.691759066071003872e+02,-1.218146032244358594e+03
1.126354929667509168e+03,1.337927646556116542e+03
1.024145883914006163e+03,-6.170417179727836583e+02
1.150190768445909498e+03,-1.265846487312208239e+02
2.571385174241761433e+02,-1.823316924060418614e+03
1.462615514400977418e+03,1.865799038490288694e+03
2.644831910066354226e+02,-1.040387222270172970e+03
-7.699504108514497602e+02,-1.567824276305571630e+03
1.230765771200841982e+03,-5.446751948446529923e+02
-8.885019482281711589e+02,-1.357338068021311983e+03
8.868351831912880243e+02,-1.299131790984471991e+03
-1.368901159398935533e+03,-1.629191658331970132e+02
-3.369583698654983550e+02,-7.526287577987418445e+02
2.336539106138320676e+02,1.398471943093307800e+03
-9.875602499309387667e+02,-8.479588562550757160e+02
4.912197914730044772e+02,3.456203519896100147e+02
-7.850627577606021532e+02,-5.434040446884557696e+02
-9.804633242033889928e+02,-7.393161148811965688e+01
3.875381001626204238e+02,-2.160986669629489256e+02
1.116964938233209068e+03,-5.048561581506986045e+02
8.474312340364438114e+02,1.569604967728885867e+03
1.089498706441288277e+03,-8.647195613571034301e+02
8.843609829597720591e+02,-1.251670106634005151e+03
1.137836904506971223e+03,1.227946541600282515e+01
3.184732225955062290e+02,8.666598414752567123e+02
6.952668854121772029e+02,-1.640218050520914630e+03
1.086842634799408643e+03,-5.610817240390173311e+02
7.835069425724776693e+02,1.257089106004418454e+03
3.687814727426726336e+02,4.430608813517524140e+02
5.420420562360211534e+02,1.933999143351562907e+03
-9.090319155840650183e+02,-3.352519160644109064e+01
-2.644815017953537222e+02,-9.771654701242802048e+02
3.289615375035038483e+02,1.542930386658936868e+03
-1.322075571004586436e+03,-8.187116378574460214e+02
-3.817019094172125904e+01,2.245209538227215660e+02
8.246893064683315515e+02,-7.135803755043173169e+02
-1.443819524818951322e+03,-3.025277540444725446e+02
-5.516465722530018638e+02,3.279052907586654442e+02
6.827613464876138494e+01,-4.019577599072508178e+02
3.986416644375595979e+02,1.354141936788175371e+03
1.349594787836442720e+03,-6.776700257727715098e+02
1.163175774401311628e+03,-8.807209909597594333e+01
9.077773248337068708e+02,-8.309167738274552448e+02
1.346278525186779689e+03,-7.236133667785790067e+02
9.135685753626759151e+02,-6.018361859214533069e+02
8.942164845108826512e+02,-1.388582920284595048e+03
-5.209404454968061771e+01,-1.443725692712736645e+03
-9.939134528191067375e+02,-2.433729864889849992e+01
1.108957125647404382e+03,-7.515340430941121497e+01
1.186607195114504293e+03,-3.114972845925082723e+01
5.011799527839983739e+02,-1.709422098567386911e+03
-2.021067075994075140e+02,-8.974343389284802015e+02
-3.486460914920536993e+02,-1.218801138192822691e+03
1.215821689840584668e+03,5.518419334281845750e+02
3.064600714808895532e+02,9.677755939056405623e+02
6.472949338261929597e+02,-1.095932498032759440e+03
-3.997868558182218521e+02,-8.595382057958284250e+00
-2.400004420606699682e+02,-1.389343913639955872e+03
9.378587052601092182e+02,-1.035664430148183783e+03
1.710188481740071893e+02,-1.382924269935155280e+03
8.658522357619818877e+02,-1.013896180724894180e+03
8.393306906848085873e+02,1.906427635397954745e+01
6.318870386945287692e+02,1.352713145779488968e+03
-1.018744422776137981e+03,-1.186322413135559827e+03
1.843489118037322738e+00,-3.144406774194604850e+02
1.269702740400170796e+03,1.493845218388470357e+02
-9.148751700269389175e+02,1.556310319794809175e+03
2.798583936192738619e+01,-2.013638934754639536e+02
1.185105810069929248e+03,-1.101565508584425061e+03
-1.007409684602836592e+03,-1.540126453211164517e+02
5.253075877189750145e+02,-9.231488003426273963e+02
-3.668369913834961835e+02,1.700234825208066468e+03
-1.212591351145916406e+03,-7.302248385802446364e+02
-1.316350923812021847e+03,5.153621548354670523e+01
6.814208682617106660e+02,-1.725915841661627610e+03
-7.459919270228391497e+02,-7.160452738373641068e+02
1.161853064255380104e+03,1.049804306926245090e+03
3.764244398167618897e+02,-1.883436514470407417e+02
9.968275263623226010e+02,-5.890269202251287197e+02
4.935521386018937164e+02,9.445534295511658911e+02
-1.197004366426495380e+03,-9.190151507762971050e+02
-8.807294327677151387e+02,-3.210897254137333334e+02
9.555708450494328190e+02,-4.341415398861029757e+02
-1.426847260019080068e+03,-1.425644728909064725e+02
9.473836121450315204e+02,-8.918342718761125525e+02
6.669019800054753659e+02,-1.036348981279724740e+03
-1.526012747091439223e+02,1.359941851660589009e+03
-1.377764855326115367e+03,1.567961682643992617e+03
-9.552834265635494830e+02,8.730351766805832767e+02
7.625713110024838670e+02,1.747509214919369697e+03
1.220725288954023199e+03,4.028972713069393308e+02
1.022323494060308917e+03,4.695290171019436798e+02
1.217438969794463446e+03,4.464438704979739896e+02
-8.766626639146948037e+02,-4.507157957716650003e+02
1.258571949795692035e+03,-5.349185715503028860e+02
1.019100083638257956e+03,-1.142622065451576191e+03
5.889909918890252811e+02,-5.912293544722156469e+01
1.374258650399628550e+03,-9.847489231774101199e+02
1.166243270686387632e+03,-1.083057443786620752e+03
5.439864729253664564e+02,-2.609098180061496919e+02
1.226298891276770519e+03,-7.025224829274208105e+02
1.235897565005009255e+03,-1.173135058871045203e+03
8.674827957376957102e+02,6.837519625564672197e+02
1.750839502159493861e+02,9.893518765181237313e+02
7.197672030660509108e+02,-1.284323775679703886e+03
-4.196103399580449036e+02,-1.947257628984157691e+03
7.953955299981718952e+01,-8.866057744660593016e+02
-3.250938043644333675e+02,6.498798118945367150e+02
1.127630006398105138e+02,8.549913639347688559e+02
-7.528281845466860034e+01,-1.367667891946042801e+03
-1.222145736404205536e+03,5.245381831776051058e+02
-8.855193473840969318e+02,-1.415300671786381145e+03
-9.057713684434273773e+02,-7.951545899007500111e+02
3.114580717358489892e+02,1.942684029217303078e+03
6.536670003203887518e+02,-1.219294418191478371e+03
2.177752264008021257e+02,-1.317537877669560658e+03
-4.711642703636092619e+02,-6.658525000709397546e+02
-1.171115417762009884e+03,-1.750242153378513308e+02
-2.085653851776461352e+02,1.461632446630105733e+03
-9.997376171009629786e+01,1.732604004703471446e+03
9.063076338366048503e+02,-1.527283867354401082e+03
-4.301418395192346225e+02,-1.361186325295785991e+03
1.185076518559418219e+03,5.534486806993060100e+02
9.779751962539720580e+02,-1.044681972387643782e+03
-3.732417055397316403e+02,1.208591731099221533e+03
-1.172752268351729299e+03,-3.933933656301941539e+01
9.018127880593428927e+02,-1.429461745502218037e+03
-2.938347341316790562e+02,8.253487133695276725e+02
3.233260994737582337e+02,-1.281221527143807862e+03
1.167011450617721721e+03,-6.693151647771071566e+02
-1.303046790154463451e+03,-3.304028133570904515e+02
3.744771342264857594e+02,-4.272117315888765461e+02
-5.782007511252928680e+02,1.282907190609083443e+02
3.850897653807106735e+02,-7.563067803485130014e+01
1.412701315731484328e+03,1.812396153799214744e+03
-1.307068565216259231e+02,1.920985048732861060e+03
1.261149184100927641e+03,-4.007675303536756246e+02
6.435180845099558837e+02,-1.468716095159424412e+03
5.066600151789326105e+02,3.730183746285565576e+02
7.935129108760791041e+02,1.713737743196718156e+03
1.192298910329750697e+03,-9.239801951938588900e+02
-6.379858782503514476e+02,-5.546306166930709196e+02
-6.991714142233194025e+02,-6.417877351228750058e+02
-2.564730594359239149e+02,-1.584448215688491246e+03
1.170943497852588735e+03,-8.472827969818530391e+02
-3.993720682494302991e+02,5.783176397497049948e+02
-1.022787208077109085e+03,8.100899302678093363e+02
-9.362203767322939711e+02,7.093476987381829986e+02
1.257491715430690419e+03,-6.878047815684846000e+02
-9.787157786052745223e+01,4.355523407189792238e+02
1.067277311420383739e+03,5.867964267620585588e+02
-1.292579493377545305e+03,-4.793627597090382437e+02
-3.739594861558298931e+02,1.262271487371585636e+03
-1.214874750193745570e+02,-1.369020296318964483e+03
-9.156974698798751433e+02,1.152832931469235291e+03
-9.241913426180934721e+02,-1.463109564418850823e+03
-1.471381778062301748e+02,-1.285647732150275488e+03
-9.236753264128620913e+02,-3.438783985370865253e+02
9.471712638581471992e+02,-1.561565220841784594e+03
7.718122871717141606e+02,-1.600653179967491951e+03
4.179267491244395387e+02,-1.836080778715185261e+03
1.199905107155919950e+03,-6.188525819528510965e+02
-5.414042773212662496e+02,5.068769819914516574e+02
6.688499292309409157e+02,-1.661342097819371929e+03
-7.118916748837924615e+02,1.686199640412208467e+01
-4.307262525377689713e+02,7.237078773387145247e+02
7.856478001342387643e+02,-1.292931542872027876e+03
6.515097768900892561e+02,-1.336609258740514406e+03
4.474400350225756711e+02,9.922247975295662172e+02
-4.984973522957114938e+02,7.051479965907484484e+02
7.976577248607323156e+01,-3.363264612159443345e+02
8.254026432093227186e+02,6.893795177386979276e+02
6.871749676059142757e+02,-1.484439083641967045e+03
1.307229777319064624e+03,-7.313032782346762133e+02
6.012217213737827706e+02,4.151943720729462939e+02
1.018559693058573544e+03,-1.088563550246238265e+03
1.009374465668850121e+03,4.381449589689901245e+02
-1.422919578881094822e+03,-4.122256630270311462e+02
1.174849963076844915e+03,3.955057888741112606e+02
-9.741365124013034347e+02,-5.525246786423938374e+02
1.971140560500111008e+02,-8.218166608461541500e+02
-1.278590775548365400e+03,-1.168824645674847261e+03
-9.621373236683238019e+02,-1.203109043847315661e+03
2.026485590214440435e+02,3.916472615292396995e+02
-3.352404312768129557e+02,-1.432252916267028240e+03
7.151515939708132237e+02,-1.484521757612267947e+03
2.540174523547467516e+02,-1.260882870605714061e+03
-1.057742447457342450e+03,-1.301633787190838348e+03
-5.904912140502756301e+02,7.236010536708971586e+02
8.852934322054888980e+02,-7.516204011544264176e+02
7.523614714393488612e+02,1.856761920672384576e+03
8.891367601501161744e+02,-1.358861070326223398e+03
1.218911775311712290e+03,-7.353447067009311411e+01
-1.104544890875716874e+03,-5.707109451682772487e+02
-3.834269372615276552e+02,-7.575668165519803097e+02
8.718115365065666538e+02,1.112155388837553346e+03
5.216227052477364623e+02,1.699735454540481442e+03
-8.406865629823125801e+02,1.099657030711562584e+03
4.851051923986328802e+02,-1.246874830804825933e+03
7.649732059117822018e+02,-1.175222707966933513e+03
-1.242772410510939835e+03,-7.537196486003333007e+01
1.276180509626861294e+03,-9.793850495578060418e+02
4.001491961695575696e+02,3.734144277001240084e+02
-3.344901891270557144e+02,-2.792614442034326316e+02
1.708623234346949857e+02,-3.112219246535669299e+02
-3.303652127987102745e+02,7.577827576019623166e+02
1.187856547391863387e+03,2.579749796175406118e+02
-5.262222509553388363e+02,-1.681461993551996784e+03
-2.827880243982799584e+02,-1.563888808143532287e+03
-1.118144619308559868e+03,-2.170368514457975380e+02
7.503263615463569636e+01,-4.687668413043140845e+02
1.016205565366826363e+03,-1.075050932481097334e+03
1.120035915519404170e+03,-6.512445928481997726e+02
-1.193524562483176624e+03,4.630247863784072138e+02
-8.318670695236129120e+01,7.623540489076209496e+02
9.891546131080334590e+02,-2.929188992266664400e+02
-1.146457534192245021e+03,-7.836557760896386071e+02
9.900804560944525292e+02,-1.053663225430050943e+03
2.996964303935881162e+02,-4.065007337689186215e+02
5.484186833844786406e+02,-1.008059991235426196e+03
4.398240382130934449e+02,-2.854046017159437270e+02
1.264225826185839651e+03,1.071044173525027965e+01
-5.778531000207661918e+02,-1.539783980918323323e+03
3.990446223050444274e+01,-1.818431767890035417e+03
5.746658025251180106e+02,-1.152424128381785295e+03
7.480091759069740647e+02,1.274112629020559552e+03
-7.819438433511416520e+01,-1.027604417189629658e+02
1.097699303574490841e+03,-1.279505436342066787e+03
-2.649576343892015871e+02,1.256581963983062678e+03
2.630998077868495670e+02,-5.188829489195201177e+02
-9.524902120446452045e+02,-4.966896754344355145e+02
-1.020437873075469270e+03,1.482047913663770032e+03
9.071861335900753147e+02,-1.568219535085602047e+03
7.278446600998266831e+02,-1.172252099481376263e+03
4.869766353475121150e+02,-2.556642391178325227e+02
5.357917744788721848e+02,-1.231640733543809574e+03
1.054698189532545484e+03,1.400517570773513576e+01
-9.210340812213456729e+02,-1.183697923150659335e+03
-3.736696463148752514e+02,-1.433335561573982886e+03
6.918635961058597559e+02,-1.208805712217535302e+03
-5.209947493237988283e+02,-6.449518351598350137e+02
2.180935007406571629e+02,-1.221628512181802989e+03
-7.608849080640698048e+02,-1.349549930662996076e+03
-4.853542346585894052e+02,9.969640608925360539e+02
3.001336609388351349e+02,-8.940040492694049590e+02
-5.279007496686937202e+02,-7.980474229480644226e+02
-7.011138297724162385e+02,-1.573817275345115604e+03
-1.047856276160555126e+03,-7.935691204909695671e+02
1.936498012658405230e+02,-1.069635345557812570e+03
5.792688972076932714e+02,-1.935655386149811079e+02
-1.203408714461378850e+03,-1.200443406476064411e+03
-3.126326033264783746e+02,1.242688925188181429e+03
-9.254944955665604311e+02,1.454649975964638315e+03
3.843903098754643679e+02,-1.455435454298013155e+03
4.807971369654439400e+02,-1.417486789003007516e+03
1.027911168006161461e+03,-1.416984996385921477e+03
-1.203567097990086495e+03,-1.817319090988748940e+02
3.215674496048389983e+02,-1.401159259838806975e+03
7.776787523815336272e+02,9.340794073805167272e+02
3.058729538727012027e+02,4.624860674018642044e+02
-1.129235880915767893e+03,7.220032580208697937e+02
1.250652378120691765e+03,-3.802014295181782018e+02
1.308403947821347401e+03,1.903032465308557903e+03
7.153360258083604322e+02,-1.618471535484332890e+03
1.049774910723634548e+03,-7.246474605934744204e+02
7.062277964301658812e+02,-8.671684892908428992e+02
9.683406218841271595e+01,1.525341693096452218e+03
1.062345898341065549e+03,-2.360983634230501877e+02
4.058542867788967783e+02,6.240874425628595645e+02
3.682373210471787388e+02,-1.295226217731869383e+03
-8.988894836729293729e+02,1.728596470968671838e+03
1.280238924813224685e+03,-4.198840118223258173e+02
1.274326369798640144e+03,-4.428075812428966742e+02
-9.484996647290776082e+02,1.677889220539181906e+03
5.395282205289316835e+02,-7.638788585543441059e+02
-8.554142375667843226e+02,-7.203872807944079568e+02
-2.319145610039635983e+02,-2.330376005908118486e+02
6.189219686001340506e+02,-1.382777000222466768e+03
1.129768785277080269e+03,-9.086278481167053087e+02
1.054360563259317587e+03,-1.234719742033769307e+03
9.450162594300984438e+02,-1.469050042704643602e+03
1.667739170445322827e+02,1.198014243397833525e+03
4.084573218409561264e+02,-2.399448767974875238e+02
5.240977942381468893e+02,-8.576756061415254635e+02
-8.325757507641226312e+02,-6.859643977497967171e+02
-5.627029081150533329e+02,-6.235764347481062941e+02
-4.480890070384758133e+02,-1.331947482162771053e+02
-4.300343424463230804e+02,1.471552035950929394e+03
1.125028017042184956e+03,-7.703792745431577487e+02
-1.109399289910665857e+03,-8.415105959524672699e+02
-8.534603020311136561e+02,-5.595625172462184764e+02
1.079662143237551390e+03,-2.707040379862709756e+02
1.194193731359112917e+03,-5.275415048278048289e+02
7.876506426959124383e+02,-5.450610227432794375e+01
1.095308448637344782e+03,-3.026305432282580341e+02
8.701994375249790892e+02,-8.906974091387804719e+02
1.339505274237112644e+03,-8.610564949285716239e+02
1.299051638268057559e+03,-7.998755514863387361e+02
1.625045227879539027e+02,-1.483019937031780273e+03
-5.260710669924558260e+02,-1.284971662074691494e+03
2.285391909223485243e+02,3.108298131840062410e+02
1.197395081301707478e+03,-7.766335282804458302e+02
-4.822951319956998759e+02,-1.174337587923538877e+03
-8.513618883451853208e+02,-2.913303308131778522e+02
-1.269285083846912585e+03,4.527804308749131224e+02
9.996820185192705139e+02,-1.087992484352590736e+03
1.042194165318335763e+03,7.602776738651679125e+02
-1.621013066675951464e+01,1.465696988486613236e+03
-1.348069836251623201e+03,-2.121184598546705331e+02
-1.352411938705645753e+03,-1.556686539607351527e+01
5.395740106134040843e+02,-1.597063490487267472e+03
-1.025399092508344893e+03,1.570640655290985933e+03
-8.986305928693063834e+02,-7.407642959199040433e+02
-9.841170826419747755e+02,1.438577415334821126e+03
4.040306580441552597e+01,-2.630545814693722377e+02
5.238191445138111249e+02,-1.816907331214190435e+03
8.338609202156781066e+02,-1.642044401697207832e+03
-1.140074527508579422e+03,2.330027335951649192e+01
1.338439800003731079e+03,-1.917666666856116535e+03
-1.029115256291813694e+03,3.864805571055416067e+02
5.060622022135673319e+02,9.155572426601548841e+02
-1.442424211313081514e+03,-4.298887942523376182e+02
1.135114430607142822e+03,-5.207391065757777824e+02
1.835806305906872637e+02,-1.818088762218112151e+03
9.561195358045345074e+02,5.450742590809145440e+02
7.850598032080264375e+02,-8.725495753679559812e+02
-2.912160550714704641e+02,1.145910215699921309e+03
-1.109458924357665410e+03,-7.987165057424589349e+02
1.195908052273225849e+03,-2.744693928710889281e+02
8.550808807452534666e+02,-1.064809728738709509e+03
4.169064966205270935e+02,-1.299162051354920777e+03
-1.457918957275158789e+02,5.227302698959121017e+02
-1.318467092862475738e+03,-4.217401774817724345e+02
1.019162122374020555e+03,-3.329047441202419577e+02
-9.566729380952874635e+02,1.652502422712890620e+03
5.941881897826353907e+02,1.609999321784162930e+03
-2.926638680260931551e+02,9.188611639921732603e+02
1.048161737185380389e+03,-1.290807123859862941e+03
-1.084884016862519502e+03,-2.052974496884939981e+02
-3.532991791531634362e+02,1.151205562734553496e+03
4.516502214148993062e+02,-7.971904762139887453e+02
-9.895179969027743709e+02,-1.427989397386620567e+03
1.254554030965641687e+02,6.743526405603162175e+02
1.107068376400122816e+03,-4.641710799558935037e+02
6.515538230843129668e+02,-2.869743977769762751e+02
1.046420798651277664e+03,1.718995179944362917e+03
7.141616906010017374e+02,-2.032151296479437690e+02
-4.765677471481818657e+02,-6.083539951439942115e+02
-9.437616571560668035e+02,-7.896270969707479708e+02
-6.452026245646327425e+02,-6.565337078879047112e+02
1.073230834150788723e+03,-1.417500819893474272e+03
-9.677751976702178638e+01,6.388316034602338505e+02
-1.589777515127511549e+02,8.763639677561130839e+02
1.337276422007284964e+03,-9.946715998456044190e+02
1.028844290343667353e+03,-9.503515001740754542e+02
-2.315061898688384758e+02,1.053597946756456395e+03
2.910702782338346992e+02,-1.699655943987932460e+03
-5.507740614663827046e+02,-3.598367967566694574e+02
1.158452697014523665e+03,-5.252860174559241386e+02
1.058659873964462349e+03,9.455281421735841718e+01
4.995414835839229539e+01,-1.319272347149805910e+03
8.695003514324739626e+02,-2.192199303640837371e+01
-4.149550118237928586e+02,-7.801590540104165257e+02
1.197663597221311647e+03,-1.837978206516001478e+02
5.762071933369344379e+02,-1.630170692167055677e+03
1.147694318621830462e+03,-5.422957895499297365e+02
1.096098517279627913e+03,-3.707069297666452030e+02
-7.439784319713673995e+02,-1.167169211797357548e+03
6.745086155434870534e+02,-1.345118160902914724e+03
-7.445681895118046896e+02,-1.241789666859989666e+03
4.204700871299566955e+01,-8.509125987478088291e+02
-2.224647285783148334e+02,-1.447766077564061789e+03
-6.113342805774899347e+01,1.521871220833938878e+03
-3.807990109557506457e+02,-7.131348774828946944e+02
1.048455302379896011e+03,6.594477169291818655e+02
2.382855103072337499e+02,1.677566309289564060e+03
2.422932962393456933e+02,-1.502911368653984709e+03
-1.267961517242637228e+03,-9.563530999317049464e+01
-9.302741771931457606e+02,1.092812847762486172e+03
1.260386940870393573e+03,-1.448554911466756323e+02
-8.763972700655737071e+02,-6.488801324345641888e+02
-1.335701800814186981e+03,-6.229640933091591251e+02
2.506044714175990862e+02,-1.670137273053881472e+03
-3.704068390121682341e+01,-3.332424267224883465e+02
-9.054719591944033255e+02,1.926970359420410205e+03
4.442709417257939890e+02,1.594330658783408353e+03
7.221511402117528178e+02,-1.659660438745814190e+03
-1.325376520042309494e+03,1.957639471602734886e+02
1.358849267198309690e+03,-9.424508564661573473e+02
-4.478782159202059177e+01,1.280892553341925122e+03
-2.259593576122845491e+02,-1.666301921321777172e+03
-8.824344561136891798e+02,1.487150360661710693e+03
-9.156353537424026854e+02,8.523628098778218600e+02
6.330289429402095038e+02,-1.426395715626461424e+03
-7.297015977405910689e+02,-1.551964251151584222e+03
-4.850991330461775419e+02,8.404796491463328039e+02
1.118417546915623689e+03,-1.312286448480295121e+03
4.008073581546689468e+01,-3.449918157634622276e+02
4.856279488198005652e+02,1.381117331815659554e+03
6.206320452810331290e+02,-2.731131341443503402e+02
-1.177079760832534703e+03,-7.228863498676219024e+02
-1.426860277565026536e+03,-5.903624355994763846e+02
6.220521531422684802e+02,-1.582326289948267231e+03
9.802350439827729360e+02,1.661403309792861364e+03
-1.031251279523145286e+03,-9.125569624132791660e+02
3.517353591175211136e+02,-1.250971120508632566e+03
1.060459428379617066e+03,-1.006975824141290559e+03
-3.527231473846987910e+02,1.632592757879357350e+03
-1.205820511674687054e+02,-1.448346854217673126e+03
-9.398074944042758716e+02,1.045131892774332528e+03
4.260184376617892212e+02,1.787999281772767688e+02
-2.865370928998326576e+02,7.775956747265109925e+02
9.297685197639746093e+02,1.774521762520812672e+03
8.309068924616546781e+01,8.570345157930091773e+02
-1.611108412346228036e+01,1.521272430952829154e+03
2.335079034537803864e+02,-1.409113570140892080e+03
-1.090714909564637992e+03,5.940915577987436791e+02
3.860173446442560135e+02,-3.142128272555703461e+02
1.233518258134061625e+03,-3.351362223008536603e+02
-2.709629236742615035e+02,1.305890558290877834e+03
8.279968354874995384e+02,1.676050566816373021e+03
-1.354472997287076623e+03,1.827131870775383788e+02
-9.232774699590494265e+02,-4.621452517096233237e+02
1.220927367817989534e+03,-5.634147326987134647e+02
7.752184654309185134e+02,-7.492817067279294179e+02
1.221464855847165012e+02,-8.015131013919528868e+02
4.496815312890197447e+02,-1.491290385693016560e+03
-7.252774958077910696e+02,-1.505800210001880487e+03
-1.213412384783159041e+03,5.624818846958664835e+02
1.115645572453878231e+03,-5.748184535363445775e+02
6.676552904002608102e+02,1.459280544097818165e+03
-1.228997659382183656e+03,-1.841567282576290836e+02
-5.254319187378066545e+02,-1.645502978974338021e+03
4.810327070310904674e+02,-1.338226029468972001e+03
-7.720591911412165018e+02,-1.185952089454799307e+03
7.633676764600111255e+02,1.676468399735139201e+03
1.177968644760801453e+03,-1.185314686255829429e+03
3.346684353325125016e+02,-3.906150180678621382e+02
-2.458264871390956046e+02,1.495422426315348048e+03
4.848996189361840266e+02,1.724901705477083169e+03
1.326763969125249787e+03,-1.138600411660264626e+03
-5.117114190458255507e+02,-1.586735309258286179e+03
-1.494177255371314672e+01,-1.341630330600598427e+03
7.660215484354762339e+02,-1.511958130174979033e+03
2.918435135170238368e+02,-1.174468401582597380e+03
-1.237055121330467500e+03,-2.651030650065133614e+02
-3.314849577623215282e+02,1.385270238963154270e+03
1.312628290932218533e+03,-3.465036943109864751e+02
-4.168807844292896334e+02,-1.670041365100564690e+02
1.054982878316506913e+03,-1.212357974516780359e+03
2.338120487344427545e+02,6.571690884261571455e+02
7.562615264592452604e+02,-1.799028769516078228e+02
2.121791246762668095e+02,9.960401252135785626e+02
7.358930969757077492e+02,1.576222626561574089e+03
1.121645557897530352e+03,-8.365367558783824506e+02
9.501544478178316240e+02,-1.509935705167706601e+03
4.920072159969619747e+02,-1.119886384706141826e+03
9.851546769502809866e+02,-6.387570641140592898e+02
-8.837346113319396181e+02,1.515026046173945360e+03
1.246484203551981409e+03,-8.104120840006886510e+02
1.648367279788065218e+02,4.949640587350824035e+02
1.188044856479205464e+03,-3.745395824231492838e+02
4.291190179035311303e+02,-1.257792737764749518e+03
9.050982204104482207e+02,-9.144915307755178446e+02
1.009822149093817188e+03,-9.580093477292415116e+01
-1.059121966613640097e+03,-2.451310721462869679e+01
1.378808223693932632e+03,-6.434175411808236049e+02
-4.554655964650498845e+02,-1.146192267122869907e+03
1.746359197926695970e+02,3.344089532778501166e+02
1.114531756650686702e+03,-1.288600873758384068e+03
6.172257335709413155e+02,1.483851181066031131e+03
1.231368787110820449e+03,-1.244255300158739146e+03
3.333616524346534220e+02,-1.462669966757686097e+03
4.301826692346935488e+01,-4.372910631269063515e+02
1.295891757747777547e+03,-3.861925866643498466e+02
-6.631967534926010330e+02,-4.130834139421560280e+02
1.328136651182377818e+03,-6.389735796684182105e+02
7.254170011721471383e+02,1.914590593764376081e+03
1.559614451166263507e+02,-4.628506198582558113e+02
-1.420669077372910124e+03,-4.737705446453383047e+02
1.383825706891720301e+03,-6.822241171422784873e+02
1.907351770103881279e+02,-1.529760979796795255e+03
8.406096465789592003e+02,-2.319772197714445099e+02
-7.966419326066056783e+02,-1.150240539696918859e+03
-4.651521093908735907e+02,-1.157800377497907363e+02
7.917654725260235864e+02,-1.600167925001336471e+03
1.367575048406348969e+03,1.762615870268788740e+03
-1.243153173104664120e+03,-5.223285069648736680e+02
3.152670935039372466e+02,1.276701555596195021e+03
1.321307131144856612e+03,-4.976372558340793830e+02
-1.663332376811466702e+02,-1.534877786859108255e+03
-3.878337764124091223e+02,6.900186632754359835e+02
-3.220664438072054736e+02,-8.630340798550000159e+01
-6.175860930921863883e+02,5.967862809660317680e+02
1.292243791933488637e+03,-6.528521735447703804e+02
1.578088669478934776e+02,-1.383967759572248042e+02
9.283061757004530818e+02,9.561942322971493695e+02
-2.541684210054329753e+02,-1.263547929888423909e+02
1.014073366468929862e+03,-8.436270216690692223e+02
9.454160273666493595e+02,-7.905088501564695491e+01
9.344292656007063442e+02,9.352491336260895238e+00
-8.458069530148649164e+02,1.630287386459946902e+03
4.816579883679678176e+01,-7.157743496635620204e+02
9.210767345629599276e+02,-6.477052355092653215e+02
-3.623354901809398143e+02,6.604110640781293569e+02
1.047072352455144539e+02,-4.081339579742726187e+02
-1.285845661088788120e+03,4.168397488217734690e+02
1.093247438501765146e+03,-5.391652610631931566e+02
9.107838442356268160e+02,-1.174503560962367146e+03
8.193991698133440877e+02,-1.385095675178976080e+03
7.939953257379661409e+02,-1.222802259913677744e+03
9.492078526888921033e+02,-1.995858219951148840e+02
1.074705274291260224e+02,4.370236849394984802e+02
-6.097890581256734777e+02,1.299745053783288313e+03
8.836982191506369873e+02,-1.057198585933519780e+03
4.305647717847452327e+02,-1.420039957410417173e+03
-1.260797762156740909e+01,1.561975743973611543e+03
5.478401485281376608e+02,-1.298059570984136599e+03
-5.029332220033213048e+02,-1.209711892873295710e+03
1.103236220512135333e+03,-1.008088155148182864e+03
1.341587003968152885e+03,-3.713088208505974421e+02
7.428052406417677958e+02,1.189146933548132893e+03
-4.680877987341178326e+00,4.907476875615545282e+02
-1.340554666223092227e+03,2.485451282200688752e+02
1.147784161378003773e+03,-1.274923022343954472e+03
-3.493079200538176678e+02,-8.248837849981733825e+02
-8.214982972114680706e+02,-4.466942892471274149e+02
8.468488054598839199e+02,-1.358119970954300697e+03
-1.325068404652746040e+03,-1.030737163289782529e+03
-4.808061941665110339e+02,-9.452304657633424085e+02
4.793876475048364227e+02,-1.376827771722726538e+03
-3.219075613818206421e+02,-3.305555492596549243e+02
-1.278234134736394935e+03,2.000065170045205889e+02
-8.595486355177473570e+02,-1.511047561745654775e+03
1.090174802749085501e+02,-4.638527427198879423e+02
1.654326957839576551e+02,5.317567045456212327e+02
9.093594398005128596e+02,4.499832364997128025e+02
9.630126952834797294e+02,6.741153630846288252e+02
8.556846984866700723e+02,7.286592899927040889e+02
1.254203259901232286e+03,-1.115809701880700914e+03
-4.394781723741389214e+02,-8.152205653025614538e+02
1.924570543280070467e+02,-5.089436972842058822e+02
1.373412168641965764e+03,-7.628399167846109776e+02
1.392901483657399922e+03,-1.464716939991577647e+03
3.346628649003013720e+02,4.521058082649633434e+02
-5.561971484119177376e+02,-9.344762354518238681e+02
9.650508258850526317e+02,-1.038275020799819913e+03
7.019651497001185589e+02,-1.373164351831810336e+03
1.282692826162412985e+03,-6.098896616249444378e+02
2.406937597670757611e+02,-9.903457704130411230e+02
1.317790658569059133e+03,-8.231901774439512565e+02
1.157720498992055809e+03,-1.117273802385754607e+03
-3.930222690606505012e+02,4.607356491793945565e+02
-3.877751486505898697e+02,1.441562275946409727e+03
2.316810423181976830e+02,-4.657263992918403233e+02
8.870509972236761769e+02,-1.213104162506840140e+02
8.598611967002246956e+02,9.994881235381075157e+02
-1.052025742591682274e+03,1.959662802335509923e+03
-3.070986460495722667e+02,-1.735737697268561988e+02
-7.120897061466546347e+02,1.266631097709292590e+03
7.162871211937100213e+01,1.341453336784481507e+03
1.819726991028133796e+02,6.072773707391160087e+02
-8.873391140627278446e+02,-5.402073983590253192e+02
7.255690281652103977e+02,-1.516563316918256760e+03
-3.254745014011948570e+02,-1.775349015292372087e+03
1.112111906311388339e+03,-4.871279996974280948e+02
-1.203990484548495942e+03,-4.361196077557809190e+02
8.514091900171197267e+02,-7.023740298027468043e+02
1.262810096561375531e+03,-3.046915087659194228e+02
-4.054398511144153190e+02,8.279553942166771776e+02
8.605252863439036446e+02,-1.416910544271813478e+03
-6.871960887495039287e+02,-1.164399705668289471e+03
-3.212072810630585877e+02,5.630628839737265707e+02
2.963134434175275373e+02,8.733809058010024273e+02
-8.089732589341873563e+02,1.086762051249422711e+03
-5.850600934755686922e+02,1.175306500598882167e+03
1.267962725530378094e+02,-9.475183428834021697e+02
1.282848077320695211e+03,-7.283035971657201344e+02
9.084640081282954043e+02,-1.092643738605703675e+03
-3.013936983236043829e+02,-2.149369025278133165e+02
-4.201852443638805426e+02,1.531368176263350506e+03
4.636441809018693903e+02,-8.620339698708786500e+02
1.044198294827886144e+02,-2.744757286017859315e+02
1.063329309467214443e+03,-9.722900514562996932e+02
-3.013680170512982315e+01,-1.265229954990983742e+03
4.259955767278718213e+02,-1.227008920323434950e+03
-4.929085227854025675e+02,-1.557859363246693647e+03
-9.020584372160074054e+02,1.534951080976598860e+03
-2.643487902690783926e+02,-7.293980392556763945e+02
-3.483054296919748936e+02,8.163707816341070611e+02
1.082517701272255408e+03,2.764644939004722701e+01
1.456603959677902367e+02,-1.195909989733329894e+03
-9.734432936917045254e+02,-1.252684736137853179e+03
-4.268942040280708170e+02,6.665578226860860696e+02
9.562170374258106165e+01,-1.052042755030018725e+03
7.523854475457980016e+02,1.372300515527220796e+03
8.689158599070573246e+02,-1.375496270661809604e+03
4.011690307737161447e+02,8.084184866191880303e+01
-5.347563178019616998e+02,6.543891891337013931e+02
5.468446545802702303e+02,-1.074454627291164115e+03
-9.669422004915866182e+02,-1.038296768473441944e+03
-1.893419472911918149e+02,1.638664536888584507e+03
-9.125141796275420347e+01,-1.084095399011717063e+03
1.119658547681880918e+03,-6.147041569016115545e+02
1.267130365386422227e+03,-6.406375630495360838e+02
1.346909145244112551e+03,-1.069635532442901876e+03
5.061876564554285665e+02,4.955106364626944924e+02
1.202699748145853164e+03,5.187288144428872556e+02
1.271658735154783471e+03,-7.866848363348626663e+02
2.189203096628654350e+02,7.208114330641531069e+02
9.496268802144370511e+02,-1.188513502022420653e+03
2.910159572898442661e+02,-1.828658567540694094e+03
1.244731912999265433e+03,-2.638747176383571968e+02
-8.691044353263320090e+02,1.883068707047863199e+03
-5.998706968657635343e+02,-1.624945421139820155e+03
-1.375348490236987345e+03,-1.524486626758109878e+03
9.825855562044695262e+02,-3.377649370512455107e+02
8.407826364284760530e+02,6.597966718966825965e+02
-3.530896084499729000e+02,-1.490236930923703085e+03
-5.211110695247484728e+02,-7.403823864132002655e+02
-2.365302874184522466e+02,1.183293463280902245e+02
7.423764220281190092e+02,-7.650763411630762221e+02
-1.506828626947882697e+02,-1.207778877433962407e+03
1.279829961903904632e+03,-6.930052424053935738e+02
1.433838679416282105e+02,9.751318001071375647e+02
-9.325459220765511645e+02,-1.286389392061151398e+02
-1.280529920621542487e+03,7.206261036582321822e+01
3.509961229902000923e+02,1.734685897836833192e+03
1.115613873921828372e+03,-7.242095645607284951e+02
8.729060818571259688e+02,-7.195902703518048611e+02
1.193486602837013919e+02,1.467702051438142462e+03
-7.097121770050252962e+02,-1.024195651218867852e+03
-1.340876844968366868e+03,3.611979173843498074e+02
4.366444458357796066e+02,4.479090930713813350e+02
6.623405415120934094e+02,-1.462433615971175414e+03
1.226960929096392647e+03,-4.991650825136619005e+02
4.616500325974266730e+02,-1.219761307705280387e+03
5.852993379977276867e+00,-1.262423421735111333e+03
1.251613496940519781e+03,-5.136143686451171106e+02
-1.328266310907154548e+03,-1.000747503079306625e+03
-2.234460253706997435e+02,5.991577532360819305e+02
-4.334647156458120776e+02,1.368398722615249881e+03
9.073097723804628458e+02,6.180127879385777305e+02
1.205863295796570810e+03,-1.047526944472665946e+03
-4.648784959558462759e+01,-1.012202240385398113e+03
1.019924070734370048e+03,-1.105253848720838732e+03
-2.584931703813672925e+02,-1.366134699628636326e+03
7.808593365242884374e+02,1.532772213171559542e+03
-1.267328798103944337e+03,-7.182455461555375678e+02
-1.248428444889756520e+03,-1.166259054020443727e+03
-5.270777287568249676e+02,8.892669356177227655e+02
1.269692545580191791e+03,-7.409717535834759019e+02
8.433996370484834415e+02,-1.676655549460794873e+03
1.017001488214097208e+03,-1.302139437275842056e+03
-1.331127831606749851e+03,-1.199004501023665625e+02
1.103803301682721667e+03,5.078718314311309996e+02
1.279675056968705576e+03,-1.194028157742304074e+03
7.812031924525844033e+02,1.388913827289667552e+03
3.856480497296993804e+02,8.882894085829738060e+02
8.557458181348191602e+02,8.666646836060172063e+02
-9.502133047786629731e+02,-1.127041717506957866e+03
7.179679894450608799e+02,-1.584798503995443070e+03
-8.726308924651827965e+02,1.044400473512646158e+03
2.181230223213248962e+02,-9.537672374016241292e+02
-1.435970347775829623e+03,-1.746004195669000012e+02
-1.311422489530348230e+03,4.444491005199780034e+02
7.585171312160090338e+02,-1.399822453187947985e+03
4.697858779492589179e+02,5.177827219881232850e+02
-1.006280451565970452e+03,1.502114050929494852e+03
-1.347567911547992253e+03,3.335766502126130604e+02
-1.409917881983450116e+03,-6.235308873867713828e+02
-7.988303851085805718e+02,1.132811789142788939e+03
-1.290402807081142953e+02,-3.592599194472842896e+02
8.146232722857740782e+02,7.326039752476890499e+02
2.371596287936125691e+02,4.201842786315016269e+02
1.929409770872016168e+02,-1.010021185660245578e+03
7.526847842384931937e+02,-1.425827241779052656e+03
1.304764248011620793e+03,-1.143040604028165490e+03
6.807239871877207804e+01,-4.266440606281119585e+02
-2.792578461032818495e+02,-4.038774762676760020e+02
9.496754583558322338e+02,-2.564805866592251959e+02
-7.751586950457916600e+02,-7.750646811986949842e+02
1.109578125188952754e+03,5.685162405897930284e+02
5.776670979182209749e+02,1.387381476439989001e+03
7.204423349200179700e+02,-1.050293612348113811e+03
-1.428762536720585558e+03,6.601542218498724424e+02
1.103435888089818718e+03,-5.085383471536267130e+00
-1.392921284668787166e+03,-3.710898806962082404e+02
-6.101166858219414735e+02,-1.239029895956606879e+03
1.025096763531135366e+03,6.205574033179877915e+02
-4.105379616697197775e+02,1.618970427608597674e+03
-6.193339650737324291e+02,2.706522642902849611e+02
-3.025362778211310797e+02,1.416413333675209742e+03
1.256938368980596124e+03,1.758539614102648329e+03
1.709416722418255006e+02,-8.847759032030912749e+02
4.175937803356486597e+02,-1.231189996483442428e+02
-8.302531449566057518e+02,-4.813955877628229132e+02
-7.983992764566687583e+02,-1.446088764040639944e+03
-1.393879717840543435e+03,-6.572916048230144952e+02
8.080794888980288988e+02,1.115000648054541443e+03
1.173380602847814771e+03,-1.000042090229750556e+03
1.414121867836462059e+02,5.496536132911068080e+02
-8.885637345005992529e+02,-8.597038270226212262e+02
9.339668154815591095e+01,1.680697404049483794e+03
-1.897699141744108147e+02,1.180412976638670216e+03
1.086282901579813370e+03,-9.530464111323684619e+02
-4.487892705549554648e+02,5.101038323990999288e+02
8.129024665190995620e+02,-8.613901601333641338e+02
-2.637094487794553856e+02,-1.975184723952123989e+02
2.713328376405893323e+02,-2.079060947932903503e+01
-9.943831000119106420e+02,7.850182397790636060e+02
-4.781000191469881884e+02,-1.699876691438523494e+03
-4.280744031171577717e+02,-1.157391541708139130e+03
-1.097132263608274343e+03,2.520630248845243102e+02
-6.270159045729917580e+01,-2.840050028290110617e+02
1.010992773172498801e+03,-4.022440932403696934e+02
-1.086329602363006870e+03,-1.836993234105776537e+03
1.369107118960736898e+03,-8.136544502962798333e+02
2.558470619150138816e+02,1.005326593578081884e+03
-1.204677082900535936e+02,-1.665864827262258586e+03
1.198944387925954970e+03,-7.470881470600879766e+02
7.500792923951840976e+02,1.502625016775060658e+03
8.253003467070732313e+02,-1.581770063145639824e+03
3.969236368587918946e+02,4.277256216097075594e+02
1.040057087428314162e+03,-1.078743315508786509e+03
-8.511814661043566730e+02,1.010901195804367148e+03
4.270201633909021552e+02,4.160093089204441412e+02
-1.875253444256445903e+02,1.234629318317230400e+03
1.081007924942603267e+03,-1.183797989290625083e+03
1.051465843620345026e+02,-3.543831397866053976e+02
4.956299934620328713e+02,5.293204481646233717e+02
-8.559751703243856582e+02,-1.100242144457903123e+03
1.184551254522606314e+03,-1.140839843248722218e+03
1.468496620486186544e+02,-1.646400044796656857e+03
9.277402051989103882e+01,1.603049259612587775e+03
-9.800330847748755332e+02,2.305448570868383058e+02
-2.640929243124710979e+01,3.818464195898569358e+01
2.762389882544480315e+02,4.080992745435474376e+02
3.388138077906377816e+02,-3.458950823296825092e+02
-8.462047185779370011e+02,-5.162576161278570908e+02
9.927476535995390350e+02,-5.732525935327788602e+02
2.183549457092908881e+02,-1.121831976458944808e+02
8.330975404414060677e+02,-1.240946717357320267e+03
-7.132595971235699608e+02,1.216514726116603924e+03
-1.170415581941259006e+03,6.532294023591852010e+02
4.179451134417010394e+02,-8.389209461154543988e+02
-3.647974829787315230e+02,-2.567465981279494827e+02
-3.705446597896159346e+02,-1.335318901495550108e+03
4.791329915737684786e+01,1.703514348820548548e+03
-2.205626434727280127e+02,1.335118820920256667e+03
3.514986251683959040e+02,1.418790105936454438e+03
-1.259274295496756622e+03,-8.783933397798881515e+02
-1.016818691712463533e+03,-1.260247408722903856e+03
-5.939323666706768563e+02,-1.206124274206549671e+03
5.871551837345951981e+02,-1.490368004464606656e+03
5.962780116599766416e+02,-1.401503110992438906e+03
4.946261193999554848e+02,-1.511421794499435691e+03
4.107644665611241521e+02,1.835394870737303336e+03
6.491409475218932812e+02,-1.531896031217536802e+03
3.632840424163809416e+02,-1.365442650512066848e+03
-3.784638397328706674e+02,7.718558091684685678e+02
1.265662407447976648e+03,-2.336528547351654481e+02
-1.147981985324586958e+03,5.333588489565909185e+02
-4.225560372674642053e+02,-1.383155889644848742e+02
8.087475832700084766e+02,1.169003243651096227e+03
8.538233807406976439e+02,-1.395995607643796461e+02
1.014580713219297877e+03,-3.695863631740355117e+02
-1.015728022842543623e+03,2.645630453261126718e+02
9.439197726832851458e+02,-5.670194523611409068e+02
-1.202647618316966827e+03,-8.550579973133865224e+02
9.802761206104690928e+02,-5.064055495768470792e+02
-2.872079702388998612e+02,-1.281436176448869219e+03
8.137484973287537287e+02,6.260750226182511824e+02
1.239070028842772217e+03,-1.088995330332762478e+03
-9.968755211654607251e+01,-1.310917898417877495e+03
4.848791813092965697e+01,-1.068181876168548797e+03
1.048349443732747055e+01,8.529824474756011341e+02
1.333637958784302668e+02,-9.115283127567552128e+02
-9.620911654202068348e+02,5.303361499914263533e+01
-4.261362072919295088e+02,9.934491209144368895e+02
-4.567201812794456259e+02,-1.527182095633376093e+03
-1.274651532396317407e+03,4.959956299905220476e+02
-1.250993616378140359e+03,-9.218405521972233601e+02
-1.236943729653906985e+03,-1.191213127519753925e+03
1.194759081565606266e+03,8.739790212278684578e+00
-9.691111624032788541e+01,1.312140734137334448e+03
-6.575662587096227298e+02,-9.613441795415687920e+02
-1.052165136689608744e+03,-2.970009159197459212e+02
-5.819275889595713807e+02,-9.807949158253750284e+02
1.051857645912686849e+03,-3.107566321964893064e+02
1.143744166757857556e+03,-1.990336283719335881e+02
4.347073432902827221e+02,-1.720897275969338125e+02
-3.791189416175511155e+02,-1.652643310614062671e+02
-2.009807249651153711e+02,-1.355956492722557869e+03
-1.084769362147448646e+03,8.042951632397847561e+01
7.036898488630350812e+02,-1.546383802687468233e+03
-1.302515979312756144e+03,-5.687320313628885060e+02
-4.099821243495715635e+02,-6.777361064689163186e+02
-6.611691105433056919e+02,-1.504874811276140917e+03
-9.546160607106033922e+02,-1.161193444315254737e+03
1.349081181525076772e+03,-6.032983070013542601e+02
9.709457483076739663e+02,3.975755822851158996e+02
-1.925514092480147497e+02,-1.131498261213841033e+03
-9.634374383403943511e+02,7.936720195539605811e+02
5.662289398633778319e+02,-3.387284201678573936e+02
-4.995794054687184484e+02,4.394429270137520689e+02
1.053335303365947084e+03,-5.089338314822985581e+02
-1.262075921829549998e+03,-4.500644002442128340e+02
-1.134549255434521228e+03,-1.757569200752900827e+02
8.029919713118171103e+02,1.460460096916071279e+03
-1.071882878981947442e+03,-4.681361220809114343e+02
7.612375818647396954e+02,-3.527967821337975352e+02
-5.182094360249368492e+02,-2.005419961009065446e+02
3.433194202294287720e+02,3.810906782766923016e+02
8.520621649578096140e+02,-1.532350885976894915e+03
3.154360185538379824e+02,-4.435695559941513011e+02
1.082320163041624937e+03,-4.677573563245020978e+02
1.300689438638486308e+02,1.401133453416822476e+03
1.214539859266819121e+03,-4.458444446492240445e+02
1.235352970581136333e+03,-5.129438541167171479e+02
3.223717646333010975e+02,1.667432323791884301e+03
-1.429327191811549710e+03,-5.559773889503657074e+02
-1.102044529655024235e+03,-1.301541442975018981e+03
-8.543726631628168207e+02,-1.189356494225312417e+03
6.232496414075677649e+02,-1.475524612186471813e+03
4.679465963392673302e+02,-1.829078219986958629e+03
1.034761334526574956e+03,-6.365146040798707645e+02
9.068202949525585836e+02,4.863931904244194584e+02
9.511262710126028423e+02,2.494612938270838924e+02
7.798718910820755355e+02,-1.670694811526425610e+03
3.176973884069255973e+02,-2.927256914241564800e+02
-9.465541279450114871e+02,1.517515974000672031e+03
6.186222363303261318e+02,-1.288221321238566588e+03
8.829348423975898186e+02,-1.615298747580594920e+02
-5.508767652113049280e+02,-8.854605775020986584e+02
-1.353891844981136956e+03,-1.216344621296120607e+02
1.389916698652048353e+03,-7.194203344787648575e+02
9.811278930767913380e+02,4.538861667473757961e+02
1.152442345381603445e+03,-1.150005913675734064e+03
-8.986961779507596475e+02,1.369092376519125310e+03
-5.932239288724914417e+01,-4.400177022180116069e+02
-1.621586444663106477e+02,4.701264993081029502e+02
-4.859048339336185904e+02,9.014020963903417396e+02
9.972395436298663753e+02,-1.188831844810646999e+03
-1.260549621974331103e+03,-9.798149724160298319e+02
1.220139877156996590e+03,-1.110389629952239375e+03
1.074262021808615373e+03,-1.077437328640899295e+03
7.983189235240866992e+02,-2.529630040562441593e+02
-9.704581180098082314e+02,1.893513917905219387e+03
6.280696513196743354e+02,1.784691998974738681e+03
-1.355230600804683490e+03,-3.672739455500809527e+02
1.202465294187441714e+03,-1.230901184545752045e+02
9.046693403924984977e+02,9.923476086992457113e+02
-1.685728903344879939e+02,1.429456679910948424e+03
5.702152842502516705e+02,-1.209855969007864360e+03
5.893010001474452793e+02,-5.643205145640077944e+02
-1.198491254222683210e+03,1.047063739324057906e+03
3.042720506953223207e+02,-9.586481690798890440e+02
-7.539016620232470132e+02,-6.273549556047507849e+02
1.850133288899463082e+02,1.700478859836526681e+03
1.135401000352447227e+03,1.770157537095255293e+03
-3.835521354346065550e+02,1.350757275136956196e+03
-1.207473348025594078e+03,6.015567049991389013e+02
-1.135641251932072919e+03,-1.037504016190956918e+03
1.023259246104632325e+03,-8.960915119591122675e+02
-9.672664921223157535e+02,-3.249477687143631783e+02
4.906903156491665072e+02,-3.097767232092149925e+02
-2.235653708506648059e+02,-4.028253216236063281e+02
-1.394464631995290119e+03,-1.362617455912821924e+02
-1.393414033008778688e+03,-6.998535242769877414e+02
1.546442829202140672e+02,3.921205463932673183e+02
2.491787184362977428e+02,-9.020612845443608876e+02
7.346456888536318957e+02,-9.373962662332185118e+02
4.445279241166916790e+02,-1.374443471402079922e+03
-4.587612642859264724e+02,-1.241379588262311472e+03
-8.981771234593751387e+02,9.265438562333379195e+02
1.215983681108542214e+03,-5.838433570190815090e+02
-8.207988423935966011e+02,-1.141323093917024607e+03
3.657573029785652921e+02,4.803674926641316461e+02
5.889184229821589724e+02,-2.759022790692359308e+02
-1.156699325270905774e+03,-9.211419187467247411e+02
7.444538344875630855e+02,-1.271116091554301420e+03
-1.317723936468187503e+03,-7.316533606358051145e+01
9.050691457676442724e+02,-1.035292319805052784e+03
2.457348633603558028e+02,-1.541366297008554056e+03
7.968946930260466388e+02,-1.563815797645460862e+03
-1.723756433080295665e+02,-2.399718405150859439e+02
-1.809095402035562756e+02,-1.709357558809003194e+03
-3.743326626849195691e+02,8.967400033954738774e+02
8.140844169908521053e+02,-1.321376389047384691e+03
-2.010351472697850284e+01,-2.510389425805088024e+02
1.325944537761323318e+03,-5.972039629400702552e+02
1.366485421084324116e+03,-5.965033999612462594e+02
7.973534587485303291e+02,-1.527873753822912022e+03
9.576772071753784985e+02,6.198642384048938538e+02
-3.271472441977967378e+02,1.277702862177974112e+03
3.019449413457285800e+02,-1.765771864815901381e+03
-1.298179612721490628e+02,-1.252403246415249441e+03
-2.827210955795474661e+02,1.385559648481146951e+03
-1.337673392767969972e+03,-3.020263349750397879e+02
1.146658250263304581e+03,-1.350290872421788208e+03
-8.195169488424807014e+02,-1.212648012211286186e+03
-9.632086716736857852e+02,-2.968352007736163500e+01
4.773544055124182250e+02,3.170567633619019716e+02
-5.426484618330717069e+01,-2.053501290486550772e+02
-3.800218577044520885e+02,1.573941765160807563e+03
-1.395613489748926440e+03,-4.481329972235449191e+02
5.854124847957688615e+01,-1.017579212850621957e+03
1.122930882630574615e+03,-4.774122479328433997e+02
1.288244816323430769e+03,-8.347444625819407520e+02
1.319194022318330099e+03,-1.168348510816999806e+03
4.318602343361046110e+02,-1.663876404817641969e+03
2.563981765920357248e+02,-8.015566485436366975e+02
1.061088777464889972e+03,2.501565673133982557e+02
4.364897145194458972e+02,-1.739380456114449544e+03
1.414621873104543511e+03,-6.288265507606996607e+02
-1.063702380201884807e+03,-9.049695846001615962e+01
5.121128360384407188e+02,-2.303917720537162666e+02
-1.124284800596305104e+03,5.589020414389135567e+02
-9.313306078467235238e+02,6.423120064793221218e+02
-1.322176688599910904e+03,2.616095404198745769e+02
6.717402952063549719e+02,-1.441105966632730997e+03
1.132427533960531491e+03,-4.975743966807187917e+02
5.449836973927235704e+02,-1.747993798494382816e+02
-1.179953463390093475e+03,-1.107541730618348083e+03
-6.300397415348724053e+02,-1.623973611709069019e+03
8.001872255660296105e+02,-1.177465624867505085e+03
1.389765416887427364e+03,-5.730957797288165239e+02
9.497569816998907299e+02,-6.701892372714719386e+02
5.230221861004763468e+02,-1.262846668842407780e+03
1.364819227975420517e+03,8.523147448583323467e+02
-8.902321155430979616e+02,1.422011432229130378e+03
6.851618076865890998e+02,-1.239937314908001099e+03
-9.944182809957006839e+02,1.479965042289186385e+03
-5.987998580600373089e+01,-1.755963956598094001e+03
6.792232775280455144e+02,1.401268188417320289e+03
-1.001270735692783518e+02,1.568518576238084052e+03
-1.003323385117171540e+02,-1.779016537412600883e+03
-6.497829258052718160e+02,4.701619641953467408e+02
1.385882183248566832e+02,1.670201339574002986e+03
-5.859735498301868120e+02,1.360818965817195249e+03
8.857799634168749208e+02,1.631889840464111558e+03
-2.454438780160145654e+02,-3.034278443291119061e+02
-5.469338352107108392e+01,-1.505832244792269421e+03
-4.300825130024550162e+02,8.715825818859224228e+02
3.778900240132157933e+02,-1.561635679051922239e+02
1.005264608757961923e+03,-1.880637137254634297e+02
-1.197040151588347499e+03,-6.583955413991025125e+02
-1.205088257881473055e+03,-2.626127514119148714e+02
-5.415385460637135395e+01,-1.316138189501334182e+03
-1.321741716077336378e+03,4.127965388183417303e+02
-5.317277487385979384e+02,-1.507291086459077860e+03
1.206470458524590867e+03,3.462587678374843563e+02
2.121088760440009366e+02,8.791206384928985926e+02
1.017442008599970904e+03,-4.950754300650464188e+02
1.144946991999466718e+03,-4.070333640709770293e+02
9.925682465442179137e+02,-9.379850610986944730e+02
5.496021765388281892e+02,1.647135221172374941e+03
3.073426174677982203e+02,3.602869813088138358e+02
1.203850500992334673e+03,-8.341263885185386471e+02
9.410456273171658950e+02,-1.293426859106685015e+03
-8.854482971882046058e+02,-1.162520300753224092e+03
1.287729984893191386e+03,-5.159817814986417943e+02
-9.160384270998215470e+02,1.496993729814188555e+03
8.002625510968447031e+01,3.932608456090500226e+02
7.705068099193919124e+02,-1.200458468622078954e+03
2.405391679791571278e+02,9.669907671260446023e+02
1.174442212086256404e+03,-8.128862987943941789e+02
-3.430278139540297957e+02,9.229243027228419578e+02
4.370328816431000796e+00,-1.111688776820914882e+03
1.183353863731817910e+03,-1.923556662588061386e+02
8.890182670349618093e+02,1.452554459737324123e+03
1.181360154074681304e+03,-1.066828565704565335e+03
-9.324550717644463020e+02,6.551120763103953948e+01
6.792548340425565812e+02,1.755303810199071904e+03
-3.425959223221540242e+02,-1.322378066723015536e+03
1.065321869002434141e+03,-1.482199668216357395e+03
-1.113989866579690215e+03,-1.246328348322560897e+00
8.667067490128891905e+02,-8.409061615311379683e+02
3.642142631149351928e+02,-1.535150049001377738e+03
1.248196231225354722e+03,-4.974084811110201940e+02
1.424171495913234651e+02,4.489165950129303155e+02
-2.750217060376146492e+02,-1.044965175445378918e+03
-1.310814673269366949e+03,-8.818040931633947821e+02
1.729355801706128943e+02,8.748471911386865258e+02
-1.030572290879681304e+03,-3.626901585212835926e+02
3.092662385782566616e+02,7.905106470221085146e+02
1.291740534971997704e+03,-5.779414455346502564e+02
-8.854116325825663125e+02,1.574303677259409824e+03
8.829902911129420318e+02,-8.233456837488286340e+01
-4.700318939506434504e+02,-1.430177521261057564e+03
-1.101749567813382527e+02,1.244851910310900848e+03
2.496935517804115712e+00,-5.127921750302475630e+02
2.762817099520192414e+02,-1.320357847201970344e+03
1.149673122655432508e+03,-1.319010594398419244e+03
1.051136672705998080e+03,5.814320464882757022e+01
-2.285308119509485323e+02,-1.618980366231271091e+03
1.278427053725673659e+03,-1.007175655734202678e+03
1.402128302463157524e+03,-6.016235965032003605e+02
1.187318944546738521e+03,-6.825740371016145218e+02
2.527626137675504481e+02,-3.917298158225584075e+02
9.662032625707618081e+02,-1.021671478180783538e+03
7.449753461975276423e+02,-1.675651163859352209e+03
-1.907166664832267884e+02,-7.845539657151239226e+02
1.255333678379570983e+03,-9.502030004852389311e+01
8.773145297544740515e+02,-1.433230725752994658e+03
2.365336443949498175e+02,-1.719317120203505510e+03
-1.291207454251227773e+03,-1.099498004992649385e+03
1.313576232264026203e+03,-5.374861106216653752e+02
1.145173796037867078e+03,-7.402083271936725168e+02
1.113374970479384501e+03,6.676584773616010580e+02
1.043984076803468724e+03,-7.903511891387835249e+02
-4.253507646037980408e+02,-3.554680935603956868e+02
1.242273620939701914e+03,-2.159680890198119982e+02
1.387383853250697143e+02,-1.709123691745559199e+03
1.454716218766328062e+01,-3.694900776242999427e+02
7.839104781434079996e+02,-8.333525482519037269e+02
1.225029666496626760e+03,-6.725628707371124619e+02
7.169033937746838774e+02,-1.453026574355985758e+03
1.007991730642581615e+03,5.408969763224072267e+02
-1.017759808278269020e+03,1.530487525009706360e+03
7.243691479146197025e+02,-1.726448434985513131e+03
-1.214773219239643367e+03,-2.079361306947496644e+02
2.234576047109626700e+02,4.832486347232890012e+02
-1.021349933189429066e+03,-9.972917175066238542e+02
-3.847035146557169583e+02,5.236038394982381305e+02
-1.336724142148033025e+03,-1.477124530799646038e+02
6.141036505614727048e+02,1.441928510313292691e+03
4.350185012564097633e+02,1.742383653038345301e+03
7.786311478647627382e+02,-1.640269753513446403e+03
1.421467257431717599e+03,-5.725249061286369852e+02
-1.207922761368698957e+03,-3.561628586595091406e+02
5.412351375937670355e+02,-1.363364394137987574e+03
2.377643165584667315e+02,-8.723240774685597216e+02
-9.082046324503571668e+02,1.806879398553252258e+03
3.936266420830983179e+02,-1.744827950408157903e+03
1.326742362090716369e+03,-5.600715128855027842e+02
2.013397005255241936e+02,8.223023618636617584e+02
6.495411867769472565e+02,-9.243316285724962427e+02
1.248095744806989842e+03,-4.735224985435626195e+02
3.891748835899056189e+02,1.655159892988476486e+03
1.037854895477333912e+03,-4.941829975986823342e+02
7.410583243243977449e+02,-1.389634277411200401e+03
-1.443198478816997294e+02,-1.577472316640980353e+03
9.273477824722663172e+02,1.526248949431066876e+03
1.113853435298277645e+03,-1.067957057591555895e+03
-1.442920512112076040e+03,-4.078553337242484531e+02
9.794192198663436102e+02,-1.491497495152495503e+03
1.189590487071223379e+03,-6.570697113976935952e+02
-2.635602766466063258e+02,1.438446815961787252e+03
-8.998511814373014204e+02,-4.248980941589654208e+02
-2.456057406279219890e+02,1.673639627569347795e+03
-1.099840906945561073e+03,-1.071819154871404180e+03
-1.179163214615296511e+03,-3.971361838324425548e+02
1.042698307806514890e+02,9.810250703161885895e+02
1.376001165862826383e+03,-5.836231776275374159e+02
9.261375286892413214e+02,-1.017012525767279726e+03
-4.863196279948613778e+02,9.439763974455140669e+02
-1.188044202295624018e+03,-7.849584113749011749e+02
-9.651184198989668062e+01,-3.606078246716422200e+02
7.580199749372491169e+02,1.713659274544182381e+03
4.510782841576319697e+02,-1.256011986446913170e+03
1.122434879479537585e+03,-9.709132620786359666e+02
8.100230606931481248e+01,-1.661984659469284225e+03
1.285023226138475138e+03,-7.600217113068555363e+02
-4.278518562130941518e+02,-1.215299191808903061e+03
-1.328809538678744502e+03,2.413041767265960402e+01
-8.470936628041347376e+02,-1.242735983699585859e+03
1.049098817185860298e+03,-2.082374754286054497e+01
1.284994009516926099e+03,-1.087660677286856526e+03
1.664225798748555007e+02,-8.332853758883196633e+02
-4.506643894629638112e+02,-8.594740102602962679e+02
4.397028038957171816e+02,2.520295597499623454e+02
-1.440659409431132417e+03,-5.145299940224422244e+02
-3.723200786859626277e+01,-7.953438268502360415e+02
-5.223440673595657699e+02,9.560486166232649339e+02
-1.041551360230502269e+03,-2.657678623687374966e+02
-1.278626125441310933e+03,-1.198823948270367282e+03
-2.705615804002398477e+02,1.338286116342746254e+03
1.060626411200373241e+03,-8.497950675052849192e+02
-3.786113396561307809e+02,-1.674240760825855205e+03
-1.007860115466466368e+03,-4.616368033140907983e+02
-2.992129507154476755e+02,-1.407954475518921072e+03
1.368619543325156656e+03,-1.130798406053149392e+03
-5.027662442222483463e+01,3.882075571922582071e+02
5.885941103771953067e+02,-1.370689259748351333e+03
-4.786030515239746137e+02,6.559662528634024738e+02
8.369792419881098340e+02,1.502269154186042670e+03
-2.032672640858680779e+01,-1.800749701484633079e+02
4.280932341043185829e+02,2.176422754715350720e+02
-1.051691027253827315e+03,3.293470025633361047e+02
6.238884114658828395e+01,1.925901274233589447e+03
-1.539094303712565370e+01,-8.754917451373786434e+02
1.120113039029205083e+03,-3.684416033447786276e+02
-1.371802064806311819e+03,-3.492974923209409894e+02
-1.051806849881006428e+03,-1.270981560125320129e+03
-3.814531398651737959e+02,-1.938743715781708374e+02
5.421287476004648624e+02,-1.758724575867084468e+03
3.582974525813847322e+02,1.469645813538761104e+03
-2.076269467524264769e+02,-1.032889768036816349e+03
1.003685342782850398e+02,-1.596258240705855542e+03
7.919515024798014338e+02,-1.433292007701691773e+03
-5.173159547205763147e+02,-9.915300737696819624e+02
-9.730774661361158451e+01,-1.640053783601152190e+03
8.347837643926361579e+02,-1.034076190906701413e+03
9.170713674035868053e+02,-1.242103930752040014e+03
1.321672082329113891e+03,-7.703937099888548801e+02
-1.311536158495964628e+03,-7.663513374496668575e+02
7.244516474576204246e+01,-8.575799911348298110e+02
1.088448550612869667e+03,-8.986711479255105814e+02
3.553668049040734331e+02,-1.496035638530324377e+03
6.450794672160320715e+02,-1.687317988124926842e+03
1.145756527327483809e+03,-1.211486733374921414e+03
2.022258120381261790e+02,4.534915923525413177e+02
6.674358980427019787e+02,1.806661714702456038e+03
-4.771472520220975184e+02,1.455105469024629201e+03
-1.401750906598722167e+03,-4.032946762916319017e+02
6.298224163643284328e+02,-3.563948781332344424e+02
2.711806468609410672e+02,-9.253629462154660814e+02
9.925060882340275157e+02,4.886977616318492323e+02
1.047215653661042779e+03,4.414075007692669601e+02
2.673606169088093907e+02,8.641934726009615133e+02
6.707257467129919632e+02,1.289127370700322217e+03
1.229518082984219518e+03,-6.185325214248518932e+02
9.394700146545544612e+02,4.963609153383155785e+02
9.907914117052212077e+02,6.468730903573901969e+02
-2.102543065654499514e+02,-9.395120961471003511e+02
7.419042402295971215e+02,1.457939876340815999e+03
-2.314641534346431229e+01,-1.455472733060177006e+03
1.032994453422443485e+03,1.907430989081018652e+03
-5.993076279519722220e+02,4.683338669844999913e+02
1.017325465729588586e+03,-1.478333906674186437e+03
-1.178016252407603133e+03,-6.628926289657933069e+01
-1.421517241717891125e+02,-1.623284034223005392e+03
-3.295285467803699930e+02,-2.213644027384078754e+02
5.409797237057159691e+02,9.479121938538308996e+02
6.849762019314345025e+02,-1.454677637205903011e+03
1.360376938424437867e+03,-1.037470098233697399e+03
1.124646415465173277e+03,-6.849068587462159030e+02
8.419980854915378359e+02,-1.616635156406180840e+03
8.624017496706384236e+02,-1.109834342300736125e+03
-5.843153945729200132e+02,-7.805860101108371509e+02
-2.394274375573428983e+02,1.159539033433341274e+03
-5.405654918245292038e+02,1.270293851748385350e+03
1.239789049437814128e+03,-6.432878292444884210e+02
1.055966843337364708e+03,-8.868483937053803174e+02
-7.634660182172954137e+02,-4.423023635723895950e+02
-4.500858098930029314e+02,-7.094459899559813039e+02
9.843329518690899249e+02,-1.072116340423133806e+03
-2.878074309288793984e+02,-4.508559326546366037e+02
6.494051906727820551e+02,-1.309989789618103487e+03
7.368351667516988357e+01,-8.203675928768534504e+02
-1.063448511747806151e+03,-3.374613052068214643e+02
7.437776089822236827e+02,-7.096600910199450709e+02
-1.038919221557022183e+03,7.378924905018700429e+02
1.590599095977026138e+02,-1.140582111621080003e+03
1.004427428705023544e+03,1.702613679512110139e+03
1.007271011820672584e+03,5.683018199953538669e+02
8.451325589473661921e+02,1.612749583684358640e+03
5.300716045356122095e+02,8.178637659867097227e+02
5.639777092046243752e+02,-1.387228473572155053e+03
-1.413617537092563907e+03,-3.622695423023811259e+02
5.902946607390529721e+01,-1.265058925649815365e+03
9.408558455342531488e+02,7.052914835984717001e+02
-5.863285099227522323e+02,-2.252836191022312846e+02
1.225101957535216798e+03,-1.075005810372329734e+03
9.579800427824757207e+02,-1.413590757283623134e+03
2.542806124595886388e+02,-2.856556906276709356e+02
3.478477561201094090e+02,3.013872703288837442e+02
5.043988720450919345e+02,-1.575887776177637988e+03
-1.245839441690830881e+03,-2.173317551108403904e+02
-2.648931799265856171e+02,7.044602964490856039e+02
9.778861973519179855e+02,-1.559454904965391506e+03
1.641824426518910514e+02,-3.994087229627453439e+02
1.308685828449583369e+03,-1.062166560561488950e+03
-9.157277746925013844e+02,-1.391317035369604810e+03
9.005174995754118754e+02,1.485165119043000914e+03
-4.935015430130719665e+02,1.300391996977520193e+03
3.201117041473631843e+02,-1.247549162298479132e+03
-8.275429845546736374e+01,-9.518392017685547444e+02
-1.036197144966523638e+03,-2.433054278333194418e+02
-1.350592681482542957e+03,2.892665818204205834e+02
1.297165350228145371e+03,-6.004686489819628150e+02
-8.116245001699728618e+02,-1.324349498055348022e+03
-2.592033762050394898e+02,-1.424673524892460136e+03
-1.098361748694663675e+03,1.980393867281056600e+03
-1.086202911613569768e+03,-5.183451265127688430e+02
-4.140434028402439139e+02,1.097422416131217233e+03
1.388691318130943046e+03,-4.583448576714324645e+02
-1.008656005797063244e+03,1.421428307503201268e+03
5.472127449196024145e+02,-1.511342196363528728e+03
2.531057567365247962e+02,-1.448479352915781419e+03
-9.894502833121881622e+02,1.459744993809591961e+03
1.661511590552241842e+02,1.528015715209756763e+03
4.808036849417692906e+02,-1.038957432187691893e+03
1.462184852389578111e+02,-8.213520114851885410e+02
1.302195351506335328e+03,-5.616328218110601256e+02
9.766994124306756930e+02,-6.860759216000827792e+02
7.271375438746218833e+02,-1.229336069307391426e+03
-1.201335419436845996e+03,-1.051635198291438201e+03
-9.150671103027856361e+02,1.652969276384611135e+02
5.378721680498273372e+02,-1.547610638986558115e+03
-5.582427787941160204e+02,-1.625656972318377484e+03
-1.384458060960086414e+03,-4.118008501389618203e+01
1.066938336291642827e+03,-9.688290125891680304e+01
-4.622135119891221962e+02,-1.480761399234209875e+03
6.272623139229133358e+02,1.541105168004034340e+03
-1.202705644618296674e+03,4.464311079784347385e+02
-4.197015775940809590e+02,1.135148890697062143e+03
6.730872492509702170e+02,-1.365096087054189638e+03
2.129965112353173424e+02,-8.867927364802059174e+02
7.629582040333089026e+02,-8.038840067381520385e+02
1.266322690278460641e+03,-3.396790072627765653e+02
1.302448051626436381e+03,-9.375287052624078115e+02
2.047825268336309819e+02,-1.572154335294032990e+03
1.138532742068354537e+03,-8.127369876480159974e+02
9.728745294602772447e+02,-1.096525751826782198e+03
-2.729782878764162319e+02,-7.747412917925132660e+02
-1.178696949324749767e+03,-1.238826455068636506e+03
1.530247994888221967e+02,-1.037035982272305091e+03
1.056096726002261448e+03,-1.845811472137924341e+02
-3.044544924168340572e+02,-7.281978376248003997e+02
1.117591245504338076e+03,-8.763635403109553863e+02
-8.035946181696650683e+02,-3.511482388693004282e+02
1.209159502631569467e+03,4.844422549758754144e+02
-1.329128165006698282e+03,-7.813527337220850768e+02
-1.153494762248630877e+03,-2.486305663830025878e+02
-1.009005092011587635e+03,1.633025566938810016e+03
4.556844027084011373e+02,-3.595129976754473660e+02
8.754181126997606270e+02,5.431576094097841860e+02
3.002398225419574942e+02,-1.558897591710595634e+03
-8.285865787676598302e+02,-6.328026234602768909e+02
-1.276678439076091991e+03,1.499772372588853102e+02
7.474936249754788378e+02,1.784553684686474980e+03
1.275585088517709892e+03,-5.506487880568940909e+02
-1.297597268383372011e+03,-3.003517274273395969e+02
-3.376876625069327815e+02,-1.369549808508058277e+03
2.318622822106154615e+02,4.443533893949521030e+02
-1.054144506179232621e+03,-4.192450147201963659e+02
4.408974188614814693e+02,3.468090726171260485e+02
-4.397685445630889944e+02,1.052868476362913043e+03
5.061383544756599804e+02,-1.507973814815543960e+02
-1.072928808909918871e+03,-1.624335264645950474e+02
1.416992148046450382e+02,8.649350883043443901e+02
8.870063788611989821e+02,1.032570092836148660e+03
7.033460111190801172e+02,-1.694616992393851888e+03
-2.785707314416804365e+02,-3.021696380696699862e+02
1.258854617194511093e+03,-1.210839368110252281e+03
-3.203462493567055276e+02,9.740572031714274317e+02
3.169459178299688347e+02,-9.943563350940790713e+01
-5.223753588344668515e+02,-6.913245775603647871e+02
-1.140858927525172248e+03,-1.245154178432370145e+03
1.029953072066024617e+02,-8.567093585749740896e+02
1.261102792148841672e+03,2.182077720560554326e+02
8.209647018851241000e+02,-1.202807994299139182e+03
-9.014664885375808581e+02,-1.507706098518090812e+03
-8.275562524991048576e+02,1.223990954626460280e+03
4.170096930771161396e+02,5.054056850669381902e+02
-6.788532435623009178e+02,-1.224551371526446474e+03
-8.299969574494000426e+02,-9.658830787426028337e+02
-9.112670801795717352e+02,1.696588166573118315e+03
-1.332307441348514203e+03,2.218631113478997747e+02
6.209942921965487130e+02,-2.037107422345373777e+02
-1.280394967325001062e+03,-8.996575162850647303e+02
1.213287362939132663e+03,-9.626795566905511805e+02
3.698821962739115321e+01,-1.616800811613118412e+03
-1.282472455769662474e+03,3.428760815146732170e+02
-1.140889022641273840e+02,-1.596518664029675847e+03
-4.414700791033424387e+00,-1.790616859396877089e+03
5.429779615607665164e+02,3.960864222213593848e+02
7.914144990748609416e+02,1.570077240860425036e+03
1.720409401840252031e+02,4.608529877326036512e+02
-8.884431300923858998e+02,-4.902808976061894555e+02
-1.320257427291907675e+02,-4.399673657172118624e+02
1.159227875196890864e+03,-6.404723354857511595e+02
1.160647304841288815e+03,-8.946679170095472955e+02
1.978965400535748245e+02,-3.956246678208876801e+02
-1.118613077039762175e+03,-6.754912634479791222e+02
-1.019314209643054141e+03,-1.902485595911740006e+02
4.057264659657210473e+02,1.292867213021786256e+03
-9.859491980756769181e+02,1.924279592671502087e+03
4.176046406131435447e+02,-1.526293933379420878e+03
1.224380862730698482e+03,-7.648489597463941436e+02
1.210393602071228997e+03,-1.281665524619073949e+03
1.852937050023149084e+02,-8.451626380145695521e+02
-4.012032015481076428e+02,-9.990617520683678094e+02
7.958254329139937227e+02,-1.272443243607167233e+03
3.310952348791463464e+02,4.949664577551620823e+02
1.383104169325594739e+03,-4.213747429709391668e+02
-5.831829530569658573e+02,1.420634973072372986e+03
-4.277345310436604109e+02,-1.656253642622586312e+03
3.559988961980106978e+02,-1.585834405872408524e+03
8.576612929254458777e+02,-7.353160038676786598e+02
-3.374551313297080242e+02,-1.530007405603747657e+03
1.010274495888197407e+03,-1.059156597905994204e+03
1.192555237582346535e+03,1.775084523809013717e+03
-2.989049775172307477e+02,-1.204633668227422731e+03
5.000789806938955735e+02,-1.219330358074591686e+03
7.569683507483637186e+02,-2.720576662154284122e+02
3.096172248015189439e+02,-4.946234336166604066e+02
-1.429375671337640370e+03,-2.513895731318831679e+02
9.710364784142235521e+02,7.817455822044239540e+02
1.565690719348292816e+02,-1.305000598523861754e+03
1.354382727596824907e+03,-6.437378306810085178e+02
-1.033747161890539701e+03,7.853480672729733669e+01
-3.764603934857474314e+02,1.030102056216670917e+03
-1.268451481764340315e+03,-8.223912068007392691e+02
1.028087974681385958e+03,-2.789826415145985266e+02
4.649944526240156506e+02,-1.540493213236705969e+03
4.145512258497802804e+02,-1.574399666692326946e+03
4.807201871297723415e+02,4.226127144660607655e+02
2.896587317105260695e+02,-9.876148912265762192e+02
1.132943385484357123e+03,3.325686180441808233e+02
-1.189805613176798431e+02,-1.542908519991075309e+03
-8.757102659790868984e+02,9.746218956234164352e+02
-9.209762873727208898e+02,8.228605779478359636e+02
-3.821964722411873936e+02,-1.512490188981103074e+03
-5.130016022743550508e+01,-1.708476543552456405e+03
2.701145511291815993e+01,-1.576129065911558882e+03
-4.245563238674537274e+02,9.095554059129275402e+02
-5.128423934609930939e+02,-1.122590778916712679e+03
1.376875130285426962e+02,-3.296141782807338245e+02
1.406549597740221998e+03,-6.557042360546269038e+02
1.169628859557107262e+03,5.821866254302449306e+02
-7.030151382226389387e+02,-4.545685241704098871e+02
2.144470107515961672e+02,-4.200902207975502733e+02
7.112288108931907118e+02,1.816188705041411140e+03
-1.008205398388063145e+03,-1.350531373769377069e+03
-4.452013509873701196e+02,7.964915135733725720e+02
1.296871365731679589e+03,-4.777769786773688452e+02
-3.235008789221149073e+02,1.203396655556542555e+03
-1.187698473056047987e+03,-4.324392771888691200e+00
1.226886417523382761e+03,1.954617766956518565e+01
1.203213768907694657e+03,-1.084940232183133503e+03
1.076487728778444989e+03,-6.758817043199267118e+02
-1.252603162457040980e+03,-7.973266647158160367e+02
7.093198510644131716e+01,-3.737197044671074195e+02
1.378138980388632262e+03,-5.321210784257515343e+02
1.062595521981239415e+02,-8.945767021173710418e+02
9.013300273650831684e+01,-9.808883387922686552e+02
-1.341028040859951943e+03,-1.105166625455680105e+03
8.028634942278015387e+02,-7.881369290512162706e+02
1.095416019267281172e+03,-1.355922156580881392e+03
-3.514750746609561247e+02,1.092299973215873024e+03
-4.555066538769493718e+02,-2.049908219228109090e+02
7.270865841742595421e+02,-1.368264193964309243e+03
2.138153515459312928e+02,1.865340565623163513e+02
2.708083022617845472e+02,8.843293295661876527e+02
7.336186795745825293e+02,-1.123387961393024852e+03
-3.149228279616820032e+02,-1.333571242537902890e+03
-7.684093389491927155e+02,-1.896466749180347961e+03
-2.532253970506595806e+02,-1.606840209289749964e+03
9.652646501311252223e+02,4.784113763518920450e+02
2.080360539197171761e+02,1.787648764501651840e+03
-3.199690441671785379e+02,-1.602013135047182686e+03
1.010091682365548422e+03,3.982215716047151091e+02
8.737122311797573957e+02,-1.511681765067366769e+03
-1.538832834211526688e+02,-2.340056714342320277e+02
-2.984755413311546022e+02,2.901696431873682513e+02
1.013887148900609532e+03,-8.074685649328240515e+02
2.052373589402254481e+02,-1.782538922394403698e+03
-9.283337196025497633e+02,1.847595516668791561e+03
4.049369923875512427e+02,-1.240521392480900204e+03
-3.294456682566151926e+02,-1.396761110261349131e+03
-1.267342982865037584e+03,-2.977579461550217275e+02
4.752289086579943387e+02,-2.059504256688046837e+02
9.716167051064355746e+02,5.683149050782249105e+02
-5.411022069332938145e+02,4.390293897260003746e+02
-9.010106968184461493e+02,1.288345993242896384e+03
-6.010096960710450276e+02,6.719380900641831431e+02
1.124546121040268872e+03,-1.101645958840902722e+03
-5.150822495062382131e+02,-2.966239290148009218e+02
-8.948075116566994893e+02,-9.474094794274309379e+02
-3.154836927289467212e+02,-9.245617407542749788e+02
4.777393792943259427e+02,1.477486677745594761e+03
-1.256246881857486869e+03,4.456650835824008539e+01
6.364373038080804008e+02,1.740608658440863110e+03
-1.431118128777312677e+03,-3.378300180582255621e+02
1.174824372410825390e+03,-4.596445004579501870e+02
2.847111605834271018e+02,-1.492501792063415678e+03
-6.424241553827215512e+02,-1.146928352389182237e+03
-1.060320136346965683e+02,-3.911134763239779772e+02
8.413867573440242040e+02,-1.552568763596799727e+03
-3.781266264510661586e+02,1.485744711485636799e+03
-3.975871858233253988e+02,-1.385168680180124284e+03
4.461728894018578444e+02,-1.131507262262178301e+03
-9.987142305566986806e+02,4.808316345559559295e+02
-1.051218629301145882e+02,-1.420305768402804460e+03
-1.978940157324153972e+02,1.308562823853670352e+03
7.418530063518699080e+01,-1.528374408626408922e+03
-9.535312652704310494e+02,8.368349888018806837e+01
9.159538863402151492e+02,-1.759091256847732723e+02
5.019029524078910640e+02,4.559802502734967220e+02
-1.024531667622873329e+03,7.790193844731286390e+02
-9.614218343416578136e+02,2.853436342592646042e+02
8.842298498899615424e+02,-3.122020855685112224e+02
-1.134214359210031034e+03,-9.057829307281394904e+02
1.189968239058840027e+03,1.802812801171981789e+02
-5.876082693747945314e+02,1.842335640130111415e+03
-1.093766555631414121e+03,-2.486097597017547116e+02
8.709359432647388530e+02,-5.453911741659329948e+01
-1.258214780841854690e+03,-6.059426271391487262e+02
-1.187040936736882912e+02,4.800564649299455482e+02
-9.580142752239487436e+02,1.972427731604807150e+03
3.223996142645704026e+02,-1.318114290963004350e+03
6.175572680254664419e+02,-3.258765692092678137e+02
4.114536259583087485e+02,-6.190123124927705476e+02
-1.271086223381164928e+03,-2.762182124010097368e+02
-5.351153491131766486e+02,-1.612287395112400873e+03
-1.362821146211203313e+03,-7.131615355327112411e+02
1.128879998277847790e+03,-2.380848962206986528e+02
-1.114181999672285315e+02,-2.951878743970776213e+02
1.056343423507294119e+03,-5.931105433574552421e+01
4.398167989463790377e+02,3.103617091239181605e+02
-1.415505260281355959e+03,-1.105332681609214518e+02
4.934880644944045684e+02,5.645950478374679733e+02
1.234886073868191261e+03,-1.836668574206401274e+02
-1.362721115433080058e+03,-3.367288644128793749e+02
-3.178036374634734216e+02,-2.023705345649434548e+02
-8.296552712009312245e+02,-1.467914869665978358e+03
1.239270523065838006e+03,-1.038933398266852464e+03
-1.624571855816597292e+02,-3.605252372205624170e+02
-5.275384011660236183e+02,1.062846616299942525e+03
-9.794625895419926565e+02,2.192306004360014526e+01
8.073951280622029572e+02,-1.490112871758547044e+03
-8.429657057196932612e+01,-2.206908829024889371e+02
1.208719176816770414e+03,-1.173953724858267151e+03
-9.555801087554594915e+02,3.834438314399991441e+02
-2.274936446647572268e+02,7.713610399412995093e+02
1.220172830495836706e+03,-2.319184783341636091e+02
-4.987960647088435735e+02,-2.421196251834232669e+02
-4.923419120917167220e+02,-8.900172319580425437e+02
1.200718685786634296e+03,-5.979587324721164805e+02
-3.221628659729331190e+01,1.075617261299037636e+03
4.052630498356924704e+02,3.210428438055502056e+02
-1.396504291676467574e+03,-3.853035379866492462e+02
5.568745256326798199e+02,-8.110797294969078166e+02
4.747934840887935479e+02,-1.622255766108304897e+03
9.776613378569819588e+02,-1.349965754297504191e+03
9.532015239901044197e+02,-1.240204779183678511e+03
-7.788783949782089167e+02,-8.253049006085221890e+02
-9.653909446016026550e+02,1.560655724741144923e+03
-3.881128495370437008e+02,-3.974086061816182109e+02
-4.231235890927122796e+02,-1.083524725223078804e+03
8.154792014215372546e+02,-1.450567286606904645e+03
-8.301107121077263855e+02,-8.861041136925338151e+02
-3.258066923994921922e+02,7.059770399100518716e+02
-1.488902189539844017e+02,-7.711779286184963667e+02
-4.755549491680935716e+02,4.829420222573804722e+02
8.533561525297772050e+02,6.196840008322075164e+02
5.557087791487792856e+02,-1.427663848644663858e+03
-1.178754475519941252e+03,-2.055810164555155097e+02
9.192586828890600827e+02,1.602144909047720148e+03
-1.243398589572670744e+03,-7.094495343676238690e+02
8.570995629505358693e+02,-1.585113151936739314e+03
7.396375575517508594e+01,1.427106521143070495e+03
8.360426722195796856e+02,1.189651826506263660e+03
1.054720417951763920e+03,-3.584756880832617867e+02
-1.235085643128955326e+03,-3.316436032901026465e+02
-6.260194266349377585e+02,-1.180920920571536726e+03
9.682038212262119714e+02,7.301936388486348051e+02
1.203927817202886672e+03,-4.127110278072366327e+02
8.111625754799463266e+02,-1.662477421044891116e+03
1.102330973911816727e+03,6.275107493438333961e+01
6.512157955334262169e+02,1.610079648225749906e+03
-5.201259722906452225e+02,8.048068371596357338e+02
9.105004326167434101e+02,-9.864992333976824739e+02
-6.504814599048282844e+02,-1.596036435884839420e+03
8.742724121348849167e+02,1.527451633925528313e+03
-1.903633784071153059e+02,1.513609667916804256e+03
-4.837151978492442481e+02,-3.389834448633558281e+02
3.828191682635748521e+02,-1.210325675137842723e+02
1.070294619604861282e+03,-5.285388037964224850e+02
-1.029675853419031682e+03,-7.100180800732791795e+02
-1.937325929339650372e+02,-1.418488175529432056e+03
-9.673134777945522274e+02,-1.460614949515092121e+03
7.963074111242793833e+02,-1.146772340804143823e+03
5.237139584218609798e+02,8.625165252307149331e+02
9.740397303151288497e+02,-1.301298164680179980e+03
9.836024149190041044e+02,-1.154014644530804844e+03
-2.258853447942979074e+02,-3.197614788224951212e+02
6.546416718443019818e+02,-1.183514850158911713e+03
-9.962557225086719654e+02,-1.304565623772536128e+03
-1.440391124101092828e+03,-2.745484113229026661e+02
1.571533894897383163e+02,-7.962088776107443664e+02
-4.359935144748497464e+02,-1.555427457732505445e+02
-1.131702710119421340e+02,1.365198881871806634e+03
-5.074972746064033231e+02,-1.330907978250189444e+03
-1.074712954273360452e+02,1.410455996660433584e+03
7.229793752965755402e+02,1.330151811076291324e+03
-9.343420464647643939e+02,8.017214568006991158e+02
4.722860034097897710e+02,-1.186783455074987046e+02
-1.251921826834306785e+03,-1.648760593749013026e+02
-1.341665964302374505e+03,-9.114673911992360900e+01
1.282819452549297239e+03,6.545817284162252747e+01
5.990514667720254920e+02,-1.747146529860754981e+03
-1.246897998933302176e+02,1.615787618411255607e+03
-1.190429578032267273e+03,-2.368619505730510184e+02
-4.215355995757863070e+02,5.408887215938964346e+02
-1.551559237308347008e+02,-8.123306210685700535e+02
1.859993612829815675e+02,-1.746702142078559973e+03
-7.473785283523948237e+02,-3.506094634219977593e+02
-1.673992012898002031e+02,-4.109772273026824223e+02
-1.183274952857982953e+03,-5.659700345007439637e+02
9.910452452659702658e+02,-8.835397984977458918e+02
1.007212567660992818e+03,-1.118176591105060879e+03
1.243307179033010016e+03,-3.576248277720245596e+02
1.109761438533256523e+03,-7.947347750097285370e+02
-7.388577141801675907e+01,1.671408923437810017e+03
-9.642217329462370117e+02,-1.285636814145057770e+03
-2.756739154772870393e+02,-9.058189335150607349e+02
1.130929269341285817e+03,-9.883243504588136830e+02
5.213355738061855504e+01,-3.167864023869785228e+02
4.641341854144039871e+02,-4.017116846921248339e+02
-8.694688633749253768e+02,-6.838045377301611438e+01
-8.691693506419480855e+02,1.544713891777767458e+03
